puuid,tier,division,leaguePoints,wins,losses,veteran,inactive,freshBlood,hotStreak
QA65VWFdS5iMfpGXI6T0gNW3AxiSQ8QEm5OBbeBsQcY0TCU-Bxi__ez0foHd-ud5dotroNJx3z8HGQ,IRON,I,48,5,11,False,False,False,False
hBFT9EpPXBhl1Qj07i3bJbtDfFllu4Byw35nAOywFqUeXUFl6UWjfgtLri7iOhfADkyGICgno8JpIw,IRON,I,64,2,6,False,False,False,False
XEis1tvNHfTh89h9Q-PZfH0dJVI_8x38iFkkFOYUVAgG18vPuGmwPISZVQkIdPdksh4ZVsDHoLB8Hg,IRON,I,27,1,5,False,False,False,False
yUtMnWL8fGTuLeGzU2BlhX4pxAOKpB-v7oILsWsp6pZu9CZxunaSzpBT1fTkOy67XfwEljfLDx1E9g,IRON,I,76,4,3,False,False,False,False
EKEoxTJgZtCq2uDTeG1cQTQPr0q0FTjNdP0p_9fI8nQnd0iRB4TM6TqyuSjcYErh-CbYkkL8e3s-1A,IRON,I,10,1,5,False,False,True,False
WkwNwr9xItTyIJtr05c5mx-vvvdFgWvnq5z4ZCUBmSNmLFuqy41Cmom1i-8-RzQFz9SO_fcNAdukSA,IRON,I,38,1,6,False,False,False,False
Y5mqthCAGVYB9ADtQb3IlPxYC_j5PXG2TPNbgzIDQo3gSlpKZBvnewRGwU9KGOSIPa39UbJJpYxSPw,IRON,I,23,2,10,False,False,False,False
x1g_532Z2nPsiBHH3VxSqmbdfPBdOzEs9jhbArAGtMlAR-Kskom4VOqXpzBJCOnZk-vAB8UX2oimdA,IRON,I,54,76,86,False,False,True,False
zeUDXY4V33d3ElUaqAuGWzdcPwNA8I-Zma1U8afANFksqjkiAc_pM_MnYxX8KdQdjUzuBoOAVBSUgw,IRON,I,50,1,5,False,False,False,False
ttI_Ya3rriLXPE7Ylz-ZREeSf8bHolO8Uu9-kz8SqiySyEoNKVyCw0xulUd4TG_P7OBHPSzYZrAjpw,IRON,I,37,26,36,False,False,False,False
GGkQfJsfQWDl9H28a9ZgS7YH8ZR40jko0YLg-eolys9X2R2znXwbajkGV42wCNa51YzR9lkiSu7dAg,IRON,I,59,90,106,False,False,False,False
Pmno6cWX58XlzW9wRFbm2QgW-IZz2fqyTEQb0QuTKrHtrYiPOd4kYkLtQCBnnsGKd19LSgGQ23UHjQ,IRON,I,37,4,9,False,False,False,False
4MGzfVP83STkYruDXtMci7TNT2B1FAZP3jTUpj73SC-Osg10FVhPZxrdDvb1M1zzxV253d84t_1OhQ,IRON,I,2,103,118,False,False,False,False
toRH_4Zasnl_GH2OpV1NiD7o8ltlX-j2k1rkCDrq2-ruhYnE4COtUMvIIMHg_VUDZlSLQ-8hTDImnQ,IRON,I,33,136,170,False,False,False,False
dxkdSrg94LYBbLqo5z9EuwL_aGdiJ6DkZ9URE089XrPoM-hJvWmiNzEiA9sb9v_JunXEAhZgdqdyRA,IRON,I,68,2,5,False,False,False,False
BwQQET-LQv8j0dUzfUT0_m77mi6_vVWcWjAsEfPmbV1a0NPy6-fwTmcZt6GWL50VFUYA325RsIYrNg,IRON,I,33,59,83,False,False,False,False
WARfc6inCrb8ZYGRgbQXm9QvDN5oqqW3-R5nh2etRyoWvEz4WMqaMHu7yGppq3GkKyamZiA_ELeV_Q,IRON,I,35,1,7,False,False,False,False
HLo3EWpZ_csWYNiVsnpRDzZ72jRkF3Wh98K8glZarIgU444vNzDQ_6xF_t31Ihjh4uyclG789h5UNA,IRON,I,58,1,4,False,False,False,False
0MkeEUvU5of4PDzS4DbU_KWcqDOOo-ppwHmzv6nX0-LiHgDKZjvVhDYq9tMQRj7NUlcvGgL3GvFUhg,IRON,I,39,42,61,False,False,True,False
ON589_ZbbG4b5i3e4GndQZuN9U3GzlDMQpNeom1ovE7s0Fs6zKblwbrpMFWOni-ETk7gvEvhvnzfbg,IRON,I,88,90,101,False,False,False,False
9zWkI3Mgb62ie4vcn-03aW3pMjVEZmbxV86v6BhM0ZocDzGs2JNkWPYII45Q2hd71oM8S3w92kiZ8g,IRON,I,45,24,32,False,False,False,False
3J9d4cNeu4xuM05ux2DLCYFjr-9EWmeiriet1oMEeuSonrxsCP8kunYwQXO_u6cHdir0Re6e4VcOyg,IRON,I,65,2,7,False,False,False,False
UGVWH-0S2_LNTQMBpDRrqLdZFH-40Oi9SUnY2NzecpefjCK9vpnAUo17ba7AiSUeU_kGh2RT2sVxiA,IRON,I,45,1,5,False,False,False,False
y7Qf7W_5-DixVDqwmwni_sN05TiEVluwfVXThrA6i7MsB6eFyS6_B3f2VfTmkZXf-DM92qizTvkJuQ,IRON,I,62,7,12,False,False,False,False
SbunvOTmPE5QQpQmPK1X6YUWPL7wSR09JFGNDpDfUwVxf9IxNgbZvCczc9ZTtgcEvISBKCMqOxuMtQ,IRON,I,68,13,15,False,False,False,False
r0i-0Um15qWVsw-1GvjtQHi-71MLKHOjIBnpiUTFH8PnLP4nsorX_GVATeOnTYw3O-ekzE6pnTA32Q,IRON,I,17,50,71,False,False,False,False
ijgZ_MtBc7QD_MLTvzTe4PwxBKbnfUgmcd17wNd_DPWDsei0g7Cs7yaikrrSIDk3RyQ4MXKsirUivg,IRON,I,73,3,6,False,False,False,False
yXXVbSKcD6O1xBqMuSEzndYJysAR3JJ2n5W_zOhTSwQh8ODn4UdlcA-7-oQIwsMofHdCoyiZFSCz2A,IRON,I,41,19,21,False,False,False,False
8Hr1r7oNB_95jTHT44SOVVYwIpwEETE1Uup7GhPf5atefQ8e6eXz73VcI6v0WAmm2WqcdX2ByAw4og,IRON,I,19,3,12,False,False,False,False
adS2wPEvnaWaVeb1FHW0mn2xCKdrxNQly139g8K3z-DUs_Lf3ghWgjQo_-5XA-CR6bOW51k6MaiN8A,IRON,I,28,51,78,False,False,False,False
c5TpEpsg0j-lRax1h5W5LLcupWSedNHP-AYSmro0crq1yD8RQXb7QzByk5o_guoAOTULSBNWDkPYQQ,IRON,I,46,68,90,False,False,True,False
Y3qFcIBZFiq-X7Gw_sCQkYyZW8wAlRPb3-tzYpSPeS3UiGgasqGjsJg9Odhtk4QwTrxbF41lZ_sugA,IRON,I,84,3,2,False,False,False,False
o8w60CUgssiv6uetrA_h06z6hQgUKZ0cX21ZLXdzNWQw8f_eApCnXZlxamVxENhFtEMKfGaY_eZIUg,IRON,I,34,1,4,False,False,False,False
Hwq6V-8D_7xQuUKizU0i0fsEmH6dbq1gmlAo0q_kyAsO7PBtPI8k3fwiLYiG_zy7bq6wJMxzPOpJJw,IRON,I,60,1,4,False,False,False,False
DaChdEG6KMq2zEbnZLaUO6C6aZMK4AmwcIUO42jI7Ynu9jsUeiRWQYrUXScIdA_EjO3HsKSKT910TQ,IRON,I,59,37,42,False,False,False,False
nC_HZD8reYzB4_qFsmqBaZ-2y3vXif4crAqwZYBcn_aqQmZBjaRyG7GLHO2fTVeiA09xVnPHjDdh9A,IRON,I,59,4,11,False,False,False,False
BE9VlEMn0v_yUdhd30BoMkL07Stc_uF_YZ01j1rRNv8PT9U0xJ0NG1LkxTXKbIx3xy5fB5nvBJI5wA,IRON,I,15,291,315,False,False,False,False
kmL4ICbzOHOYekJl30lv3d2RPjQotFUH5DicE37CO5I15Xu_suHlnJcimOp7elj4AV_iaezVAhYblw,IRON,I,78,13,17,False,False,False,False
RPUU1nP3RkTiwUxA8RPRVwfI47GEiU-JCMh31NnvJv66DHTNhmfhf0Gopfxilm_LJn7-g5iRS15sSQ,IRON,I,45,284,310,False,False,False,False
SQ4SMXXizI2bP9XiX45oaij8gFUib2wPLCi9FdW650318uzlF85fkzC0vhyKuwGy-Vf2tuuPnv9waQ,IRON,I,14,30,45,False,False,False,False
Wyi5PW0MYExFo-pbOqmrVOEaih4c8QR-lFi53tiQDUYg48WUbHgxnUSZ5E6aYyCbp6K2gbIDQDnXKQ,IRON,I,60,20,10,False,False,False,False
58z_O5oQdxmCgHJML9a5kYfQSmyt-zBrLucOVtlWYEtXY2F9Y7j4ZuTb_alYvZEjHKMfB020Eeqx8A,IRON,I,0,0,6,False,False,False,False
756ydhsHxvkfNwGPDGeZSIsAEzXYGyCanQBO9G9aDqloT4hKsJCExzWW2tUWs2tLS8KRAqOHZlcjZw,IRON,I,25,37,46,False,False,False,False
AIFSTmJGcY8TL-VZ7rp41enKMpdllglk8WNXp5J0UV8koANTZ5Wi2BBzzkl39c2doPSv6qFzu5D-ig,IRON,I,46,11,3,False,False,False,False
zCdDUvMxO_lOce1T5vSKqForHkhppnB9RSi5WelR0uXAUEcOhxr52Iab1DJPqm4TmjZGntnw2FOy0g,IRON,I,55,1,5,False,False,False,False
22KQziPfJP3A-NUJFvAfoBS30lpi0yad2KhrPcsZRdBgM1OSxjgXhyvIU8vD1in5Xkqv-sMb1mcCBw,IRON,I,57,2,7,False,False,False,False
YZDmfEE5bmEey_YgC1X3LplYrnO4u3fHFRNq9Cap38CxZ7uD5fLui5pLZpryKuNqa-wymrs_kXhOfA,IRON,I,81,3,5,False,False,False,False
F5HkHxnSIbEMZcxTmPoe9Hl_-DihYF5MIadP6RpYRAdHtwMOQwuRGryleHQugVdxeQ-6OUdMKP8ovQ,IRON,I,35,36,46,False,False,False,False
VcKBoxdiDacky7zw7OXucS3Qanz8nOYqDXCGpn84uzz3QLTftJDYeE11BUzaTtuapIjdVsNASIVa8A,IRON,I,50,14,6,False,False,False,True
dG9QKwLyotEmRv94oyI7ZRP96A-NVOSzeO4T8kYKRNPkSCv8CVl1Z738czy2cKWSVb4fCjZgaz9scQ,IRON,I,16,75,106,False,False,False,False
kWoM-8pTYj_bkBOrwl2Ic9i_zOJ46vwa5On4DtmIsCoJCW7-k-q7jjJO2KGSjeIUuLpXIMKhkK6uCQ,IRON,I,78,29,46,False,False,False,False
pI8QIFhRcTPMDw0M6h4TxXxALmWNyhLNpFonK6Ai9qiy-TkXr9V_PvVbq3BhokIgTagTqo8f742tpg,IRON,I,5,129,162,False,False,False,False
a-ODmesWCrPSfDj0Yv6K0FZVxtE7PBKIWEUGnJJIateXyqMsldSOkRxra9PkdGJoxhvAIPBXo8oYRQ,IRON,I,33,6,12,False,False,False,False
Igu2k308oU1ZCKXRSO7sD2-owIwegzdSP9xZA84vWRHbgenMrxsi7JilJQQPiuGBJg3kxrIYKRLZSQ,IRON,I,25,152,172,False,False,True,False
qdrs6VEDDeOkIvWhgWJvoay-95arxfqJfy7mz9ej3jVif1kGh0rk_BB3WcDPeUJx12PoFZHqgFMayQ,IRON,I,69,2,5,False,False,False,False
kFi4VOv1KBT8vDBcF7bmAZES3wq_kR4ml8o9PDxNnKFNOkMfDT-2fj1VK7dKjSt3KBlcQshCqml-xw,IRON,I,47,11,18,False,False,False,False
ebYk_3LcNH_5oFxTRH5E3eCvfPlnprP-8gr-L_9HElErX6Ccb6hzOwRFcJ6SAVOrQ-p385dWJmQ56A,IRON,I,77,2,4,False,False,False,False
jPb-PCINi24MxdmRS1O4mDOqxd9lQLV4hql9GELYiwIPoh1lWkVcpi5qMuRFOapvSI1xVi5wLuwAEQ,IRON,I,34,1,5,False,False,False,False
PkTdxJ91F1WwqtK4kETDrheR0j_ZYRoROSQLUjUrulxFCv2YMhl0pPFlrJ3WxzPZsUroNSiZ8VA_EA,IRON,I,41,31,35,False,False,False,False
59ltcfUUgAfKkMXZuwh9qsgGCvoiaaasj-NuB1C2YHdKPq1CXwULo9qL-6C0_nzKnAufjY1TFGsEKA,IRON,I,97,3,5,False,False,False,False
V0rpMVHABvpdNIWc3O8W3U-E14jVOCkFFGAkvwLqWdibzdX-a3MzR9bXsnEWZucF5O4dgan4Mmq9jw,IRON,I,1,8,10,False,False,False,False
9bd97is1GbHUqjCTGYo9OHBOzhZA0eS9smqBPFEyZIHCoa-QJlh874mTpnv79jx71VJkrzrnwvkEQA,IRON,I,48,1,4,False,False,False,False
uBOS8dusAsQVHLWT6KcqT8a9vvavR_DkLsxWJWGkb30293hu35YcJdImmcSTro_RZXxAs3o5w_MV1A,IRON,I,19,2,7,False,False,False,False
3NZ_x6_HGKRVaTxcno0XPsWleLOaiEkDMANrcrZG0tXxCYHRpCa2-j0YS_52GEBCe7vCPxvXJAxpOA,IRON,I,23,1,7,False,False,False,False
5zu7FkwH0WQ0nNhEfrcd6uE2rMuj-yJQULrxKHGr6JYvNNwiDCrscXwB7J4TRNJIk_p743O8rXFjQg,IRON,I,81,2,4,False,False,False,False
ptfiep8vi2yktFdkKbZbWbxjmU3Fyq3lKt7GqfG7dPyHc3oxd-CovSLQDYxsAM3LsFr6i2Uumy66YQ,IRON,I,48,21,29,False,False,False,False
-7xiW43Z57tXO1HG-Rim5hU80ko8z7XMzGcoE-360oZj7n-x8C_EVPy89cVzWCLX9Mkyq1BmBshGtQ,IRON,I,20,140,164,False,False,False,False
K4pmixHUm-713sd3g6wYQqWeeXmg3EWZzTATtSLNafoJADdQNLtUNjTNDnjq3Y94DKp8W7IY7FiHGA,IRON,I,60,1,4,False,False,False,False
YX_AxwYICuhlnPfNLvoggijlzwHG66T8T8vWbs7E6Ka7QbHFi-3ZOFbJ4x6J8mPO4OUhnXw8e11eBQ,IRON,I,67,31,41,False,False,False,False
lA4vvHEjMCmvv46dnrt8zHD2X5Cl9xItmKVONdqbFMJaccnnVdMipKtO3K2DiWAM2JEGtDCdxwLCMw,IRON,I,17,8,8,False,False,False,False
cccmYI2QJjXXqOr942Mc59r3-Sp41OpQVnO9xue9LFXCK9fadgWfKzX46UFevN4d-QcJTKiz--0eVA,IRON,I,6,25,36,False,False,False,False
KiOM6ERHGBS45-VyYuWLbqp4F9LVff-kiqe_kwb16fcQmPSZ9AUQxnAnmirrDaq9YN2mrqB6EKzmDA,IRON,I,63,2,6,False,False,False,False
oIa9BH9eg51h315YtWHY22RQxDyw8Q0gxxQ1hu-5JYPkfH2FLRE5Z7gPIS_lfit1PveRDLZHDwEeXw,IRON,I,45,93,112,False,False,False,False
3nNNiT37ESX4UEMdIfe4EyxpjtbPm32KAvLJXJkMhII00Fjgy8dWy0Il471cOoSj54cscJbheRmPnQ,IRON,I,45,1,5,False,False,False,False
GaD_wEXfbWzDtcfm-N9qSpp568_n8HGYiS5MNuNif_5QtFENJBH1p4eFj8c7kNfzA95rp7567hkqaw,IRON,I,35,1,6,False,False,False,False
5e2nf7DAT5uBOcjp9s5EWuSGLC1ZzwRXfRgFbkWl4OGFQ1odh0cD-wmlv54Ds-5i7teutdsTPWmbKg,IRON,I,66,2,5,False,False,False,False
XJnnW_GwNkTEHFFftr0iS8_eVQdCN-djggGJiW86QPM5iX2kDYPYQzvSYr73DbIi_5UmIXQKIh9kZg,IRON,I,21,3,6,False,False,False,False
4e7v04SZy4P6SG3c87MB6jqCp19yBs9nbmE-dJOXBdv0novcWc-_Qlhyhdx4Tz1nATTtwZ_WyFrt_g,IRON,I,26,3,5,False,False,False,False
QhevElW1TSf9zKsg0J5jW3VENCQq6p_o2l0AUBW4R9jKSkF6yC8_Z-9lxqyWaaOK70zdNOIfc_smzA,IRON,I,99,4,2,False,False,False,False
vQtMua5nPrOHRZEhcXTF7--_Y_IZD2G6uzN9Ea-ki6-jd0-SFxpc3x8d9t9XVIvE7pJp2UbY8jpRTg,IRON,I,77,4,9,False,False,False,False
R-KY9jyT9_hjz3ueDaXwjilRnIeNUmanPivK5VLEeShjRYDry0L9jT-KEYQTVYz7rUuS1VE68VHQkg,IRON,I,7,38,56,False,False,False,False
Dkryz_C_aPTovugVf_VXcDs6Rf0SSE5lBd25X7fgWpT-RUX5v5sMIJhPxl_yApUMZn2DOnDiJa_zyA,IRON,I,61,2,3,False,False,False,False
OkA-tt5FMseSI86dHWjlVSODuBwf7VKTigie_yGZiRGDkIo48oTClyAEycor8JlUkFFc2SPp81jbqw,IRON,I,50,69,87,False,False,False,False
60D4CN_8GYZN_3tBq_Zix0HJVgJshpFZOounU3wcPsUud6u04Mmh3gZEx5aGtUgbOiaao23XXIAO1w,IRON,I,91,3,5,False,False,False,False
-N8X3AKbZYZxNBiT3jb8E_IzbFBqa82EGvdqJeFRcTaSfald55JsIxMzp2o6syNEyHVqMC5otukz7w,IRON,I,65,146,160,False,False,False,False
Azi9cgeLOoz5piyUxRDqhdoNmGWh4zty4cvD-Rc0_7Jamxpu5qBfW-OXmIICuLNTgTRnu4a2F_wayQ,IRON,I,78,8,11,False,False,False,False
qammJCk599R2yLI9Gh9MLMSREbYDe3CVLebNXyj6l7DHVRGDBGn2ZfMnwrDCH4u4aVRIJ-YUF-zPgQ,IRON,I,3,81,105,False,False,False,False
2cRi7PDlAUhvn3RHXpRXcwK6TdgIVAyaL8IYK_wx2HfXyqqkkKxcBtqVPPsWr-LyRk8CJxEKcj89Hw,IRON,I,63,29,39,False,False,False,False
osMLwqAlyAnDe_gKSKFOHrK_lJDsQxdgLQHa4rXRTkifiEgto-Vg-2Hw2MVXkdtZRPFLGnYbB9BTZg,IRON,I,68,2,6,False,False,False,False
yaJzk4qRkEF51um-LWWcWpVOCIC7vWV3wiyZJRlK0xF-6eNI7wMvHeltj_R1J3KuLiTycQQy66JMzA,IRON,I,82,7,11,False,False,False,False
ZxUSgbzftlveXRl6kYb7TeI57Vmw5DnQYJFG94YE-Aw8G5GBKeAxEAZNhpDDdRa_3nl-oPFIbDQoxA,IRON,I,28,27,37,False,False,True,False
IZwNHv07pG5bIZfUMKkGazZawaZiBRlq9PmqXPkCfwiE5StXng1OrLd9ZAzBpV10mKRNm6btM6pSdA,IRON,I,14,8,11,False,False,False,False
SvV-BDr5okRsAYYS7fwP9cdVTHUfAuGVI31-yXcGfVP8oyTAMOarCPO9a9d0K9M27bV3k0KsQSSoxA,IRON,I,5,7,9,False,False,False,False
qi_3n4e9185n6E2M_cliKQoB8vYTI0dipoM2r8PC0PeuHmQCHQKfGEPAgB9eIj0pdh1d6xXphr2cTw,IRON,I,60,1,4,False,False,False,False
C73-hgizlhnmJU6T81LMw8qjE0weCM4YUZ9K2VH4XJzNnQhVXbcAEY3k1lyDtNQX6UCe0vWYbccHxw,IRON,I,26,1,5,False,False,False,False
Brqukr3zU3JUOK4FZuCsJFzDZI6klcqnjXdweaSWngD19G8dzQnJVzQf0mYOahQTZgC3Z4q3mhPgCQ,IRON,I,44,1,5,False,False,False,False
6dAm0E9bP3GMl2JzwULACOzZbRjAm6jV4-cBDZTcUQ6KmNqNW0Ayuo4Bl-1A_EnoUyKo-yc5IyRPJw,IRON,I,61,6,5,False,False,False,False
HyzyroVKK3by0BhcPosuSQTQLUFvyLdw4W6RHsTRzt26HYxGT5hkobCMFl7u9ux97Z8gBSC6TQEWig,IRON,I,89,2,4,False,False,False,False
QgFflJ8mgagIgZxDDugernSVERecIuqhD2PfHq74ic2DAehzClEe6LyjIU8iSNk6FkCc7jrmOWXRhQ,IRON,I,36,2,4,False,False,False,False
Hpm5kuME6pK-_3sbe-Wao4L9OhFScE7LAD2KP2oi3u3LngI2gN_J2cINoPDG38HRzckCTX0DKx05jw,IRON,I,13,31,43,False,False,False,False
u_bSicMAaeuO182YoKmYcOWJX8iEbwtVWd-VEW7GkJAhGMH3cVKjZfQkGEohd97xu7EFVbBRvUudYQ,IRON,I,1,84,112,False,False,False,False
B46TftU6Oa0Q1UbzsYZD_0r1thGcIEGon2N2iPIpCogKmed7Ot6EmiiMgFHJ796rOn7f1HbkrvfTaQ,IRON,I,46,73,88,False,False,False,False
747tur1WwR7K4ncaMjfzDnjlrEHf_-YptM33o4Nix3pngBmWCWw1P1kMtDu0lgWPYISBppatLlI1cA,IRON,I,85,2,4,False,False,False,False
HpLpSlLAeiY5eB9VGb1GJbkwxCgxIqf1SGsey4cjlZdDkWkeYTtzMlgda4m8ANIHrnh0qr0Shk8zbg,IRON,I,76,3,3,False,False,False,False
Q_zbAiuEk7tM9gjUxXZHCJcX0i4-bJFem61Al0Y-DdDBMmsvApOhbV2Jy6zqB66kcIiV8qX28awr4g,IRON,I,93,5,3,False,False,False,False
MTKzN-3JYnFDkSXUj4_UbcE-xhUber5Nbt9LpkjvzF9bzDOrfawWs-MrcR2bTUsaCHbhztoV15N65g,IRON,I,50,113,149,False,False,False,False
X6GfXzyqowJGqK8SUE5tHXl0CNNpCqDm9Yri4Oi5JbxFrOsw69PEll8UPjVVJw6I9FzqAQRKP-6umg,IRON,I,20,8,20,False,False,False,False
RvgX80THh-B-X-yduoFwLSHlmchSdg-tAT04ZfllNeUVUud1ml5WlNAlqY3mB1nHCX7kDFgooA4yeQ,IRON,I,55,25,45,False,False,True,False
s3XyZQCQovwqVoSmlVBWMJTQm5S24ZtapTYVH9x56hvnhqJ6UOF_ZcW1SA9SjzshFP_wxEqnw4AYSw,IRON,I,25,8,19,False,False,False,False
hamGuu-5g7NKIjzVmrtg8akRpTyfw6d9Y-FogjNPUEs8LDw-OCXO7-lQ1oJ0viV7oIwDWcOLFPSM8w,IRON,I,99,4,6,False,False,False,False
BmYgPzUw24q1AdqnX7x1DKOiQSDxscgeZET-6f91I9WupW1EPjaSJ0bBtGjWKZ4B-JUDEBB0Oli6kg,IRON,I,47,31,50,False,False,False,False
FUuah7xg-x4B5_vbatxwcgx8K6mCNyy4wjdKcnAE_6mFRtDGlEjOsf_wEHJNd6vZJ9VWyt6eXifAEg,IRON,I,23,16,19,False,False,False,False
Tnu0k8w9hSxomDmXg-N91zBOD3peY4NGXa4VQ9Q8yuyTW4rdjpY4UQW-guuSr5XgQRuRwk3YW5IpgQ,IRON,I,25,71,94,False,False,False,False
FVw41nb7hPxwPbpxYWp00AIrodAGx6SC_9vTbnR08rpA7eBBoZ0e7oVTqvlD1An6_yK_pYu_-RXyAA,IRON,I,68,73,97,False,False,False,False
JtwxTzc-mANAZHr7UDRSSUSZFQr8fU6s4RDohCD9BTkMIZrU0oORVmYNPDMh_rZuNVgvLLe2OCUSXA,IRON,I,70,2,6,False,False,False,False
OT8ZC_1EgDBIvKqJOcbd7BgMv_ZJrzf4OTjwTQLFZVvcuWD3vUYBWf4uoEDhtXpPMxvwo6IZxwl3Wg,IRON,I,42,85,114,False,False,False,False
Sw6iGwMn8vMzGGQRSW4UlnNzQ0Znl9oyd1GplAjY3xoFeYfRZnmmMs_Fi60Kv5JQ-AOPwke05gscaA,IRON,I,65,12,17,False,False,False,False
xcWWaFjmdZMJp1xYbVWH31SnTCJGVFfvB1t4RxnaAQgCHDDVChhUP36Mvpg1XdEe0FsnXC87l01P3g,IRON,I,29,1,5,False,False,False,False
KQ5tvataleu2TYKHGyEBoQOfE_f05oDqODpw6XNCl47bWSJqkES6EJ9vBWgLJiy5jodzzpk9UAmMOA,IRON,I,27,41,65,False,False,False,False
02wcv8gH7ZjToagpZp56wXGgQufATJqsSmVETWn8DTrWbJ_EeXXGQQPg-Wd93sptBjfJg10g-3G2Ww,IRON,I,40,14,20,False,False,False,True
T-R2BKAkDlURNyPLlC0EqOjSYdAnTQXd5ACj5AS8QC10BMxKoHWpGJsafaGPW2i4pwDl-mju7ojTqQ,IRON,I,25,3,10,False,False,False,False
WZe8OwGG3EpK473Y0ilVsyNEhr-pKXM1YbD621yxrPT5Hy4T82WcILcaiervsfEV5-V9DV0tnAuj1w,IRON,I,21,63,88,False,False,False,False
NfVEL_VKNe_Yj7_rI7ZibhyZwcOUT6PUyMeNhxb-xhY4usgYJJsI8dWdoa0a1ozDsJp_CAEgqTpxnQ,IRON,I,32,5,6,False,False,False,False
6dG9EnXaDDbDSAk0Y3jOmaaunlL3bvo0GChYgyFFtyY7t2L237t3bzCAQPamW74gy-CQtfSSiZOOvQ,IRON,I,4,25,33,False,False,False,False
tTZve_dPdpeds-ZdcXs9r8dTduXM-K7dEKapQGzODF6Q-PjdsuyWofX1AQd8ts8G5SPweW0t1fPPiA,IRON,I,10,1,5,False,False,False,False
hIMBdeMkcoRQ_Ay3SYYhP-ytk3_XXEfIzq5lAJAl8dhMUBaTbxDW3aSSnXMBJ3QX07_n4agFs0xXVg,IRON,I,56,1,4,False,False,False,False
pCQyBZDLSrgJpIlYlq67E3rs1PG9FqruNcvEHO0obrwl0IwxYD4rTcVQPIk5Wij7oObCjcvRLkOJUA,IRON,I,78,2,5,False,False,False,False
SM-VazSPwm2dNNL9x8wPBiZtBiHo71JUsX55o-Qs-m-NuoOXds3QY0Xe0_9x9o8ajBS88vcCylxApQ,IRON,I,33,2,8,False,False,False,False
3FSPXyCAkUr0kr5Ib2HtCYVniDJr4QT48neLOXCnhYj8PXeMnlKWZrVj2VFnn7YgzrVkHOTXCcc3Wg,IRON,I,25,51,71,False,False,False,False
2SemPcloIRTyLm5t5gou-LXWmhHuojY-u0BzODz_wRMJGr3ApxDmob4HiZ1DdNdH67hZ1p7ZWDgXIQ,IRON,I,36,2,4,False,False,False,False
RBKYIxeYnuaolgJzOIXs_lMgI_cPjhw0oDR3ABDlqLgOyuGKQ8onRRlgKoB8V9CNRpdrWQtLQTp2UA,IRON,I,99,31,44,False,False,True,False
azyCk7AMcaYWplM63Z8aj1Y6yzz-LxMXTT7dVLw_b3eHEn8h_oAeNSFzCBeRxvz1qcktGTSYDeGegw,IRON,I,60,76,68,False,False,False,False
Rwofgn9W1wXCj2DUR-f1_LyZdcpp1gC9xGFp3UXbqNLOQD9JIdyWHfmTJoNUWmGA2oeaKNWhEt4b9g,IRON,I,0,0,5,False,False,False,False
BDMv1WDlR7FRDQM8I_6rZ4uRy0Bg2t3kmFlHNVEDdCtzlvSXPE3fdytuDfQ_Kraz3TLcrWyWoM7raw,IRON,I,64,11,16,False,False,False,False
_r9MqZJ25f1skewH3JDKXLplFs8AaZMaejXLjp8v6Zl8I6xFZfPUK7D1W2nqVCOxcxi_qVZ9_wHPTA,IRON,I,28,1,5,False,False,False,False
14Dld2Q5be4wQIHHy2qy9zfUlMkPKKndPDebokbhhM9KlLAztmbL_41zBis-PBMcrtbyXWC9xiRk_w,IRON,I,64,162,179,False,False,True,False
EkVasGK80FHKhmvCjn_iXECvES8fvL1E6YTSr0fRF7pYMcrbW1PFRERyzo_qfV9g_qIpXdqni7raGg,IRON,I,7,2,5,False,False,False,False
Dz_CnBwNuKWKrB0CySKdwwxi8wj6OlMhoxBdQM4OJOuq1X1G-wfCoGbeB52GFXUvvco9bSdYTjQrpg,IRON,I,22,182,194,False,False,False,False
7QI6v2sinizNIDCAZtLu6ePAu6mK8JulTnRvota99HtWRwocz9A56TAczn0unP5kU4GPzHNeIt8nbA,IRON,I,55,5,10,False,False,False,False
Ox2kBWc492KlpltWbpSQf9en4WtH0D1gWc-aDlPLU3wQL_1Ab_x6ItBLSFGHAA9p8Z2-tIqWsXeW4g,IRON,I,56,1,4,False,False,False,False
DpDPE5XsKATedzfe4US6S_5JwGmC1lqF85QHO-kfsOUK0PYAhqkZ5AXokHb5du_A0GGnoTPB33cA4Q,IRON,I,60,57,19,False,False,False,False
M8_hQSQDty7tIksKl48pZsjYcRQoc0SjIkuNxzz9tVwE0fs-d9M3Z5mOGqiXeI3xE8qrctsb1SZh_g,IRON,I,32,75,99,False,False,False,False
5bmp_j1fjpQPsSovPA31z95w6GRMXFETuwU-Orqaillx35KaxDYb85Gbxgd6B7jKgfeZ1Uy-gp-fvg,IRON,I,76,2,6,False,False,False,False
1aj3_lNLt3cxErrsZdVi2uf24ORIHSp8icEmupY5YknHjjlK94IHnq7064NDUa_IeKkJDgVmXhtwAQ,IRON,I,80,2,5,False,False,False,False
eAV-uqNoJWir6oYb4RGiWbHLnXq10f-jR1xUdhmagfPZjVLBPx-ScJN1F7E-q69Gabdd1peDTO-wwg,IRON,I,60,21,32,False,False,False,False
Kb3gpxzEtc1Z6itheQQ7k8xgHwZcS5QiJaLVN19QIbVPOvOwpIIHU7qS4O5aTYfWPcdSM5LbypUVug,IRON,I,60,1,4,False,False,False,False
uwrV9uLj3sutQX0JGzM_KIcnHsrzYdmlO9kIrScyLKLdne-xFwVIKLuBUOQ3GRRdg0ZgmFIOXT69pQ,IRON,I,6,63,80,False,False,False,False
u3t31CRid3Vgm6oVyr3KePHJ2FKmfNXPocj18PY4o6p0p1BI4gJkpu-ak_ntajJ4V_56j-6roh9gNw,IRON,I,34,1,4,False,False,False,False
MojT9_JWWEeoZeFCsZpMxu1aAuN-ECzcdihpKKGu0MhjCgPPnf9oAflDCBs-i8D4HzH3hG_Jk6nnSA,IRON,I,45,1,5,False,False,False,False
tiSENL0D70hADhahtV0mQ-6D_0424a7q-Ig898e4P7udQlJt8izkQAvFfJyedooPt2XcdAj5jZdiqg,IRON,I,83,6,10,False,False,False,False
aFlOjiZ4_fykEWU-x8Io9H8HXMi7ADgVCOppBhvrC_L7MJb2c6fYfDgK67Ci8tM0euo2iDNbVbW6XA,IRON,I,80,2,5,False,False,False,False
NBbh7A2Qk8la0CJcvtMSI_idNVo2ep0oFdy4KxtW5BKF8NdGRspvrvDwj1L-AciDWRduGhhZuTfkWQ,IRON,I,97,4,6,False,False,False,False
8wGlR-mhLFb2cq9vNBS1SI0SKlGXzd1NhCGWv6vMX_IB1N0uE6ZfqXoei7sbn82qRSY6IJIxW-ukZA,IRON,I,52,6,11,False,False,False,False
cyoFNuSRzGize1WvQKkFb0_nvjUCaCT06WjiIq-bCnm9cHvDG9FwmNQRxXTZ5ibnVOuohcEKEZG7Zw,IRON,I,58,1,4,False,False,False,False
8D4c5SvdWlUC9zsCBaTULqu49HRcvM5jpEaOLd1bV3yQ84vVIVd5KwiKWT8mlYul8e_EkT1L2DJtdQ,IRON,I,31,2,4,False,False,False,False
lAo2L7h8kwk5bYZP2j4xldb2fvWMLT0x8dCKlmEGG-8SV97rOZ-qMxrffPyzfOWot-LB8KRXmtP2XA,IRON,I,76,3,6,False,False,False,False
08f3miw-bdPIztHlAdmZLgE4XbgFoK1UhfDIwd1AYgTaspDLZlyLcZ-86ASmrKsHFCmlwyvGHpACHg,IRON,I,31,64,74,False,False,False,False
RXUh27HtJWH68kxqvyPXcO1afmH85WiY_NAsmf86xTrT2tjrN5mC-qxuJGrqKvC0LPN7pEg7v26Ycg,IRON,I,65,8,18,False,False,False,False
KDh1aPGXGafSLpL0EjVfTXQ2E5qCi4XfX6kcquNBej3roDO0BZu3HOgco8SEKHZR1JNVJpYKBL-HtA,IRON,I,41,10,20,False,False,False,False
CEedNOsMOWQy_EhB4xEvSzX37lpJtYFq6EVQgFSiqhLIz46SV3o48GTmOWAlLV5rFgNoBeYEc0nqtw,IRON,I,33,135,148,False,False,False,False
MFl1Ow9NG26uLgT_KNjygn52Y1m481aVJCDMp-r7pMTDKmNh4RQ0BocG_U8TMUqg5_DtqvrZeW5atw,IRON,I,69,112,122,False,False,False,False
LMAbVxGs3qB7zixlr9NktY-5jMutTgeJ7QOzlu4E94q9CzQyz91HMHORCT9kQMQe1SRjz9G4r33e9Q,IRON,I,87,54,67,False,False,False,False
CjCkU00ULWfxXAei7G7gfkqUVZEY8FuHxoynsdDNEg5tMUCWJbuBIkoNej86GvdqKafh_De4zBQ07g,IRON,I,60,1,4,False,False,False,False
6CzL7D90AodqavAdnYfx6N1NYlCN3XlDCREpoj-Yc7URT_XA-noZ0Ny66TYLKib7vE7FizJZDruRhw,IRON,I,74,2,3,False,False,False,False
u1Ns8HU2CPv_3_po-rBojfeLvihjcoQxPHeOhLzUQI5HRGBxLGvBfdqMCM2puBpcOTVqA31K5kthbw,IRON,I,60,20,13,False,False,False,False
w82ACptDQBgCMuR6ttLrmTHZ2r4hFpc4cFGHOAf81ZgDgXvslWafjhwxGOS1KMUtyGdxFdCQwC7eWQ,IRON,I,0,0,5,False,False,False,False
3c57WWeWREwsGRv4t1Txw_icxzxj3yric7wc02B4Nie95ei3REAKJnD0KfIS_Q5dDTVE0aiPMPjtpg,IRON,I,31,69,83,False,False,True,False
J9EMPj_g7WnHKJ2frnttwEm67TLj2WiYP5OGOimcva9J8iTQ51F-mvbVndnjaiZv5DtLudFB_Ohy_A,IRON,I,27,15,30,False,False,True,False
Ar9A528VWyUukmyb0AIOmscVT-Py-o4IuICl5zW3YlS8RhY78NxQEgEbiN1y7AZGVzDznAVv1vCfOw,IRON,I,95,3,2,False,False,False,False
qF98jl-SKxNuWL9cwKwrgtk4k8A3_kE04JE3zVa1LLcO-VH--fehPsCynTGvw7cpP5Uu_-SigcgTwA,IRON,I,23,129,148,False,False,False,False
WCi8jj67sPjTLSnffPBGbNpJqBeguXaYKceQ5TSJw67lQhL-WdZ3jSb170pDBGtDzmrWVjo-64YIww,IRON,I,48,1,5,False,False,False,False
QPH_1bbI3Ix8FXVZwbEeXyCDO9B436LetHcWvg82QZjKs2yA8JToJbDdyV-J0OF67fBQ0EzaEAOrFQ,IRON,I,65,138,155,False,False,False,False
BkgVG5V2MNgauk142bNAX6lpU5Xi59try2b53_EmRdHJNNpKkOuDnXMglPfA6wn4enYOpSrYee6F7A,IRON,I,26,24,35,False,False,False,False
kR3YtafAYIdKgx_TXHrNBK21Pw0hP_vNI84wMybCpKo1Ujt2pUJj7tRw_0UP9flH6WyVQc7Wn-pTbw,IRON,I,18,3,9,False,False,False,False
UsTNIl3gQYHC505O9jpF0l5jhPnYP4J8ikcI5lKvHqX9xJctW97tPcJ9raUu8aRA4q1kXrfwM1L3Wg,IRON,I,23,3,9,False,False,False,False
9gThaMR8Dzq-9yV4NoBd94HBJ2CfJ8aX9Cz9ZlQ4uqsYOvm8dz-v2kPMLVwSgB9XJKfAmsNwNHKWJg,IRON,I,30,4,8,False,False,False,False
Aql8vFqY6CAwTvN9gPIYdgpYWty3Q4yRAeMwB93jvDv2Zvhq9cUclnAyw8p7OEo2HPCHcLK6qO0f-A,IRON,I,24,93,114,False,False,False,False
3I4EDgsNz1B3DuAAad4_4agSGLRIWVwF6XRT7nd689czM3nZHUAFxYVlWSXKM1A3jOeUJnKspD_R4Q,IRON,I,51,2,4,False,False,False,False
WdBW7GTBePY6oGnCHMcZiHIlicXIEWmc_mHtfU0958zcMjF-x8a1eQ0txq34rbp7bohZxCy5IsAS_w,IRON,I,72,29,37,False,False,False,True
I5yytgvbmUVdkb3Yr_4qkSvZFRe0kFVtw2S-xyEunTqNaTDNRiUvdV7Br07zOlkU9mK4IuMy0Txk_g,IRON,I,73,15,22,False,False,False,True
JkEGt9YfC_aa1mjVvU_B4RLrc3uny2ku2ZrUigwLPWQuqlPp5NVinUdL2mVIS4kWqTNfrzFAOadOEA,IRON,I,54,1,4,False,False,False,False
KheBNEyoFCnmSyj975PU2p6Mj7Z4f6qs_YwTm6x-g303EUtUjPjCR-wNsxqWzYCZDA0hP082-F07cA,IRON,I,72,18,38,False,False,False,False
MP8w4i0LilI6yoZBy4adoybnu4tzH6N6dPrJqIZTceTbXCWNnI2y9nzv1bRiKqubAhbBPyJA4V5qhQ,IRON,I,50,37,64,False,False,False,False
iAiWm4CifPbpZ5lgj4WseSwGnrWv3OuGurzVlPw4EJflHuzru1g0ypS4d_4boBA1wdh75lMuf-E2yA,IRON,I,0,0,5,False,False,False,False
jlRpGuHdEQq6VYbmZaH9TMLuCX-2JPwUbTsz421aLJwkBokptUZxlcsupe81flFpY_zfnxydzzW7wQ,IRON,I,71,3,8,False,False,False,False
3_IUaTUFBRpnxy4yIq6jSALp1tGOdSUm1uRwFL-iZdTZqfND0G06N9cV2Ie6ABwGya6epzVg1FXD0A,IRON,I,30,1,7,False,False,False,False
-Ynxt5a6peV2Mx9c-yU33xFZCg-RTQPmk7kUMcfL06qsgZe3n3hjkaW63Qz60hqmHFmxaCrEgAN1wg,IRON,I,29,1,6,False,False,False,False
0yzoOfEapUAQD2OdQkDVce0vWjc8z2c8s4Mmv7iu1Wnbue1G4yI4DADolShsEd4vzzVat_nM--OzGw,IRON,I,84,3,2,False,False,False,False
dOAYt5wYGwIA1ealmJakRknNrSNywDQS5-5EVn-W53a3Y6ZnjzgZ0emcqLeJHg4g_TFiBZuhDQrpjg,IRON,I,24,19,33,False,False,False,False
nTci8SDth6xYSMLUKxO2v1rDyGaXirsFHodhvJAyI5Dq7xUO2nZtn_Rm1uCvGvOQqVLQDiBfCmYKxA,IRON,I,87,3,2,False,False,False,False
5cYIJ5RrXeFjp3ztxs2Nd7LAiJ2yrgNhNli8JAzauvkkeu8hHaVwhKoojTY3FoKYYlwdwaan9piFAw,IRON,I,56,30,43,False,False,False,False
tSQ_mIulVrINHy7pZAESedrgenxinWkFfO_uvb6dpLpgIceo-rO_SkIkc8SWpm7NOD2tIb5IcGj2UQ,IRON,I,12,16,25,False,False,False,False
M9t6FbCURhAz4Uiybsy7iwzill-Vy-yR1x3esUYXIp0oE-KTRhPQkbfY_qwP1fEAFbS35ml-5dSp5Q,IRON,I,41,217,228,False,False,True,False
K6YKo4PhqxsBTbB2D_7_izB98gNww6_tVlf-xzRqtF8ZICip_mdoenn0z66ULAR_1T6kFeppQoU9Ww,IRON,I,32,4,9,False,False,False,False
CD3aQaASQgmQVCm5Jke3XJ5VyfjY3v5smAPngG3_RAmMns_B4bDfkFuiYKug6UfBVtkKrOx9K_QqnQ,IRON,I,60,1,4,False,False,False,False
XvGMyx_gcbBN-eL4Qv5qD0u5R-yV_E3CHg7BUaljeaE2_u5hiXu9WgvdCH5rzSohUtYoXXfUNt9Tow,IRON,I,91,4,3,False,False,False,False
PpepLNo104-U7gmCr46PE43XvHDKuZ3lk1eoczqVvpTjNH5sbIUkw_1AjqB6xtn1mplh4V0XEP7h4A,IRON,I,72,2,6,False,False,False,False
rsE88IY3b82vkuX6NfE5TI92ZnmCVpjoF3eMSX0AvXtd2E43Ei3-p-XbRnY1qIlVrMY4C78rsBDLNA,IRON,I,56,1,4,False,False,False,False
FCv3tEOzvzwy7iOjJDE8dRTMWLmi1CZavgdCGShMz0VcQO6YzlstcSdPTha2aoeknFpQoPcQai9oQg,IRON,I,18,72,98,False,False,False,False
e4IfvnsvkeruiphJC75fX9tk9V1sTjxleBE4N78ASDtvRbnyRSNDjetWz6z5Df5pk-rcExW6YCgw_w,IRON,I,0,29,42,False,False,False,False
v-j7b4Xu1llhNgTl6lLt6vcyThNkWDnwBNJQSfkW_yV8_sPLP2ttndeSkxbUUhvGLyjGqick2rHE8Q,IRON,I,71,4,5,False,False,False,False
grlf0PG5CbmrxNW6xMRHXcAwW2w9OpMUgDtADmcG-ktBdwO3bZZV0IVN-iOLiq_aRkL2FQPqTYTWTA,IRON,I,33,9,23,False,False,False,False
GGqa4YMVbYoV7WmMDFPtSxnEwQ66XDZdfVcwVVvgdZal3pHXkOwu7VT6QPztvcoUuaEyao_nPmSalA,IRON,I,46,18,25,False,False,False,False
1Lw5z7iq-ngQT9UQileG8AA3AV0m4oSFo5ZO8psX0ctbn_naqoR7l4dOaAws2uEd-ArLshO1MV-BAA,IRON,I,68,22,45,False,False,False,False
KIi5UKjx39baFmqQ_Nu7qS8empZybD9cWRx6gnxQObUlLkbYU-GSP5mSmOMvy0R4YJbLsTIFfZF0Mw,IRON,I,22,2,5,False,False,False,False
_0RYLCMuJfs5GbsqArBKdwuKRPCIgK-DXFY2PO6jw9yuxVULzfaDc8cPg4mRqq7Nh0uw6uhUgP5sTg,IRON,II,70,47,61,False,False,False,False
yYvOnMZDTc3nLtcPnoldwe37UYX2bUM3RfIN5LyRaiTGxL5t5PPFOVuXb3DpMLmEnm7I30O8KizvNQ,IRON,II,76,19,26,False,False,False,False
Q0YLp3U_L-4txauyyGYkl7slt75wCKisvOz813wXWd9f7v56R1Fj3Qq_Sac3lu9G_2We_MhL7qSIlw,IRON,II,24,118,134,False,False,False,False
KuK7X2GvT5wjHnmSApO0Nofk8X6P07PbX5R4dg-oAvotQ3HnBGj95KE7Xi1TeuRWExkWsocoLeaqEQ,IRON,II,96,8,24,False,False,False,False
KHbzbFP1Yc9lDfzzjMo23QN-TUTaN6IxvEmlD2eH09tQ2m4Yay3tVm0ErAVkKidQt1mp_Li74qWrwQ,IRON,II,20,96,128,False,False,False,False
4LB0dlwaiRL8onzhXRsoXOVchie13-68Zdvnwj_kq7rEJnBYj9FVs02HLleIvW-PU3HBCmLN4enY_w,IRON,II,71,43,69,False,False,False,False
kt5VCuNY4eUcta399phMfszeV3IZqFZR6O8nkmJfcbCMHIsvHK5U7scWoGzcnYyW8uJwZiaUAWHyww,IRON,II,97,4,7,False,False,False,False
VeFoEUaN2YPEsWw_1qesweKEfch7wI1RoTOOVPtEdfRx_1-sC6woxZIgSHTyFEUA0DBzeC23DD41nA,IRON,II,81,14,25,False,False,False,False
q2gMG1eK_di1H99Tx_IMwupdyHW_kDWfSWYcCkofOXkwxee9wfjK1_51zp-qmXwUxAIeH2CeZF8P2g,IRON,II,92,10,13,False,False,False,True
jzl_S1YNknXtYTbcr5DouK6Z3D-_PjPxFEAhuQg7DcHpe0SCww_ipvb-2-mqXVeM-hhRtM6kYozy0Q,IRON,II,32,255,295,False,False,True,False
XY5XpQyd_QM88O_ZUikC8Fp5TkuvJW8KgpF4B4UYlpnC7CcxfHRf9ZsTYq0Ga0pJ3O9pKsIFIFNv3Q,IRON,II,41,3,14,False,False,False,False
nxUHZvs1uNN7n0RGZeaHQVcBNtQ0TQ91pcaC1x9Npmp7GRDKFd77W0P5WfQWPm0bE-XLAB4CNMt-fg,IRON,II,70,10,19,False,False,False,False
Tf95F5NJYu6GZ2wPbOk-9qSRp_si9GEfdTCVy_WR9o_8gIKGtBs5Rs93WbaZ3FMP_PQKxdt8WLxkbw,IRON,II,97,1,8,False,False,False,False
nSSYfjQsHkIGLO4ptT6cnJQ2JraFjwgJElWYFIAXF1HFkSPaxe9O35SJjW27trJAvoj5aUvVY76Ewg,IRON,II,68,109,124,False,False,True,False
_Sz6joEaZMx5VTEpxL0774HfXgl20RInrt3maSQym5rOpRXKa0mJHGix5YdMGJEeWtr_gUPwbTqwXQ,IRON,II,62,12,17,False,False,False,False
wMhKdDbGw5NjDKlxT-JbOIva9yiHA7XPn5rED28He2QygnIz-5Ks1PR1Z8tQgeAmSPLEAAkMSI7UFQ,IRON,II,40,94,117,False,False,False,False
j6XRJJTau3C_5ZbcmVr0o_hHbPqURlS0DcZNSfaW6-iQy8HwNRwBn5tC927SqkdcbUBzP0tDRQSHqw,IRON,II,83,0,6,False,False,False,False
m3cTjRGbdcFBISdWv8Cm6dEUlh0VzzVXLen4SHhJ9cFD9VF1ctL6O7KsS0INTXSNhRhiuxsVLTnqfQ,IRON,II,11,10,20,False,False,False,False
L-eIInGFmSMaKF9yYKvP_tDhDVNTx-7o3fI8LCBYxISkI5UpeRvkddmXRB_TbVAKffhJzmUX4SxUGg,IRON,II,12,48,64,False,False,False,False
x_nkuON5-tv5gOqrb2aK6VGyrdZMmyqDeJB7x682C0thdZRVQ5Y96uAnu_T_T7VGmOgHWCiPV8PElw,IRON,II,69,18,34,False,False,False,False
Yge9JDR5aHPkCWNoyzMseloIoiv5GIRivC5IV0o5nMNFTwbcXtiu5BYZE5JwZ83SYMd0x95vNzHq7g,IRON,II,35,64,79,False,False,False,False
B3P8bY8wxWv-x4ZT7HfELUF1dX7JmqPc02c1tymyaSJRq7Wf5YZbODa9Ra8jX2Cl3MVF9fHAhlvrWw,IRON,II,80,205,244,False,False,False,False
x0OnHhupaGREU75mQL5vPQgUITO9X6rwpTEFkRisRuo2lPgmB_J7cDkamloSUZFaRZHvP3Myr14yOw,IRON,II,17,32,52,False,False,False,False
EUw5zHd0Qr3H-d4bbBqneqRqQ148jz8mdeem4fQbtnL8wIeU5YZB4Rco7Q2EAZfOWe_MZDexJhhpbQ,IRON,II,75,97,116,False,False,False,False
4kWmTzwZcGCMJN8ge_KiZ1U1reoBiUq-1FJo7xtsJPtlQh1zGh33cQW5MmMbLak42qksN8uPazzcgA,IRON,II,6,413,449,False,False,False,False
A7EZk8dx7nyZuaRrHFnHvCF0Cp3qfDmGTIrsa9PNS6UMQsqoav2h2Yz5UzeK7A69M1MAS-cwlHnsxw,IRON,II,95,7,13,False,False,False,False
swbTsqmwI8YrvVJ7-Ohh_yXQgFbD1NcAZ8SqDmnJyOc4z7jXcDvcuCuFgq14vjfnkSCoOccCDbahBg,IRON,II,45,28,45,False,False,False,False
2eij1QmM9JFu25eIcvM8qj1bl4066XJ3undSciNhcMxdffHQIzJdm0I3NQts9xg7i7fV-NWNgrtcEw,IRON,II,19,89,102,False,False,False,False
QUe5C68CLPo-unw2hEcdOS5Qb9G9i18FT9kuNky180D4QoKQIh2yb28ktsVgypW3-xoBDF657nWnww,IRON,II,91,61,88,False,False,False,False
WIhsphok97IakwAd09fH7_DWa_ORds9A5Hb6ZwvK8jhi5KYyN4GlB3Lo-bjn6SlwlKkqv9Hf_PzvvA,IRON,II,13,20,42,False,False,False,False
O7Ymd4YOO61LlwJI-g9De6TsnBIqdhh6jwSe23ImJLcr_cgXku4RQbW5XobTtYGk6XQHpO109LBlpw,IRON,II,77,7,15,False,False,False,False
3mCW90zVd1i9P6892rPeLrC79BCmyL8uQkQbF1lhRnb3Fd7-IzWx_litfsQi34EEuZYVjdJMMcA2cg,IRON,II,1,4,20,False,False,False,False
IMOvS0ilKXz1PcDZ_mkpYwzTDi4YnKV9xTklY_GX-8rR_LLYP2MsXSWPegScDw0M2tZo-d2WhvkATQ,IRON,II,62,192,210,False,False,False,False
bdwnfSo5y_Tuauka671Ax54Kjvjdy1YE_EnD3QpxZmH1XooLvgKxP47x9XEoiHpg1OgLrpZ3QIBOyA,IRON,II,69,7,19,False,False,False,False
nhlC_v18R_dFSt0GOP4GV2K2JNH6D5P2lRok_0je1mTcO_oh6a1VA0Ln9TiYh_lNS-uAk2bP2zONFw,IRON,II,92,187,212,False,False,False,False
ZOPCphmmex8eu5n8pJRS6a68hsR1wKESIDbQae_mZoqFa3_Jufe2kq-efrRzgLr6loj6GVnZ5scB-A,IRON,II,25,1,9,False,False,False,False
SOP9U_N7oJcGuKQ4fFyFxnmu1IsS1KsfRajpzGUKYVpRR_i6mvs-imipI0IRg7g5bfb-GXOBOLtqZA,IRON,II,39,129,144,False,False,False,False
Jgs0r9wOXPYadXwS95y375b5rmM9GumcZ7Pn_EwOgz06jlbEpbfyF5wmhI_0yntMA216uJcTlJO0lg,IRON,II,94,313,353,False,False,False,False
1Egi-ee0BhFQ2XKvyZNEozmkVZrY7Qc7Hwab8T0-2rO7NsITpVRrPjXLTjcgtKGAL_67WVph0n35iw,IRON,II,14,36,54,False,False,False,False
HQ6zg16dSfqcR1fmIoYqlf89oMcgOs3kUXFLS1YssJ7wNAHEx8erM-XzHhyIiQRswi6QcZ6P8a_4sw,IRON,II,48,5,11,False,False,False,False
Ch8agO-PAWreBhSlw9ftU_XJfr2WJnz1lsuRg02HuoNfER0geuIhv8CqCYHZTBelFnj99vVigVKPiA,IRON,II,95,211,257,False,False,False,False
t3z_P_m-bxd1R_A_prLRBJGNoCrs8jh8TLloC1Hx2vQp0zPIszJXMwLDtOkoek5cjBL2eHIV8jqbXw,IRON,II,92,52,83,False,False,False,False
X1vriBQvZC50oa3a1eYokSMlp5nM_lBztcL1_UB-V5jR8s-xT4NEW--xXZmAzgaULiEQ45brhun_bg,IRON,II,76,2,11,False,False,False,False
ijYI9sPYv-LJwJSfWc1VV5VGd6Q9ZqDcQ6HU1tr20W7FdfACm5i13jPZsJdOjBtYoR2BHE4fehKk2w,IRON,II,5,114,153,False,False,False,False
zUpDnPYVdRlKVvSO6oqxkizm-GeHor8tbf18eisVqO5vAEwoggWsdGbUicpldP_c3G2umYdU1Sd_Xw,IRON,II,77,13,29,False,False,False,False
RgLZr3_83wiN0yVwfOCaJ-LUOqsRNunDWFrhdFTD1ziwmbIPXExPTuwlxyDt_qhBQyJOdYMtfcJjIQ,IRON,II,38,3,13,False,False,False,False
3dE0UvtIp1CFRR58sOhi5jvQmZ8tKVVYAhnWHdLeEb00XAS5RbTvV2j8jltYGmIo4wrXQOp_1rv0YA,IRON,II,2,45,74,False,False,False,False
hl9pKqDctFxapAnsIqNTGzoZfreqoiTbUUFKul8DcgyqC6n50RbGB1R37dD2rFtmrNuA-rZ2hyvonA,IRON,II,72,8,23,False,False,False,False
M7tRUsSlDDIuqi-R0NvuQPpkDsNbqVs5yeeb5MKiPAHHOwuHVDXNrUD5tI48DIQjiONL421ddZaJmQ,IRON,II,80,2,12,False,False,False,False
3i9-GjVdyfY6sW2zQuC7huaNrDELUPFEJPJxlEldNUQVH9g-RKKXs8o-nFrLRXPu865d0-bum3Hb4g,IRON,II,70,0,7,False,False,False,False
Hop6YrW35FxaHOjLqKDWJSTZMuiOg7zNQlEIH3kEsm6M1ZNdtCyWoTxVqUBZzZp06QEo9IiEcQGvMg,IRON,II,66,19,34,False,False,False,False
RU4E1pIhlhClfIhV39KzxDvg30IH7XuWBW6rq74K-jSA6tgdsMDow3sxIOnI9dAegYKVw01ZL4UW4g,IRON,II,0,6,26,False,False,False,False
tdXPeTw_aOl6x6Lwx7CttyPb6E74aO5Rq9frtSFXTrxJ4-q4J1AkXz8qO5voBnQmSBxk678IGksiAA,IRON,II,60,4,15,False,False,False,False
GY3anmok2ThNj0IeudNRAu5ueYzsxu8GDNTiWcXKdaHBWi6kLb1g3IjcEh0QVdrCskdYK16TP8TaDw,IRON,II,30,7,15,False,False,False,False
b0YqT7l_u7MdTNe_Rdq0aPsmmw1iVYGYQqEyIi4CkCR_F6P3_QmzXHHlxp2vK91MPzLEMN3x5mQpiQ,IRON,II,22,43,59,False,False,False,False
mk6fH8FDPObNBUsmbYM7sehfFoxjLCxfPZ9cOGkmgOS7EBYttC10A3Yzug35QTfk4xKkfPT_h-0hvQ,IRON,II,58,26,42,False,False,False,False
CuSozdB9zaqMz2oNdHgpNx_SX7Ig1QtXPjsBgiFmfAATCemK8pDHhEvEZ2uBnaNQPm3ulrHEgHSaAw,IRON,II,96,8,17,False,False,False,False
JWbMDx_XERSnT09YlspKJA77GxYHuV_AixxkPJ9MdiTbvPKjxUfaKHp3Bohe0NYya6K5dtFMC1jPtg,IRON,II,97,11,25,False,False,False,False
pjx6Qqvki_7gUQ7kybePqvhKmS0MO--KkFIfoTxX3WbZQ4dnygVogdbBVGNRnprG-to1-90S5_o4nQ,IRON,II,31,0,9,False,False,False,False
NdpyY2hyJaR4dI2HLOSpiBzJ295YX7IV0OdAbyo3lsXSKFvlEHF0w3rtBou-ldSb8L8MqaYD47Jtyg,IRON,II,35,15,36,False,False,False,False
fggTm1isNOS8v2NHwzba6CsRRFBcVPwM8tlSDs9Q8j55dJ8aCas53SnkXwMjfVm6OLcM50vpDDiJvQ,IRON,II,89,5,14,False,False,False,False
gCvvn5BCWHs7cN8B8onBNFOIj2jfAuIAJkzirJj56WFTxfgnU0naBg3OQkfPUvmaGVABW0dmYRZyMg,IRON,II,70,4,11,False,False,False,False
4K4zFxm2D-4piWoZXKG4YjaPh1u58Qc65OtL9Pk7sEQdaWcNuc3foqjaq9nEO14MP_EGhZ7iosBQZw,IRON,II,38,29,49,False,False,False,False
DkOXiF_aBvby9Vhv800svfKDDEljwmLWdQjXTNw2ia_c_CCfPvJae-8b_fwW21uIcrmmOJ8hpBpiMA,IRON,II,43,46,64,False,False,False,False
TOCji1ynLFMqp9zUK5LW7NzVT2q_NO6R0Szu1K3YuUgIMkQz3Gsnon0NdO7p1PU89XZRye-hH9BGrg,IRON,II,82,1,9,False,False,False,False
_GzrBZnjeUPjqr7_tzm3GanC38ZcG2C5st0EOByt0UvlDFVLKpuKySetX89v1FUFJiHiFxoiKBiSRQ,IRON,II,29,28,41,False,False,False,False
evcgnY86FdCRDATnMzFsnQu8FrNXoWPqgfzESSWJK8NG07tZduBbXza31vZiUD5BEVA5tb7-IA8KKw,IRON,II,95,165,187,False,False,False,False
ZgFH9f0up2llZPIrv91OVO_kpCyiXffWVqszWba4gBPo68fmKYd9hRKJfcn55kQu7_NDwi3ZolzIbA,IRON,II,52,4,16,False,False,False,False
zAwOVwJKRKI7mB-qfkMg1Jw8TKCsHSmMvOqgjOFK40YNvqlEBkuXFkn26Iw7dSEN-E3U0Iv4Y9K1fw,IRON,II,80,0,6,False,False,False,False
h9R3uLfO3zz1YMZzLYBnx69zobY4WsIHqHWsQyZh7LgnNImGiIObgk4xf8wRCrCaNYYDnrGyLdjSng,IRON,II,29,16,19,False,False,False,False
wtZRe93seoFslckFCBskpDgbMOkilcRA3NOrihHR6rzKRaRsTF6pmJKRXG9Kc02FeM7-E2rSV1x9yg,IRON,II,51,87,101,False,False,False,False
zevicRuUiOF_EvkS3vBUg1vS8lznnid0OBGKzOTwgrfroIDm55zdhrUt19fCBMIKy982A8b-dMSc1g,IRON,II,41,4,18,False,False,False,False
34Er_hsTQJSQe_XCRbaeHzIC0AH-w9w7ai5HVt396wa6txwRSO4NW6e_CV7kkj1js5AYvBl8pWXcfQ,IRON,II,71,37,68,False,False,False,False
kq5m9dCWXlwD9YztV2QE4GllMWPuzjCY7vkjB4PbFTm-EOlMmylDg1P4eRrO5Lavgiu5a8RcGhpe9g,IRON,II,18,84,102,False,False,False,False
L-FRa8PSzab3nTC6X7RDMenRFkMluHeXSjeyHdehpIjAMjqFrMYUT_PIISPAr1uPWVcuoakvT3hZpA,IRON,II,34,7,29,False,False,False,False
Wdp9ItSxPrf2Cny-POHs60QUd2b3BQ9m2uq7pdTJjhdGCFm1EQxSxN7XE_awJ1eOi7MMSJgNtwBBqQ,IRON,II,48,1,8,False,False,False,False
IzmqPdJ5C-R52aalDmApjwEBrAWFKqSTw-QooIS8amA6hAfApNlCiWQHwCQTAA_K5XZPjeT78-H6XA,IRON,II,79,29,52,False,False,False,False
SZVoxzWI_pMsDkwXoq5whrmlpjkNnq24twIWC2oxT0DjKsvZxQ4p5T8x_hACDphPPCZUgMXgpZ7XWQ,IRON,II,86,1,6,False,False,False,False
3VnWm8m2rhe5pnoqNfXX_IzaAVWeXEjVDVK9i60bGb8elWkpysZB1CMbrYiSfE8ogUwQ89y0vq-qgw,IRON,II,73,8,16,False,False,False,False
sDo3zK0aa5tJybXywOrfni-EOyFhq1jrkLaC1-19xA3vh8LcHcHUhKDE1iEjkO-weRUU5HnIZCvhsw,IRON,II,77,42,61,False,False,False,False
EE0amfITagmdrKCMFFlPbwO6ri5iOJFKlyF1yvRgLt7cBZhPCIk9kbN_iOSAxQx6WhehthYyLGdolw,IRON,II,82,18,31,False,False,False,False
TgqAziVqQxn1gQiCU3CY1ElPfDupUnRyQXnpeRsr12HahmOJaruhXH4kvBMdtbLH3jIk0OKz2YLF6Q,IRON,II,89,3,8,False,False,False,False
54oaXUA0sWdmwDC3buiFh9TR8Yq5FlImPU7Cg5-CpCuHKtkNvJwFCDIYuLPpGGzfFqLtRGulMOLqCg,IRON,II,92,4,13,False,False,False,False
LVUHFEsDgbZGX_9INqff5HwWbcDdNL1OkxfzGD8Ndl_hivM-Sd0_S-QPUuZ0YxQxYxr4r8pwZdoRgA,IRON,II,14,2,10,False,False,False,False
XK0P73y1DO6-jiunoEz7Wi90CNdWQmvtqyamP9XvSJm9wKm4hebmqkDj3R2G3FCGgzSBoxeuYirLYg,IRON,II,99,6,13,False,False,False,False
vXFv1s_7jUI2IYj_WcVQ-8E-7_zLXBbvokwS5RysXnwaJatT5ahOuy9m6EyUIJnilmi47qstRLR1ZA,IRON,II,51,57,85,False,False,False,False
OVFaX-kADH5cBBOsohFjvhWpsmnl0r6qk64eKavvbiLDaGnDm_TiYMKdYwHpLiYhYk6tosxOUOm4pw,IRON,II,55,21,28,False,False,False,False
pmGOUod7NQOWamKhOZSuMsWQRN5XjlgmrfxnbgBdyll7ZiIjGjKlTus8acwGhVembJoJa9YCWGBRWQ,IRON,II,80,4,11,False,False,False,False
hjr_pgD3uHaaVe1UhrnsVIM9V3yADMjXn6c99y_i7X8EUN7LXodStV08IMkTFLFeAtn0Cx9dfSJEKw,IRON,II,19,35,65,False,False,False,False
ARs0j422fzUnsWUHkD1_zg_jA4cYFL39PYk00uv7nEtxJZqYKHZH3o9-qjEp4BFKWvnx8MpcACZqiA,IRON,II,72,11,16,False,False,False,False
hRIDfiWzE4AMEuIAw11wV11CJaT6V8X8Do7YfG9z8sybMnabHhmNze3mtViCgYvXVUbg-6K1amTrZQ,IRON,II,96,23,37,False,False,False,False
5cN6LmV3CFKVW_wMkjV0LamdHK9k-z8Yn-7G-lDdK0phPtqQM6Ql8f9J4it1hqG83XDx0UgzzRVc1g,IRON,II,47,256,306,False,False,False,False
2_fJ8BqM1C_kB1TAbCQw5Ft_E6LxqsiPHInZC2xBkNVmM0mYyQDkIN3PC6nXIH6L3ufAB0YVvJ_M2A,IRON,II,37,120,150,False,False,False,False
qAlkS1mSlcQPhgf6DdWYgb0NI0dmyUCZNGre5ubR9ZKts6Wu6XOZfPz6Uk7SIf1TpNkphe80cQhclA,IRON,II,95,24,34,False,False,False,False
HLiJ5OecAK1bn92aXXK-NNaZt4DRy5eSL54jM9kg2GNJiIVUxLSAmdrqm_UgBy_W2-kwktDYyPbpIQ,IRON,II,76,4,8,False,False,False,False
WOnrsbNSGIw8QlLvZUEgwL4DFnEpX-RXZsHiFDCY9JWmO6xfdFH0GcHHQwfcEYkxJgAJ18Xnqm_cug,IRON,II,94,8,17,False,False,False,False
AX8r3K86ltlT0vAXBVgkzA-Shjr-9ngWJtvSQE_1M9qLnr2xI0A5soAFrW7IOkadWThBZRpGY_n_Sw,IRON,II,98,19,24,False,False,False,False
wQBfKIkKRVKtkBBFxpxOCpHDGCQAj0Q0v5_w5Oa6ZmcRh64Q4pXj9t9xmZNo28F86xMkjILMJTnsMQ,IRON,II,60,15,32,False,False,False,False
cRs8NAJ6huqvcuRlx3a7a_h_Y89mP968qaAzwfdUFIgaeovUW_8v3bHMBldIyHVGB6300PqNSAPlqw,IRON,II,90,17,38,False,False,False,False
GfuMjovQmoWVpYknyY5KYPSjiV0eyhqI3CU2ZTGtscwu7pFNsR9NGBeOTlueObOhZkNqfvJGhBf0hg,IRON,II,90,9,22,False,False,False,False
-zPf08L1dMwNglH8FGr__EF_IDoNXpvnXpyCyia2zHSE2lIwyZHObwrU9v0YUO7ttVyVuKrM-nh1gA,IRON,II,99,30,41,False,False,False,False
yaI-iAtb72hp2vFlnYVQbb6l2Dv7bWZeNXVTDE7tSigiK5Zrp8MSHZCGNvY6WhzrUfJ8u8cPmuTJAA,IRON,II,81,87,99,False,False,False,False
c_EjFk5NYeYwmplgRmZ9Xr7BKSFkpNVd-F49eItr2rMcKCVUL9kbBBjOD60bsze_kekRPS7vO9IMqQ,IRON,II,86,128,153,False,False,False,True
R5CBPOltggz_WXUQ1ytX_EkqgsLkE8cDDGlIc9L-OMZBk3K0e3wy0bos477e60V6IW4RKWs27EU0cA,IRON,II,74,11,14,False,False,False,False
-jlkCF-66OMO24vow1qdVV6bdMtdV5bjF_QG9-2DicJQrw9eslBs6zXRSRfKqugCrpQXjXzZCqAgeg,IRON,II,87,3,7,False,False,True,False
a2sSPSFS5zOj3MziDHesHlKgBkq2vn5eDzPKvFJXcS2m5qqYQCj1j8Lelu90S7VsVuBZzDs_AlJpng,IRON,II,70,30,45,False,False,False,False
1IZLiYuWwip-_sa-XEhjnyPo-p0V8Z_ycVQ0kbUoM2gNAuXwYKPPmt_6MbXBoWwk0IUYLD-w6Hvc6Q,IRON,II,89,0,6,False,False,False,False
wrsfLz5CBWSV4cLz6BQ-8i3aErAB6hKGhbmD4mJCAmqk6RfgghJWrdtaVpQpJkw5EmFKfd3Qdj5yyA,IRON,II,36,2,13,False,False,False,False
DY6HFD-sPuvU-xebw3BOcPY0nIv2Y98T4WMALERgpJPLMs5JYgu4tBsIr7Gi_wwJvZM-rISMPnC9ew,IRON,II,48,7,13,False,False,False,False
XqCWvHlL75wfdWVH-mfvp5AkXEFwx0mh0iPxOdqc8HWRmN77mDPpqgHyxXVkJyGdIfB4EmvSYjIcxA,IRON,II,20,8,15,False,False,False,False
9s3P72fSzju08gSICBUwUW6LFkWuCkk1KaEqSK_PE90fI1R_6RTiKzRpXpDVE0vNhw4CIu2Lmv_h3g,IRON,II,57,49,66,False,False,False,False
ijlE6ARu-k-obFg6agJcQhGWrmhD4QbgT-zh8e06trYLjtmWerllSOF6ImUK575_x-Sb90_oCh6XpA,IRON,II,39,7,12,False,False,False,True
BrpZbfnCjMFd-vknENp8PEiGJCrF5aCIvQ0ibR2yi2LWq_jhe4-kYoa5l-v0qZjLQ25-dRpsTpdKfg,IRON,II,28,10,27,False,False,False,False
Z2pYytG25lpl-U5zwkKp1Hmj_vHnyL06OJUoFM5QPDv_OKhAQZ8vccShmKW058h0ZaR-OC2xRdgkPQ,IRON,II,96,1,7,False,False,False,False
lWua4-UVQIoFtazjYPoa1cwYBwWBlWHxsXRdYFr2vmKYI2eZLXbP-2vS1MV_e9-l2ZJczZ-WLpG2sA,IRON,II,49,4,18,False,False,False,False
dPHNEdmVO01LB__Q9E83fUEY1XB5M4A5PRzWYBzYQmMcHKO59Y9IWJQ3tvVBm7k0GG67Wx1LBXkRsA,IRON,II,1,33,49,False,False,False,False
cS5o0M0PEl1RguO_kVrTviVs5-CyChRnqUAEE4ZkXsZyFG_4Iv0LtFfROQkRAeuzhW558Kkrn6BHgg,IRON,II,78,30,57,False,False,False,False
N3c-aC3UUrxzfHE_XLH53rore7yNZ0mhYVR7fWhEdPTEkZ2-_K4H4_Xg8o3Q_t_3RQ0EvHsWcjFINQ,IRON,II,65,7,22,False,False,True,False
mAo4scAVWlGWqgvO2LbCu3iVGnT9I8JXBXBEx0Hu2q2XoNui0k7Vds1eP1y_hCE1zcLfO4CQF9C9Wg,IRON,II,40,29,42,False,False,False,False
52paQ-YjIXpnqSk-5fDo-RyqLo5dwCFG2oM61-WiWD0dvA-4CSYdYVDycIk0vgzeiOL_mV1_pCSO0Q,IRON,II,81,3,6,False,False,False,False
v2f-psdqC5Ei8MB9WdHlcntLTvTefgFmuKsXexYKbuzWkBKHu5b0JMpBhi74AvWaX_DrAvFz3Q6S-w,IRON,II,79,9,20,False,False,False,False
5IRNfRBWZuYdSClQGHCqKyP4zvuSw5bGdrKXP3jQNkiHeYSMMONfFrJeZT23jxZZrTlHnhz1-HiXCA,IRON,II,64,0,7,False,False,False,False
uXPKH580xyZOYveA669sFBtPfd8VS5b1QCVbQ0b8rcQijmBGMIlH99MklN7TCGHLqeaSBVniQoc54g,IRON,II,80,50,63,False,False,False,False
Qy_suz_tniZvOnDbExqwq3nSIEHyLO1LvHe-Ko8Z3_ExdcCZ8A-vJ3nGQUrx13VN_7N-cxEIO9KYFQ,IRON,II,96,12,20,False,False,False,False
jqH-gkfYUAMlOq9nYbUtpQYNR7WUmnRecBeG7Sw8_EJaiv_oJflbYua1vDvE_ZAX3kpgBqVjpirLYw,IRON,II,90,8,9,False,False,False,False
l76onrzqTCzT2M-_przJMtfCu_L8NP_Z-qkeCK24CSJ_q1dd0RpMOIdICYY5wcEkzvJ6-DcvsUefTA,IRON,II,86,2,10,False,False,False,False
5fvT_ajwWW4ugpTuEsyFmlGGU_fo5KsgX5tb7hpl0ym9GMLORzJyH54B7_sipn9qS8CUVP1zA8_2vA,IRON,II,44,50,63,False,False,False,False
5n2CSRCt2473xR_LoJu5CYhUApleHe18F1AxSk-5TR1Cv3DUgxdJxQazyB_tPUZZ5YSYMsJMPcahwQ,IRON,II,73,0,7,False,False,False,False
Gy9nqoLQmixNC8uY6ZPcF5mrcXL_1TCc0dq9am_ilh4uvSU97bvEfwZ0Jji1YTajv89ZVcPRF25t7g,IRON,II,63,100,126,False,False,False,False
u60kZVGbclVgEa4UnAOy2kzhng48Se_9p32CgCrsAOt6vIO5Nj3iEldeqR6K_05UUr2TiDXYgjTMow,IRON,II,17,77,93,False,False,False,False
YoipH0R8qOUHD6DblRstEXTg2GqPRCchZEeWOoEitqiaBK8LpcbrE9yV_qeHqlfC7nSTUzS_bnSHiw,IRON,II,51,240,286,False,False,True,False
m9GBycogULcWylR0l8Cds8L6arQ0tAxgSUefFDewMny41rfu8_ngJL7-aeazkhBv4T1G4qp4sn13wg,IRON,II,21,14,20,False,False,False,False
iVirMey0LC0i4znGX1fQW7nKCXeoq-2vAGHOdNfKlI5b-N4q0OkZa4pL3jnLzLAyg1W5nZw6YHQrgg,IRON,II,38,84,111,False,False,False,False
IwBchjDN0VPxZuZ-OOhZDg3iIugscoen1-J7Cqk9IP9deDeAKpOr3GlmKipZfFCZofqj_Imurk5bQA,IRON,II,28,5,21,False,False,False,False
7U59gC5RGT22KbaIXmOqyuO0lC_SvdfwQg7qVLz-ZlzyUfBXXObSrK1RRjV1HWc7iU5H2oK3j6bjJQ,IRON,II,31,11,28,False,False,False,False
R7C88filqfKz8vJBL58vohZ98bykFoGsXjQJURdkzfnHq6jjChxN-6eQmqv7_zu1lkJzcdQhmXcsiA,IRON,II,97,3,9,False,False,False,False
xWZ-Yo35-j0dMiMCsl0owPKYp5x1K7Rm-QyPmmN8n4t5pOrVKS1hlfx2gQfZGcG79wsRklwTBxuVHg,IRON,II,95,114,144,False,False,False,False
3jI-7pj-t9EJlDyCDBi2htRbs2K6US7QXQa-Z98nW4YRdKE7LTlnwKcsOb_hecoi2NNjX0_9SrJHIA,IRON,II,53,52,68,False,False,False,False
M6VCKycdgLaUZsPJazcDBKJ-sZaqkUw04l9hePJBr5HZt8bJjB4RIN9XXBsZiNUvOCRFmzYkdi6jbw,IRON,II,85,27,46,False,False,False,False
brlYLXOfNeIdD9xQ_iqUhbq8NFVacat_tmAAh4BS8zzzILIqVEyJjI5j3iRuJmxuoFVboTuOJWVGvA,IRON,II,91,15,28,False,False,False,False
-4SQBCDMHNi_g6eb44MPL8c9LOZ2lM4HXz7lhLQXiLOWANNvbcW1q-14vmqVzpuGw3J0EmLZi6_o2g,IRON,II,94,79,95,False,False,False,False
_o_qRt4L7DG2QwyuBOrVazhKiAlr3kWH99eM66c5fjmhOfDhOTpiZexxvO6Cs6njLD43GFWESptXZg,IRON,II,42,8,16,False,False,False,False
_Wm_CMXfLf-Vsrzz9axSUwUVv8jTkzGawpwU37mFTmwN9eu83M1fWfEndgRvR2VHNMY8F1nNaU7SFQ,IRON,II,70,56,102,False,False,False,False
gmkkhz_YeA77jZl6TaB06SeBSCZixXTrHTc1Q0Ub2n0dE2oJ3Wbeh7NulywyYHvmReIb2QRzmhWwDA,IRON,II,73,166,185,False,False,False,False
QKoQCOLDSVl9Zy5eGSb2_3ZVCqcSGvHUlrnlu0tILxlfzKSZxBaOLMeDidw-9-EA-Q1yLowem0M0FQ,IRON,II,13,33,65,False,False,False,False
VM_RbwufCZOm6uWIE_zSRRXhxmf3TqmSn3WaWEXRUcoM0Ju2N5jivOkhNWt3kjPcTW_dhL0i-HUrUw,IRON,II,66,11,13,False,False,False,False
gKjdcsn0Qg7f9zfLZ0cLvkMfd01jWQJZ5ekT6OlM9Mc4znn-dh1AH47T8_F5MSZREcapuVbwHB2Lvg,IRON,II,53,127,160,False,False,False,False
_YwOd4ywljUzNP50pQiIvISCHpl9cdGm7YDvHZ5YABvZibqWeKcrrjny1qQ5Ez4_EpacD-atrqmnLg,IRON,II,47,134,161,False,False,False,False
t0zIs8Squkoinv3ev_g59W4NZul5ljfWQ9Uk7aCqjgWu8udD2Ua4Q5u-A87lHtztzzj32h1W6mn9Mw,IRON,II,34,31,47,False,False,False,False
PPqOIas9_mbpKr-CZ0iAHj88M4F1mnYG1lzWEe2rwHPZMS9g_hIwlmHGJQZdM5-GJeg9C1_r6d-oiA,IRON,II,76,142,164,False,False,False,False
fqRIj9nlDAtWvJhLKsYysI6ME6a2uDMN-4fh4LbE1K-crnpO-Mtfuc7SLOZuAWqMeiSFzBI_r-MfkQ,IRON,II,98,54,71,False,False,True,False
3rkgug60TYGR4reaB7HsTHitZedqDvNDfcirX3PTvShidgSa5656Ng9qM5c2NeHwrz08i2jjFcKO0Q,IRON,II,76,27,53,False,False,False,False
TLhReb-nwl37qSIfC5ij2l-9g22MLuQb7CidFiM3eX-SClVJeNSEyujZSjwV67nKaKCP4p8jER7L6A,IRON,II,51,85,113,False,False,False,False
JG4fXV1MSckeBrti_KfJE3DE_D9ilbXyXam6WqCOD6stuur1X8dvEqKoyLRA5F3FDnlse2JKuzTI7w,IRON,II,43,38,55,False,False,False,False
EnJd_SoKFsATiuG8yG4HC0D_VHW-4tftkBYUik5EpofZZJrP-uJPxdBX7IO7E18ORDiN132lifkx4g,IRON,II,19,3,13,False,False,False,False
RCFTxdd4tvVy8O4Ebj9o_WZnjjWXq7Dl17SeXcL1WMe-CZ2wicW6WRCghRybdihvqyB5sDXGcSumbg,IRON,II,13,139,159,False,False,False,False
IGCg8k0B5t7Vp2X9akvTBmxjOPDNPXcRURf2YDkrgVZPmgR2zCXi0d68TYlYeMBzgg0XUnJazOvtdQ,IRON,II,37,11,17,False,False,False,False
Y6542ZPG5G3phmxd2G9tXWvCsrguDYG2xfB_q7vZRvOFXwcrYqLfmmbq2D_pfp4NcKWH_Z-4cOmklQ,IRON,II,46,25,59,False,False,False,False
z-QCQSkeAdz7_qYKWMoedTtHwAEOquY895yA6y4Uzk8_ARkMNHglt5Ei2AypzUPi5zfx2w0mvKoRSg,IRON,II,55,43,67,False,False,False,False
KzV1i6P3DSK7x2jlmGeOrjLGH9Zc3lI9NWf75vaPwBdgK7bDKeo-pU3WoejP7_isuhyq1cuHJ-KcBw,IRON,II,49,1,10,False,False,False,False
rhBDAcFD5lNP14M3YyhC-lokR1wejnNzxxscZwOLEs-RFEm9Wl9L8q2VMJdSqQj0ekNL_LzS7EQU1A,IRON,II,93,5,12,False,False,False,False
SovVdsgviBajCtFLk7Ydpi6j3-n1_2hTHkFvoPlOhbcjk013Aau3SUQM4ywMiIpx2o0HHffVuz4UXQ,IRON,II,70,104,127,False,False,False,False
Xb3WwfTVXm10YsaWJsKSv0guaI2l5codZLoBsV_pqngLN6YtK2CHlEEM3mzjxL5zNnHp202INBd9kA,IRON,II,7,56,77,False,False,False,False
oiyHSE4s6imwG-upCha1tCKP5uZdcE5wsKwRDY46EALqL80oJDSn7dRbdC93f8wezRKI9wVaYl5Zhg,IRON,II,31,7,19,False,False,False,False
TjoWe_8vuymLQb2HLomo99mL2E_HOU8QyZmfFVTQr9CyA2yIgqhmqG3f_HUiEyefw5YDWCqsvti4zw,IRON,II,53,8,13,False,False,False,False
5Qol3wCuUePqEVFNvd5IqAXIQ7_AFW1N3gMjAdSIY3WdroMbFwymTsEFrBPDtZVk9oIeDmLrx4Kqow,IRON,II,60,70,100,False,False,False,False
CpgJ-Bs8AjZughbVUEWOYa_yR_hG0_ywfVLSSG9BzEaxNNDAzohMC98JfP6izTumroGcVXikI0_U_w,IRON,II,92,31,43,False,False,False,False
URWT_xLsKeBHbA5FQRpW1JNq9lTyn74PvUgfXhR2BmZwJ9imvqwEX4sLot0RlxULv5s8GM2P6EA6hA,IRON,II,70,82,98,False,False,True,False
PCLhLklJ-LPr2mNSaPJzh_qaxBkFPtUSY43o6Ju5DVnARSUBPxYdfIZ1v6JWBkSEytYg-zj9jtuzNQ,IRON,II,94,1,6,False,False,False,False
Tdtbyfpyl1Pm-sMTl9YK4ylCT3rLWmATgUuREPzj1NZmOan_ke5-KHbRoUbMW6TOje-qzkyzaOodFQ,IRON,II,17,214,261,False,False,False,False
usTitNo5gQKnOyFnR_TntEK6FpWazVyzK9nLHHo6MquLgGN58ntMO3ZKXsFrTI_2p3kRMoPNqzjZsg,IRON,II,44,49,72,False,False,False,False
vSrWMSGzOmYDg7BYUCd3VmfGOo3RC_NxYRHiiCAySfY0s__uQ-2vY4X-t3rm5llCqVrhp3mlhrng6Q,IRON,II,69,26,51,False,False,False,False
sN7KEP6Oso_bMOBRkLu84jrTVruvtk-DKFJFzjClVGD5Yb5OTQ9iegUzLE097giBN-RdxmkLTVivdw,IRON,II,31,6,14,False,False,False,False
cWcXnaaYOOKHWlAvEkFgEZtHyU2zEXnLwj4IrFUiS7oVVkF_x2AQkf_mf4ftAcqqe6u4ZmjGvcdoJg,IRON,II,51,7,12,False,False,False,False
4IfZgbTct4SOiP4htvfSnuWI4ehi2dSxQjNJy4PckpUy9v1HaCkNISNHKi8b4Qx3fXXqInjj9E4fCw,IRON,II,96,19,38,False,False,False,False
9NuMoK2KFIo4YksMI0Hk8eAz0t2CLoOmep816eFT3P_Za2vpBLyQCyf2Ejx722I4YDiRralLAlMfqQ,IRON,II,59,10,21,False,False,False,False
x1FonRXIh1-chobdJRN6K-2BinlN6sHd6bunm4aTcsXiOHRq_eEc2ck35a_IK4HLqx7i5lLoAOk43w,IRON,II,74,3,12,False,False,False,False
hFrVc-MDb_Lz4kad29ELVJrfQmYJmSfa2fruRyC01uzLbrMtsWGS2FKbGD1E_Ji0eO7IlzXkkCRyHw,IRON,II,2,107,125,False,False,False,False
gdb7CnUPod70RR9O2Hr7-P3SsgT2EY8tdRlUC19tJUdMnFsajwYLzfMRNpfiZEE0fpeYdGpXexCTTw,IRON,II,73,36,60,False,False,False,False
uA94BH9AH6BgCkLgTXEDNQxqC7b4tlUH6LEDoekbIe5_zRn6yUpkoowHr_fgy37TyiaOvH9E20UFeA,IRON,II,78,6,16,False,False,False,False
zNs0hYuZyacZuI3WgsBLKQ3kYQT2MI7dvig35EnBGz7VV9FfmDn1lPHNCroJfPUYmu9YoIH8loBBeA,IRON,II,43,91,112,False,False,False,False
EjSFCDH196IHOata6WUCXkKG4IsaIvfMCe_KjKfzn19YdiEvlQL0FKMTkUFucuOruUXpgA3kvCGOKA,IRON,II,24,91,109,False,False,False,False
1fldtulLBcnvVhoYts8x4mtJiNutKbdlLWjXLLDFS1_mxprEdSD8fhorGLa3GTkkzfytduWx5QlDPA,IRON,II,49,192,215,False,False,False,False
ndXv_4QGte5C4NehV1DjsWC4V3o9xsBdw510teIX3imkzRm3yPInq0fGNZxBebB7aDYbNLLfaYYOqg,IRON,II,84,5,18,False,False,False,False
nQa6mte9_o56suo4VP4-ZagkH0Nj7BeF-DJCKNj_g3LB7MqZPbtJDBwuDTrG4zguspQ_TEz7H2b2TA,IRON,II,59,4,13,False,False,False,False
VobQcYYgRBvsc6yHGmvOlfuWcXAN0mltGBwiUDohMck-uj42HcDSk2IdJdqw2FAC5WL6CrdHl7uabg,IRON,II,26,17,22,False,False,False,True
LpVfuG5U-FG7EomTh9rGDIg1V8YLizLVHwIOutU4ZCrEhEKKrXUvP-KfQeOGn0oOZ03gsxO20sb6-Q,IRON,II,29,26,33,False,False,False,False
jX_PN3u3zVFsMV0FsQuY5S-gvG0uP1xhcbhjovOQlYxHFhsqghiiCdf_7jIGdIs_9SRmvKc2uQB6Fg,IRON,II,94,44,68,False,False,False,False
hZmiaMVjJOT1dj2GaACPfBL7F_rQT-B-CTbLE105-3B2ik-6dvZaEr9n_9dqkai3_4Ewyh6n5dTOzA,IRON,II,42,2,8,False,False,False,False
-2mXxUZvX5oxXwEnRy2rZCZfkGCs9Z_wZRGXxEcCSrtTkN1pHpMESfjGMqBnvnPvewbehCetIDCUbA,IRON,II,72,9,19,False,False,False,False
S62Qv6m2Y0MsvreSnEldT2yMGpUHCcd0UPPFvWhdN8WtKQTIgRuLXjecu-3GFpP455hR3r9jHjPTYA,IRON,II,65,1,10,False,False,False,False
twp2XmnuS7XJiteT7dn09YzkJCdZdd3ItOnh5G64NVPplL7fQ4-uhuMcLa64-__2TFVGUKYH7zPNDw,IRON,II,94,2,9,False,False,False,False
aBHCmSGLoJIAQtBeVezJjbDAVO6VxrRy641xVVJ0JYHnTLQ38nbblZ1ZGo4T1R7zMypod_LW9uvX3A,IRON,II,91,2,10,False,False,False,False
JLIZ3Bm7zi3Jxgw_UYItxEZhEk5ZAdy1yqt4PBTo99RP3McfUzWtfVfmxZBYgB62sw8grYbK8ELWzw,IRON,II,52,0,9,False,False,False,False
iA8avDmOGWf5Zu6pz6HJVo9Q8RfbUtkOyt_LXRnysIhTjy81xRaovHgjq3FjbDkJnfSefm0F7e8a-A,IRON,II,20,7,19,False,False,False,False
mw0-RTHyQN1NSRKfC2dmmMc7RXVqKBR0UV6XRfXTUFvR8QqX5nPE15rhUwUCiqSZ8TcoaAVh7uGqOA,IRON,II,43,70,92,False,False,False,False
yyX4u6wnJq9GVAjXBDhpS_tQ3xs1vWMK5-GrOsgNZ5wXJMTkxYmVODGp16hkKuC5ZitES289AzcSlg,IRON,II,80,3,14,False,False,False,False
dJAf-VtaOGBiGNHFFl1EJx3IvLW8PL59Y31lRs3rZ7XD_EmdEpOj2M6NJ6qe6uKk2tBzSdHJL75YCw,IRON,II,94,3,13,False,False,False,False
F2hyqYFCw1ZDo6GS-ZdcMepCMwyH9k8NhGZisrNnbO50S2cwyhK1Acv1FgImhRMr04BE6zH67VHkSg,IRON,II,80,9,16,False,False,False,False
mv7TgP04nhIINj2NA_KMh_247MzZieb1eHknRGyLw1EPv37p4OapxwKWMj5AxRFHw6jnYEZQacymqg,IRON,II,20,80,96,False,False,False,False
NAhkTJc2Q4qYUs6dd5NcvhUVW8UWT42-K2NJd_ZT4IHFa7us3lcUg7AGltEDQDElP7PrTewdW-M69w,IRON,II,69,32,48,False,False,False,False
w9YLoN4nYNsB1Q9YPUbSiWX2PdPj3lpIvqfYCrnq6QDQ9om7q-QhAlDA4XCX0WpLmg1QZaxafxo0hA,IRON,II,43,179,200,False,False,False,False
KSO2NkXgyy9sWYFnmwVoF83FWsrsn2sXJI0vqZ00Tf-R0K2f5YkI8ApDx_it-hwnW_GJEwlmT2JJ6g,IRON,II,22,54,74,False,False,False,False
gAY-9TrXltNjaezYLJ6VdA9Fl4degHVuhqkMyvPaSZx3uMm5JilUP4EtAL0J6hvjT93dCdIMfeXJrQ,IRON,II,14,33,47,False,False,False,False
s1pSQshIXTvx3mtH5lHJBb2TuQ7Grqn8EIqc_9tbIhuhr7JpRKvPemjxdwDs7QWlEp94igmx4p2K3Q,IRON,II,64,12,15,False,False,False,False
_TD534Zn6o0RHpgNrNuwqLwBUM7_nhPpd30y7Mydcv1w2wEfn9bqp11hDi7U4MVcNSj6UXg62tFYZA,IRON,III,59,33,57,False,False,False,False
QG438b52HqGPn4EfRzrwQ2byj3GNmIH1UJg5iTl2TlKFuppl_T9BbafeaZQUcarExRrWNFdmfdMfHQ,IRON,III,41,12,26,False,False,False,False
5_g4H0Zt0SqbqeSWevKFMdlqFv4Dk317xIV1OV8AgOEB_ZJQOYt_at36uQhm2FpCpTgj0YGvNYRjhQ,IRON,III,36,68,101,False,False,False,True
ASx-PamRKny78NeiqQuaVibbee6IWAoU1wB69VazSNtCJMd1UBtPNnaLh26jepbTKZ1GtwlsP4_NJw,IRON,III,91,29,41,False,False,False,False
TD3aXVvgAE1y7Wv3LJv3bfamkXtVU5npCyo3k-CcZLSy-KLquVJ3-vklb2YAL_Tx35W-BaB2DQin_A,IRON,III,47,36,64,False,False,False,False
t8jZPoDm-zpc1UFwnmy8X6Oe08LvxQ5qYbiWZdTJpqErwNy6MuB5mjlfdAlF72eZdKpwwP6ZL8hvJQ,IRON,III,95,57,73,False,False,False,False
mLqu0hwNUQ8UgpFMA6_pEqahNcVqu7FCTxMjP3RihJ6jn0RS097wC_Ozh5XXAEDjRKb_tyNlg3jyGw,IRON,III,67,55,83,False,False,False,False
1N5ZKnfHAoR4xe6aeaDx1hJutpJrsw4oveWXHhm-Ncwylo6HjovA-Q8M46bnKsdpawoYAn6C-tUwgw,IRON,III,21,64,99,False,False,False,False
jrMJ1-Y8cUlKvJm7Rae08linoobHPdT_UFTs0TM_CDq_MMb-qD5e2Yr0insNakJ1JFv8g9nj-MErhQ,IRON,III,83,9,31,False,False,False,False
PCjNZDlxrCdIaKfgASnMfh1Qcs9oLQOP9Q-1eq7Lnb2CXKLEg81uUtQuw6iVqaKFV4HMg1mytGx9hw,IRON,III,46,26,55,False,False,False,False
SXECK1d18HfK0WeM_WfPtMB_Q3oS_4PdG5_gpLgZBsiDz3AWmS2E10wuQjwaRKocoFggQrU0_VuY_g,IRON,III,12,83,152,False,False,False,False
8qecLaSbaZFB-9_f7lxgSpPqShv_3DuhYx86ePb08inRbBzgE7oKtt_QRbq5txwHxn5Hl4v3DhdfeA,IRON,III,59,166,227,False,False,False,False
ZJwWkmg-D94DT1RyNaEaaXlTkDzEIM8iZRpGu4L_u6LqYVIqe9sABmC5OZwGtjyPmTcW3vYLhCVXJg,IRON,III,74,20,32,False,False,False,False
Ulehc0oS1Iw_dKyCQ7I6w9HF8a3_uPMFl29vVHXDzo1UbtnqYhyd5oCZR1bDa6H4vPY1OI8FelhLnQ,IRON,III,30,323,428,False,False,False,False
mhrEK4frPQMzKtHf4Qu42TzWPXNhdG1_pYBUwMp0JqwElhXUFlfY_O_JS7d_XU9VPAv4JOWmyWr-jw,IRON,III,70,55,77,False,False,False,False
qLHT_23J7y3hFG4LARxe5KD2RReAJdm41atFGwfEyw-K-KJRtcX-gTdsjBpUCGVRNaCMrTOQcNtR3A,IRON,III,66,52,70,False,False,False,False
6B9iFPaRU3jUkbE4WkOVd8aXo7MIsjjejIuhlikBbtLCb_gWrTMl4jFSeukZkM2STM_CVMHM4lOiNg,IRON,III,14,65,89,False,False,False,False
5o-UxQL9yAk0XsQgOQzvsTZoQvT7tACAlYtLJHsWonwgCjZTP4kF2KZQRpsbv6p0EMCGKDWEzlwFzQ,IRON,III,25,14,23,False,False,False,False
hNOTJwiQy7Ieej4pVzB4lEOLFKWjc0XwvPsOHYnMgdGGIFFiImxPF-X7U72ZKYIWZdBdeLai0sINcA,IRON,III,25,7,23,False,False,False,False
ld8pAxpRI4BsNviGNzB3UHh64Zkd4P_l0FAMRve-ahI9ypZ4E3gDYVi3IoTVIjkXDrF-M7YYyPDMdQ,IRON,III,51,48,71,False,False,False,False
EAdTiqqxMgMz9IgVEuwxe8YcvUxEOt2m9YKoCgvK3G5xr9DGoZYwlJT_krsH81dQ5g95qu_wMy8Ssw,IRON,III,56,13,39,False,False,False,True
lplfDNNxmq-DUhJKInNiAPMq1yXN0wbCUfCXdBJwHFvD3tctqd4buKfW9mzJcMmhsukRKMl0Pw6uPA,IRON,III,92,61,84,False,False,False,False
wn8SDOWGJW5NfppYkhnGENiONbO8sG5iT4osALkbzasqKWFwlb3nvYp00kCjOcb2d0HJpk4bcv7Akg,IRON,III,51,124,153,False,False,False,False
2NRbMUlYMKWU-s6dsUvyN3b56thPfpXTNC3TgyKE9rFc92q9_C754Pm1_CbD1YbM0uBlydRPE2zQ0w,IRON,III,12,21,38,False,False,False,False
z8fgzdmvD7sYsIdyY0-cZ2dCXBhf-b40kykn9Nx7VqEmv_KfjWl0f4xy15edb9zb9RvXrTcS3Uz1mg,IRON,III,55,8,23,False,False,False,False
yIEwTP-ZIipm482zzrRU-xsUrf39AhBch-xrRset87Mt-ERjCKygnYOSjtkzTAJqotdWP5_hcMAMIw,IRON,III,54,9,30,False,False,False,False
7vhlaxLAXZ-oYpCVBx9tWdgpOVDzwHbg6oFVv_ydWo3LrRaCt57AlI1NhsHtaG9KMMZJVfnjGSYj8g,IRON,III,14,63,82,False,False,False,True
9rj0LF4spoZ6EK-qNvpy9rw1UrONZGmhm9SbWcEpcdiCoYyRLLq6HiYd7HEZDURi87bgqdGfwofFUw,IRON,III,9,13,28,False,False,False,False
yLN9ylXfYbRu--YDK9d3w9a8X-6WuNRhA-3VRnVBcTABcwyRZMNs6Bm4975UCyuwJ3Nlihpe_w1T9Q,IRON,III,79,1,11,False,False,False,False
DqY_4vOSkjxRmBgVif9ggO96pYJsKAq23SXF2Dg4jMYO3fKBg8asseIprZF4V8HyCTMPhP-_3BWP2g,IRON,III,43,29,58,False,False,False,False
TjlWC382JzFg95pZlddQbdn37i_XHmFEvb-WnBbBQVX9oHvxcF9z-kYFePeJxiJ5FDxfgw2RdBGrlw,IRON,III,43,138,187,False,False,False,False
br7kiujdcj1AbI2miczPLcCBO4-_QDdcIGhIXzwqsPCRzP5hBYM5VAiLFrP86yuHWhLA0RWIG0N7EQ,IRON,III,84,173,199,False,False,False,False
ml2aecQRXSnclghBqiCmcj85wAOKViicfwnX2LwXjmMNNnDqcFLldtnJRb8TcxAY1kMBzowUMRgZXQ,IRON,III,99,40,105,False,False,False,False
9AZ0F04H5sMl5TQ0LLXlnPh7-ABj610DzMbKuVhdWgMoDoD8SzS62lqmxyH9ch0jHMaehXrBe5Ozog,IRON,III,13,85,113,False,False,False,False
h33sQJCDOFcPdSWd7rTQStG7ECvHpygmQYOxGO0nCdSYEsKcZjI5NLgie00n7kCP8EH1Y14n2dVl4Q,IRON,III,85,31,48,False,False,False,False
wtt-KFhXD9WCP8WVNBxx2XgQRV2_GUOw1PTX_zBe2jo2xlHpi-eP3Oy_XDQl88R-64VD3ALFVuWtWQ,IRON,III,95,10,17,False,False,False,False
vQsgsWLyowhTUzE1Jfc59j9HOn1OSK2evQW9FcZXZg4YvRk6OsmNz447WxHyZKzPdtifQJxAc1heFQ,IRON,III,40,121,156,False,False,False,False
vAjfm8N1DbX4ZTX1DJ3a-ia8G8MPHSnBC4YnhnpogFiBUb1-HKCrAVK7Fd248btLh1AO_D_mhSE6EQ,IRON,III,79,24,41,False,False,False,False
mClzs3dw3EUcUwy68d2JzTWn-ySO-jAhMfIbUxLrq9thgn8iBwv97cC56Ljm8jwID6xUqs_ij8Wq1A,IRON,III,66,26,36,False,False,False,False
bHO7Xqvh3zl9-NQmhi5vUJ3tQz7Y5y9M7Bhu6K0C3FbPQkPovxgAnlVhFlZZDuIb-HVGVF22roIhrg,IRON,III,1,49,72,False,False,False,False
wkVBtvGhKE8XvHjP4z3eHa6TLe-gZAOYwtB1vXlfLW7u3EMngJZ1BKVvWd590W7pRk6UTPEyWkfHiQ,IRON,III,48,8,19,False,False,False,False
DvA1uLzLYGosRBaof8zwTWtshCX0uXAzxwadJoV0RNB4yAiyI1nZcM017P5inVfUH4QAseH1mNEBKg,IRON,III,59,9,18,False,False,False,False
WkEX5z_aA7tz_I6ybEQGPnvnFs2illDWCSXoB1U9EwLxsd_OW5uMYgXNWfkBq6YQrzp7XP_SeD4P_w,IRON,III,71,33,47,False,False,False,False
lCgtAP7EtRmHqik_OSbxwBkOPyhD_l3r3sEBQrs6_47xHWsMvFcI1mgSxRxnOi7UlDaOus90i1hfJQ,IRON,III,56,11,25,False,False,False,False
6qyjVwovAi1PRvWiwlJokqCHLMYH4SWxeAeWmpLXa0KUOM98karJmN1HbbOtnW_dPYMyaJ2IgFNqow,IRON,III,97,10,30,False,False,False,False
9-eZV_cYtLWP1GoGtUlkt6XO8nvKnn_VsY9mDRohggBzB2IK90Xhiu-XDGKZJkAHf96c-PwiPalKMg,IRON,III,20,3,19,False,False,False,False
gf6UBEy-kW4p0bFtX2l7iTE23mh_ddBql1d4J1-Utkd6PV1y5vg8wRpGDl1Cp2dY4EaqBQvKKXZpYA,IRON,III,83,19,35,False,False,False,False
P3qiBN_llUoIS5bULfXmWFKBXSGm7OUBNjmZBsP71cie4sPlmwnyDEXClehYzTC6PkW1VW0N43pqsQ,IRON,III,68,45,57,False,False,False,False
rGNKLDc4ufBd2iCNNysdWkxkyRCcLfgVDLhKiWPi6KaO5xiB_PPIrOcFJ1JPhCnt_5cIoiZjI8KBJg,IRON,III,33,74,121,False,False,False,False
n-vS8vjnXg46Csyj3osdsmtNW0gIfMFp0lSOdSDCACXDaDUyNnfUaNUphk4WiHr9LEFL30dPRiyQXA,IRON,III,78,10,25,False,False,False,False
DhEVzPpiPArYNzbOf5JuFXV66iaq4JAhhRbf-yGqGoC1zW7iQw9Lxvoy6jIeCpl007C1JsobX5z2rg,IRON,III,79,45,63,False,False,False,False
npJwyBUgErrsgnMf183Gd6NSxBiDmhFONDOsomozvYH0lToCR86NnDooGbEqu08NKNmqc4jtuaBgrw,IRON,III,61,39,47,False,False,False,False
SaWs7ybk5g-m1IUYwqtDobOudS0hUYnX9NoZOzMtNzgWPqXgO0Ho5SboOs4n-cHWSiWeqocbU7_s6Q,IRON,III,78,3,13,False,False,False,False
9iB6gfy1Fh426AFKjULQwzY1YMa9KmsysV_UiqnHAHBcjMcwMHPCZ2VN3n0lckcwdcRGRYU86jhWqg,IRON,III,94,0,11,False,False,False,False
Ydksdhv8Mf7FwmlRbVAaZpek6XlADGl5tP-o6NaWNvNfIMRUtwFCazRTVg1Al5BZafD_BPkxBinRRg,IRON,III,10,85,113,False,False,False,False
V9alWq_eCd8ZqV59tUtcSVPGXrV6rk-Lx23XXPgF7xEfXlg0JZZa45xrRXWZuX1zR1TMQqv_6G8MPw,IRON,III,19,8,22,False,False,False,False
wfUjbpveYR6Rp5ScdqK3-RV0hXLxGF_VuZHGlhwNSBGHpEpcRBl-bDw-ncgO3rHlQ7Im0OcwqIGh0w,IRON,III,39,43,66,False,False,False,False
SBM7Is7Te_fVKKxATqFPsr23TN9c04iwRULAk7tI392z2sm2MFYJR3Q1zQ8RVIdzZD-ahxbBFWsrtg,IRON,III,57,435,471,False,False,False,False
YercFgfd0teNn8NWouVztLFSTDPyPbsyu46btPx2SgbPDeFnp1g3kJgu_igmlK9bFLkXF1GcZGz7Pw,IRON,III,68,16,36,False,False,False,False
RFkKJJnDVlueYSTYXq0D-SY_rN52bIioupEE9H32sEMVKSjH1HcgmcazI-yRe5rBvZnzy-flDzagPg,IRON,III,86,10,22,False,False,False,False
LnJdmMd2nHYN_GBDjZqJJsebMC-pc8o4j6Ktaw9QezgdLJP_afZm_AOEWj_Q-pYo_uMyD4Y-ef2-Gg,IRON,III,78,27,45,False,False,True,False
50bX2TX_ICyc2Ssv2oM3ca4eZRppQJEgKUisWpXoEfrz5KNV0mg3J1WDJnvp3qk7FaQ0GCkwZW3U1g,IRON,III,58,81,109,False,False,False,False
fyWUd9qbrTlLNG8oRvqcnG0bVLX3dFs21P4zZoOaCHsI7ILir_pP0Q5o6ptZ0uYvkUZ40gxquxaYUg,IRON,III,24,24,49,False,False,False,False
ENxqzUHWbNJrE1j28b6LufmkPZ3gT4jTNfs-_OkJlbA8Uaj9I_0aYCo_H0OZ71i65B0NqNYNnEwxhg,IRON,III,69,118,163,False,False,False,False
iG41EU92dXa6BhE3Yidb-BAGt9OdSyeVfHxlVyQMUBIoiAvzELrlcdjGd83A5KJlDTJsx98IHJV-Bg,IRON,III,26,19,37,False,False,False,False
VSwbzYRiIOLy7Hi54PMGv1P4-8ZyjRr4fARWIZibO0OT07swTLzlYrWfrhxrM3o7EsiCS93Sdou66Q,IRON,III,67,11,30,False,False,False,False
-SNKzOtQ9MDQXhjj7wijiOW4na9830vioQhKFdfyERBFW-Jgw1FJ1lfNby6rUnSL18NNB-ao0fpM3w,IRON,III,42,7,21,False,False,False,False
-1i205qcjwOyfqkWw_cm_aPBu_Gry2OnbDko_KYH8Gc3GDWaq8UjVBTMqL_s2hJePdSY25doLMRvng,IRON,III,31,31,46,False,False,False,False
_xQKR-BmGs8FqzpHGtB0raQXjA52TTH40MsGsvMUodd6Xv-prUxSYD5dt5thdPHMQ9T_F-MjGCCE_A,IRON,III,81,6,19,False,False,False,False
SQV7w6BWqb1DvG0tYldHfLdgHNJXwmBKNjT5ZvuhB_UVmGN0jCj3nsviqp_i2oBCKUJy5mlRDR7oGw,IRON,III,76,32,59,False,False,False,False
AfiK86AmPIohps7Y9TYX8OU1hpnTaFiO8lT3CljdQOr_hYCnGNaecIVEuxB_t2-dlMwK3Q9IlAHfWw,IRON,III,85,40,53,False,False,False,False
wq5-DsM-l96oWPVE-I-Ug8KUclq_HNfRrq5lmfZF1dgrG4oWEhivTh7LgYKf-VXb9plhdm-_xROA_w,IRON,III,97,3,14,False,False,False,False
3XNUxQder2kRDLc7GsU77WPE4Uiwn0rOeqU3ka4ntSI_iqdBNzzeLc2c_OkVrAR4-EgFj34yF1qE9w,IRON,III,32,36,54,False,False,False,False
alg8r_seJeAEBEm60iolG_CyiApnvARry8R8JLsCq7iJMeIuQxWMGPulHfLbbXvKHNo_f4p4Nk4X2w,IRON,III,52,41,60,False,False,False,False
FzoldWTLxkpmNyeRBzZkeeu1MB5TzsxBVxnJH13pL3g1tf5BNOMyrywpIEkOUFgM9ZROtVB5eaNWHg,IRON,III,41,14,27,False,False,False,False
hOmlGVcJ6o_G7BKoLc7qs9dPVDDKHQmqPGmNZWEm2wKkmhDcHYK_06qvFc2uDYlRhbRYrVN1fQDMvw,IRON,III,71,4,17,False,False,False,False
thUJgtmwqcqSy5OuuGYI51nYWlQPY7IGZ0dh6jq8FPQH4k9CTr-LHsOvQUz6hXB9tVlG_toI0KYRfQ,IRON,III,90,7,15,False,False,False,False
m7DL5tZbL76wsTqI3O0cFPF6G-SLfCGTnhfqr26RUb3l3Hn3zyWjurMt-EKWBXQKa-juRcgRBnL1sQ,IRON,III,81,16,22,False,False,False,False
a1lrRnV2DBt_tOeUIJyDvpPsBPnImLeoFzJtipgmCsy1Dvw79G4Hc_nyAkMYp59H2K_scUwkjt8XRw,IRON,III,13,26,46,False,False,False,True
SjtSyUZZxbSPfnkOCuc-utSinJwBEkPJtzY5medIaZj6CRIfgbh_65k59vZE1kdsRWMf9fD0pmKP6g,IRON,III,14,4,17,False,False,False,False
gss-gxkEZxDnDhK4yjXw6UcF5eM8p3Kp2Dx5EKLDnW0GxnCG0w6exf1xqAbdYlOagPsSIhkgk43Z0Q,IRON,III,90,248,300,False,False,False,False
ihfeBRHQmlw9hddrpIoXYjmHMGTOVArlpmFikLQur2rSvQnPOAWiGpd4QJ8neCVFoF-YaIid2CX6Ig,IRON,III,74,44,76,False,False,False,False
pLnvIyzd8Lu96Qb1KJ4pLrydExwIy_qpGhD3x7v1jPZbjS1k88tEa2_tdMz6gRe_N9TLCItMN8GYtQ,IRON,III,51,114,139,False,False,False,False
8hxWXoZ_eND9DYv9ElWuOCe1KaK5Fyu8ezMRIvEg4kc58ai2mMzc6z1U_OWONMKxp6zmXlNGQQH12g,IRON,III,72,5,16,False,False,False,False
b2XYtAmqdVkJgMtN9BEU7WWrGIXMocZg7cgKU-QBVpcBtqd3o1EnuFrGNPyLsSJzx2mXwOEYrsvyrA,IRON,III,79,20,31,False,False,False,False
J0y53DrtTS5erXKML-iO96YJ-ChwiLvj0aGZ9nxS5_Kf2oF95KlbPVmNGZ3DADWmywpshBr7yEVvAw,IRON,III,10,135,162,False,False,False,False
9SKK6gp3h2CpRAD6vUU4o8ZDyU62sQQ0RCRSMyPazoKRI3Kx5xMcE5R2SK-xBRcr5o1LOIKLvdZSAQ,IRON,III,95,346,399,False,False,False,False
CXcx9QBP6JhBFN-sMdIUOLJ3P5JarK95DirFfEjM2-WqnG6G0jqdIGLJomzu9ym_P_QIDSEi6xDRXA,IRON,III,5,55,78,False,False,False,False
_jl4oMpockt-9VizRVGui6eGkPXu69obhvaePmldwgnRW286c-jXSRqpeFLlzEX9m8Z_aULQ4yjSag,IRON,III,43,8,17,False,False,False,False
hyQPgxjAOBM0b-gHqVgVf3p_GgZYoND9ITiao25AhbEzO9QTzbvkykBHoOrXOnhZJX7oxOWjKyrDPQ,IRON,III,70,6,19,False,False,False,False
dbMPTfiSJ0kALwikgWKl-o7M2FsDiTGTvFrxwyoXm0o_YYrX7qFoLfF_O40nn2kCsMiRUgInMbjF8w,IRON,III,70,19,50,False,False,True,False
CaPSfBvl7IEehghU-OaXt3G4lgloHjNomfAU0jLjoXV6hyadIXxoVxho7jtTQddy_IihVQlxccNtfg,IRON,III,77,2,12,False,False,False,False
DqhQIWsUyMoblj4uU9Gimlh9xvuU8YBybnMHpNPvI0Cq8CIqBU-lRPF2KmUinmUcjwT8ZpkOAPRp-A,IRON,III,12,104,130,False,False,False,False
MfPy0hiz-iAeF-j7s80i7USVu6tYvnbvia_HGr5pKfxR1PndbhH79vYHmgq6PHn2-MS4gBKa2Ln98w,IRON,III,83,3,14,False,False,False,False
SNlNPMERT55aMjs-c7_Y-loHoe3NaCoUIF2am5rVDaiwvHizawbYLBHnsKJaMB33IwxlVrZZho3z0A,IRON,III,62,92,116,False,False,False,False
M6HaIW3MGv3gxG1HEkOl3L_jsRcaV9dA0vDjKY4OAgDa0K2mkmWRLjAr9noYFxzpqCLGi-IP1mQ_eg,IRON,III,11,45,67,False,False,False,False
iOzYAfWyEW74TVhiOkTqG_hfU0FRvBxzEMGcsR8FcOP5C9GnaI0hKK-x5XhSzhH_ilgOtKAeAfm8qw,IRON,III,50,5,14,False,False,False,False
8WiIaKCjG0ZBXxTIInTyh1aUd9MG1QbaVkh_QpqO_lfB1vzrtZDFuSOKgaFSxvK-Ncp3mPi93J1DdA,IRON,III,43,50,80,False,False,False,False
qxkWXT3YeaJS2F9Nd2FpLJVLMkDzZrSCHnr2zqx__WLtdnZzHj9oQc56FKNKYT8PiunHXSCcvzFrMQ,IRON,III,75,66,83,False,False,False,False
BoaIgTJv19P93zYJZ92O5m8zw8CYI5vVz15__qqo1x_VF4B0EFfI49L043rMX50_sJA2amV6xz56Qg,IRON,III,71,7,19,False,False,False,False
Vs5twT5uy97Cpd0nPzNikrkOvNqlV7Y_JsqFPdKBLRgRyHJkHDsbzVp3baCs2nKtuMhsf8XU6P2RhQ,IRON,III,20,24,43,False,False,False,False
VmQ3ltvUGfjvxFDg-ZhupI-swvoD3kSW4g9nFOizTM-oB2jSe6X8nCFp9YmKPXlDU09rCf-uURUL_Q,IRON,III,66,50,91,False,False,False,False
5isk3O4TmQ9vF9BTDevSk3uzNH_k7U0lF1WEgkzY5v-0F35CUTwrEEIARVdS0q2KZmEyce9pnJoi8A,IRON,III,66,6,16,False,False,False,False
KxQ-AHdAFktTOgoDiTFkYQVYJsCC4tNSiySJ-gc1iz8nTCrhb1rwuElI6naAlxtBKgLeDb7ud89q5A,IRON,III,89,83,115,False,False,False,False
NfVoK5GX_IPeqnzXydt_wORDMqp8wcjQtWCEvj3yZAnt39VneBkOLr0HL9-F76wKiNszIQqY5KBcDg,IRON,III,24,69,95,False,False,False,False
-Xzm7RaQjS3caPfCJDo2mjb9K6HxDuZJPLm6CWGZne1izzr72tmRxCCXrsqJ6VT18XV4SohBce2Ejg,IRON,III,96,92,131,False,False,False,False
HDto1HGRmoTNwljZjHcxaZn4GK9ENApJSKzqxgScyt14kj6r6FvsPt74l6XzbZvaS2ks1HQn81D3Nw,IRON,III,92,53,72,False,False,False,False
jsLWtg3e16XadcY-cyRUC-EAOPuOzlqvTfaxJVDpaIssmWMfcBwrKBn3n-0iv76g5_XB1sbVB5D3ZA,IRON,III,36,18,27,False,False,False,False
TX2bhJ77CDmEeewNo_kfOH95zLkW4h5xQ78c3AUV8u4w9OsY68zLN9LasXohEjXtbH9G8P8wlwgrwQ,IRON,III,62,42,60,False,False,False,False
c6Hp-SzIL5H4tPreF-tHqxxsfU3DhqXy-JyY8Skg7jFxetmQtXbi86bLoHOPVWZ14mDl_xCdUzjW7Q,IRON,III,95,4,16,False,False,False,False
1HlIBpC-xwZ9qgEzmAWZfxgralfQga_J4Qpz4fnkvOMdeVMXBFjK9YqI7T092DTxJEj_72wiCzlntA,IRON,III,23,51,79,False,False,False,False
z7Y6TBKhxbo5vckJoQSnOo5PBZz74XSRovhIzqD3wVECFoWLRrP6Wgt8hMiJVAxvN8u2tTFsqvqohQ,IRON,III,43,78,144,False,False,False,False
ckaPeZPxEJ9J0XibDU11Q7NY1vFtS-qyof7QzvQLj4A5-FWErRiB4ML91nolkqDdGGDLDoW_5O25fg,IRON,III,92,42,63,False,False,False,False
xjIKYjHl6jeSZ8b6uavoGjLM3cirMGRDZdH_EF4onJKt8MbUIj4b5w_WKfb67anmbX4zZKy0BNrTKg,IRON,III,84,74,107,False,False,False,False
Xs9xGZ2AJ_bHDyZ-6SU6Mv4V5wRxXBeHjjyFIRIOBfyHvxrVpiEhEwUyOTwtvrJOOnxlrN-LKdD74Q,IRON,III,77,8,16,False,False,False,False
Tf-ApJuJlad9SMNjrOH982k70gM4tMkHTVCnfceYNL0UoBvcG1EpRqqvjcaf0JKDPPtPD1fENivYJA,IRON,III,50,65,82,False,False,False,False
-G7pLxHHqLyo0Egvo7tFUCNlXKFpzz3uWgpuz3Oz8GgUHYSz1rmAx4LSfXWBlAyxYO5T40Fx93f0kg,IRON,III,59,107,130,False,False,False,False
3HV9HJJHNyWaZyZKTCgguyayTZzKa03h64vcsUhAy3r07VOouwNdokWtE76Um3_O-6fhwDk20G-diw,IRON,III,29,17,35,False,False,False,False
EGYlMkamJIzD9nTdoR83dORCaQfSWskU3wal6OXZqxmeLLcJ01YCBpOtbea-Mn0rTC36IuTCfuLTTw,IRON,III,62,117,138,False,False,False,False
HB4XDrc1-m-oy2yG2PHo-WRS0Op6jLMu8QkObelolZiYgkq7bcUJxp6G1u_ql28PRVqx9qlCj-pQWg,IRON,III,10,86,106,False,False,False,False
i3n64DJhcCcG6-Ez5-crPAFhVpWgAEBJzgCRUClh5YjlPpGsPb2YL-ILtoZKmJxHKYZgrTGnpcC8kA,IRON,III,37,395,546,False,False,False,False
-MmXFFrFwUTy8muvboZHK6j5bvfP98ANRmlpX2HdcPn1u1jg2MO0YaUmXF9f0EN37Ul30NgaMpOqCA,IRON,III,77,21,41,False,False,False,False
5PXna9EUD5kyVS4mNkQpUP7D0TeuSP40cWciHxi1XcRXeg4-SZcUlxbOKEcsw3IRjP29F8RMm702RA,IRON,III,84,42,57,False,False,False,False
ufBV1bXaKUcw9TY4EtMHcHv452VSb1l4uNU4Q02YNuoEGOdswRvtIlHtGE4O-c4-0P6UtveytxmCig,IRON,III,97,6,22,False,False,False,False
OgoPluNfdDeDD2bcEBrIUilMhSf8831tCFtHtbkNsb2wx_CfUYGajuE6yI2klRxDlPn7AtgIsb35YQ,IRON,III,4,201,224,False,False,False,False
HT_JrFCYIB7VK9lo3unsysGdYiclj-5u4J7PdwVc6WmPw5tJa-WjPt-p_7Yy5fk0Ml0PZczbjdzEZQ,IRON,III,84,14,21,False,False,False,False
oAY4Xn8qwxqpnKRI7P56k5CZjRy9CluioHftMrdgrAXFVhT1fePPrFGfbM0p3_jk5VlsgZdFt8wDEQ,IRON,III,79,17,36,False,False,False,False
9cvJM-RE1wQOPh5xCfPh48w97rKrHa2jpiWiuhyV1uzfEy-2O-c6a-EtNFVrr1ECLfqKq4M7eNFQVQ,IRON,III,0,214,272,False,False,False,False
hDbzToCGLSWWCDBAOsfhLYvyqpbBFesny-hO_mcxySKzxlmiScKIxXQ0dqxv9pAzHd0_V341AeZtlw,IRON,III,51,20,27,False,False,False,True
Y_cEzH0txzT6noNpcC3ezZl7vH76O5c0Jju63Z80k18YOU6tahEWiUmrfGpazY2ByQo0VzW1ggOLqQ,IRON,III,1,29,51,False,False,False,False
-gqi_E-_sGOVEgfQqjgpQILkdMtvK6DPqKj280PydaY-qGqrz3Hx1DL2Sl5oFB2hqf_mPmIi8aIhgQ,IRON,III,65,38,62,False,False,False,False
ePILznqiF9xVbh0lGdBPYAcAd-huRSuzViuedjEfrlSaAEYBccc-wNnYTxPUe5zM5agSigDzBKoSNQ,IRON,III,41,91,111,False,False,False,False
LsaoUeH0DgXmbQwSVZEsaumAB2iyrexGq7i2Zod6MpMAyGpAA7lIS1DedP-IkH6oydnTXrnniCUnTA,IRON,III,78,9,23,False,False,False,False
mh11e9jkrlRrhAvJB_Fdf5tH0r_XwQEXK4mZV8tq9bhyOy6fkzeFx5l3UfLTrTrS8Y8de6RXAR6-Bg,IRON,III,71,30,40,False,False,False,False
9w5vuJFm9TxCFRjr2PdcBbGwTpe1GeLlg8Iae3ZuinV0145rFINiKappQ9qrWqlltZgDDQ8kYux1-Q,IRON,III,25,19,28,False,False,False,False
xcVk46ZOZGcOkjhvwGq3HgD70JajmUsi2b-MLqUMwNvOltHmQ_l1RptppHwtZUyHW_ijrsI8Sw4ZcA,IRON,III,67,53,71,False,False,False,False
YQhSwo8I739m4XiVGneeLsNfFjFdxgEjqQ0a1p7tdjMvsnQQErPs1_-ZQNe8_Hw0gz_KZZ8uwAwFZw,IRON,III,49,19,39,False,False,False,False
N5l-DtOjLG7dTHBHVylJoeptUdDr9i7xn8qcqIMn13GtgWt0foz6pxpoX3mQievIzG0QvhW2kXzOPg,IRON,III,65,63,96,False,False,False,True
yhr_z1B-Sy4HzUcPD4wBjKApHKRFW-gbtDNTqdFzhZ_OpkACOi6gIrQfrBSM3y3zBRC8tw3ZX3xyVA,IRON,III,51,87,170,False,False,False,False
lRJXjry61evycSMmtyFEMu-fyFoLuO300E7kXeVKFM37XwszmH0B1c8vPA4_z10yu4lO6UGbmekHSQ,IRON,III,95,24,39,False,False,False,False
KKtOb0kg7gQjgxcKs0_2GVZbiFxL8ghD-UVvF2KlowHcu5-iAGjHsPkpe5K6jO8cd7Zlo98aHys3YA,IRON,III,23,75,101,False,False,False,False
GEDPF-8gGifIpsqFLReVY6UpyjiTAwXmBFZsV3o52T-FCDFfBA1PYopqFXaWUmKkhJ6nH1c0Lq7LKg,IRON,III,92,189,213,False,False,False,False
7pHryTlMB3L4lfD8W7eDlP0NXE4dW1pKoAsU9Clqe98-6OH5je0JwM4bbdu2FJJssJtpaAU02mnjoQ,IRON,III,1,105,154,False,False,False,False
_RbuHzDGyjXpH1EsbSBj5ovL1tk6DIqxh18or61OWgSZga-KN-HlT0KFs-uK28rqLOf5B_5AUQFC-A,IRON,III,66,50,72,False,False,False,False
sBGnrRT8Pc0FDGdCE9dZRltewNwRwZdUirJb74ulYW7Ew009v70GFtWDb-OGuCHff_d8DAv1rHv0Mw,IRON,III,83,4,13,False,False,False,False
JnfSH3P8IuQkqhYWAbNqWFKEcIi5OFjf6ohanj9DpbUSwLppS_ISqFwFvTypO-OH-25EB1HCkRDCaw,IRON,III,50,87,111,False,False,False,False
QblnhrWubpO2MkFq35FqHmoXf4cetD0z3b_SdSxnpPz31T2AMGUFFzSGOVS92WZLH2YeVKkfOnDFCQ,IRON,III,5,33,74,False,False,False,False
0bFx2o6eSHkStWUkhrpyQA5q9SJ0CYnwzI52tJRU9xgx91jW1EcaVJ2JMqRxTd1-j_VlP9ttDvbI5g,IRON,III,60,28,45,False,False,False,False
VH5JgcNgZRghgfyOagp_uL5zCeYITM3SGLOBo6CMP4i0iPtVlFa4ErPt0xRNG1_0Dlmhqcb4oxLuZw,IRON,III,80,17,26,False,False,False,False
8hLiNGsdaEhcwineXsZJ97pbuDrOfBvt9T6nFlcn8nOqDO1jtLZN1U4UkTLi05ApejCuHkDk0L6abA,IRON,III,56,6,17,False,False,False,False
nORzSLFhy8riycbRmlKpEAZJxf3nyJ1qcs7NfsAIkRXKvT8KjMG5qxo2rVq-GMBZRKSQjyAnAMxeAQ,IRON,III,47,49,71,False,False,False,False
viH6SQ1zbxqevT-n0Cbhw7YJoyPVItgptn_Z4e5l_wAonmwh_Hd8LM3QUNbXlwRoixPzYchAaE1asg,IRON,III,78,5,16,False,False,False,False
9jdf8opLSVDRQM_06ULfXsNzOiLjG9T9bJeoUxBt6IW6XYlHteZE644i4utyGE5nTh_i1fxfrY-9FA,IRON,III,94,13,22,False,False,False,False
eKb_Xq46JMqhkS2hpyJLumZaWdzWgY6K390DZi7hjz5Y3rlw8FYF9RWLy394sP76cd1yCZnouX1x4Q,IRON,III,96,2,11,False,False,False,False
VZf4wIYz24QMK59qEL0DQklCetDfSNmoevUMe0ZafB5GDawlh5XSwhd_x1UqOMvWLeApSO-J-AQJUQ,IRON,III,27,18,28,False,False,False,False
W_13xypYNiTg8RJeMcu9X9urUA-6MwcqShIRSci2Vqmqulf8RXF_G1sYMNqtEqNvhx6lCfqu8oRSYQ,IRON,III,58,34,61,False,False,False,False
rQS_gx_AIilE0BLlRpIgoNo8pdN6hlzdWyczOPFbpW7uWYKhYuANCDZzSwCFvJpc8gXlX-bU_D8C-g,IRON,III,0,27,48,False,False,False,False
YdbnIultiEqYmDcCPd4t_1FvG2BQXpJkRcXrgL_VbwPdWujfrAF0rbL1wISOr5mDA3InTe8yT85uaA,IRON,III,24,28,43,False,False,False,False
wkZB33gIGw4CdPeLHVyzem30PhoJY11HCuC7q2MI_kkeaNJKR1QK6Fomtre1f-4pPGGdUUrIzsdavQ,IRON,III,83,3,12,False,False,False,False
gEvn-AmtFdWJiYrJqCoyjvHGhyiwCr5OhWWtLIG1bWZZOEVCePqsVCfEa_NG3jynwDhpd4ePFmBnaA,IRON,III,5,16,30,False,False,False,False
_b7jKf_rdnkYAUi704qwHqBEzrA4uESdvg3KvnOG0yb5JJ1jXmdx6zdBCvaSgbvmghy4Y3r1NGRfUQ,IRON,III,95,72,104,False,False,False,False
TRAaBPsGIGnj0rRZTCrMSXZYZqHev2IMmzxupxVAQUY08IyG9EeDNhEN8_PsJLQdSQArGEJgkWLBwg,IRON,III,52,10,19,False,False,False,False
I0rDXZK34Qvm-jx6pBXVcYkqIZIUxHFuZ8W3S4ale_tkwpQr4FP1wkCAtKeBn2xYLzb8i-74Tx82Dg,IRON,III,81,33,50,False,False,False,False
mtW1rFM1jZvjglIMkLttxq-W5epeXT627US_ewfrq77N1SGPOvQo6S_SHeiQ-ibhgdFLsoKf2eGliA,IRON,III,73,36,62,False,False,False,False
junpgQ6fTisgF70LqW-cIJPfWwHJSSK0LBU0YPh6iOn0NRyu33kviyUS6JbiUfPpdYnMKVPO1XzQeA,IRON,III,64,96,135,False,False,False,False
YKADBFdiD9tZgFY86MTV55IJmy0lZmXeGmW48BUZb7Fnotq4CDgEg3luFG00H19IEypJesFuGOFMOA,IRON,III,69,19,31,False,False,False,False
Fe78aqB044Jxn7yC3zyfr_Wcq0t1DGAIWJH7GwLJSAl2YZUWy65j_xoNer4vDDdTr6TkELFMlDAeeg,IRON,III,99,8,22,False,False,False,False
Y1rP3l0hMBzUX-0qb63iPvebRqvqDmWXIu7Qyf4jM6QKXZwnReGUa26fV7kMFFNiMci3aU8NLtBspQ,IRON,III,78,15,26,False,False,False,False
-fqTokBsBU2b2-TGDy8ExWvTyEpTajlUDZ38UfB_RzgtVdehSTPSu60qe8BAo-AZcgkVfXkxt2fyXA,IRON,III,72,58,76,False,False,False,False
sXWwsOtRwb7kArX-bzNK_4zg16dAtLAHALab-STtr40Eq1WuhPt7PYVrv96SBgytDsUSOMWFZLZQMQ,IRON,III,54,27,41,False,False,False,False
ayFlCe1DWQsqGVJE0z4cZDyms-wcNd6TAucaJPihY8E9IBVxo3bI_7NaL45EzDbD6lJtHja3gBa94Q,IRON,III,50,156,192,False,False,False,False
TxlT2-kpse7HcERgto0QpYDsH_6PW4YCbOMcnVwLdP5eX2ErrbrN6s_VdWlnzWRNhrd8pVT3CEUQQQ,IRON,III,32,53,80,False,False,False,False
wzIrVI0btj2SLTw-dDek6Mfin__Y7ue2UAxs6aLmpihdeGzB3eXh1hYgyaM5gUimZrtpMpp89U6K9g,IRON,III,35,106,152,False,False,False,False
XhUnmPnLxlFcES1i78SjiKi80we_AxzpPS0mTqQc6ZFP0YT1Dtyo3-ZG1aKX6-gZEkbGO_3biaCZ8g,IRON,III,80,38,54,False,False,False,False
5-10qECq0Rv_2si94sl9AWuMoR24L_lcJ0cNq7MtWbawCayc1cbwPpM9jnOCjqq599Te0SPo6Hi8MQ,IRON,III,10,7,24,False,False,False,False
05K9l7d0MCfTZCBAD14taiEUF9Np0mJw8ap-2bP415bSmal9kx9qnuQinNs-CFmlKX7kcbvstQU0dg,IRON,III,47,13,24,False,False,False,False
jRpnxIIoCe2yYKnT37u7NpKxTl4ReJbVCNyMX5gH6EGLzLfTJ6_kE_38vAN7fU7NeSTNzkwJvEplmA,IRON,III,49,81,102,False,False,False,False
FrQxQ9l5w3nTcvXysAXMALwIwDt7O473NC01sgZKQ47RoVOO8kP1xnL2RKOEsdTHFgg7rsZ7MRvW_Q,IRON,III,45,86,126,False,False,False,False
KnkXTfTAAOfE27QE-HbO39wZMfUq5FDxjFB8Aky3NgRBEgIcSp28mRF_r7UvvBoazl_DT5BfiTUNBw,IRON,III,5,40,68,False,False,False,False
ihXZN_2hzhe6fp-fWDwq1oW4OXl62zQjt9IAKjWkMSnfXInhGNL4fYvpasaFaVWCVDhttodYasI-7Q,IRON,III,45,46,65,False,False,False,False
oPiZpHAb0WuTjYXt4trL5DCZXtfnUhaj4vklsWUiYaW3g9oDFMbfJ21Kf9eU7hFLuke69knlVm-3rw,IRON,III,72,8,22,False,False,False,False
A4TGSu9SyW0LiI7_vKsMMne6PkcS86lNbo06Y3ebYboUOPDfHuceZoOmseMDfGP-EAk7XE0PaKHF4Q,IRON,III,44,75,97,False,False,False,False
8BssCioALmoDGdQtUTH8bxb3jFip5FY9MKc9qOky4QhhkT8dh_RAVJa2J-NtRrK0aQAXmXHGQ5Q20A,IRON,III,38,154,213,False,False,False,False
Ru_fNVVgt21KWs7hYAoGG3fcbzFIT--cLVzVsAGBw2rz84LmIh-X_D3L-iZ0b_0V0L0AXXT1JEke5w,IRON,III,94,1,11,False,False,False,False
AUja26LydTQvoe_DUwPPhrzctQGSZ3zFSeMMqTbU6w0S_HgftnF-S6vleACZO8Bh2RJwOg_aNIZg5g,IRON,III,99,52,72,False,False,False,False
LLS7Y6T3QR7uBCN0peplJpDtRhB6ZJWw1eDLxaePQxwLFNYl1zbzDVvtjAv1Hrd7zMvwlm-T0CLeOQ,IRON,III,99,38,49,False,False,False,False
IP_2ZxpDV-2rS1llrOFx0QYqUfAE0qSxWzPyFIEvKyZYjt5NYKsBkZnyRMkHhybeEjRNjdPIgwoc5A,IRON,III,6,236,307,False,False,False,True
GtkuOj7yHFvqUG0zP2Y6P6N1Qjl5u9x4_9bPua6xg1lk4qUGrcheDvZqMqi3iJNDN2MYdhWrfZEVFQ,IRON,III,92,1,12,False,False,False,False
YWk6sLCdjxoLZFO6CKBsocr_cBU1JQrZ4jkxx-DqNnoo-iqgDsrELjuM8FbJeTOTOwedh8-GZoeJyg,IRON,III,2,36,60,False,False,False,False
B4o2oPTkCO-NuyUIYw19IzdmVJWve3p-fiBbFMVgpNIdj8W4_rPIyYx7QT-07_NxHnMSRxxDm8KP7w,IRON,III,34,4,15,False,False,False,False
8ciz0dEZTkBmNip1nQ3IHAy8sL637Rm5CAmzRpEhK6xdoplYpwdgQfzQd4jjH5VJWl9Iel1_Gi00Bw,IRON,III,48,158,204,False,False,False,False
5IrkSLx0bcYjVKVnpDqU6dQ75P_k2RECm7rLX-EA7V0X5MC5VEDp4lpb-ppCYylvvuTZtjBUKw5WzA,IRON,III,58,44,59,False,False,False,False
JWuU57-jQf5DhZjMM_KYlcWrNXEBGUAU0qG1EsqiuDFXIHccADDzc8NqL_AiTH7uUJd4ns2Ph6IAyw,IRON,III,59,25,40,False,False,False,False
aA3tFYgyaqdN20iQodSbGnVHDX-CbSeiuxu50Y0PzWcS8ve8H2Aoo2ESFYemro3KQfsL2t1RxTtprg,IRON,III,82,42,64,False,False,False,False
gtnM1UnnsuC5pif-bAhHxob-SXHDVRQrInLzjBM5kUSi-13gkBxJ-WPVXwLsfZ3nV84onudC6XpS9A,IRON,III,44,62,82,False,False,False,False
d63HXlhq6OxEopuSTJzD39Ebb-DEjS_T_8yrwmFL0mEu3zc0AHErfhhOIsyppQMBBeG88vRuK_-9uA,IRON,III,42,53,70,False,False,False,False
JIftPH_o_o80Q81tCV8B0d_RPe3s1gcMZq7x0pjf0sM-PBwtIfGukPW2WjNLsaWp6hPXa6Wwz4NVeQ,IRON,III,77,10,28,False,False,False,False
UZhPOdtYxFjf78wcPJkTIa_65sjrVOXv5G2wBTifnShoBOWQVNGUXJKrBsz84h7mXNWbSphbWQhVlA,IRON,III,82,11,23,False,False,False,False
aY3ZUwI9vyU0mO_6Hqnv5MrdxDEJGoFHapOB2cfPNhQpE19_-4Dmw2TsncC7wj4aylKrQz8UT0g-1A,IRON,III,60,74,102,False,False,False,False
cuIR2fEyaWrTFAdjB6LgQ4etVQsq6yUk1PGmDpd1dUgCt5ibNiBi7SrcqsJP_fJukNdBvxdZ0SuOCw,IRON,III,87,94,134,False,False,False,False
Ug6Y1zL5mBJK6KHmee8Cqy1r-xB3vVkuehRaQWznk4SroRr9kMZ4cD0u0WsygNxq1A9rq8fpQT1oxw,IRON,III,8,169,211,False,False,False,False
oclymobmI3VJPcDiId0ycDUvVD269euPxdoFr1kkPPj5fuSaS6x2Wi466P_55DpZD43Sesv174ifmg,IRON,III,95,77,103,False,False,False,False
Z6lF8LIqyaMTO6AUQ_6wlHj3kINHor2XPmTeSoTbEaS2fOPaV1fOvUQwdQJsMUdlEgztmaKp2qcQHA,IRON,III,74,48,60,False,False,False,False
2gg7-DWEhY6XTI4KWNysyeoC5Q29RXeaHsX68D8aYEFonJufQjidv_A-yp1HbhWqAEwKJT2w2eoV6g,IRON,III,0,95,119,False,False,False,False
d9TaabZPLk8n07RwLhL9CfC9r2MOshkQoKudb0QLGFI2eSTABDNBtK2Ws2WBPdmV5Wv4ao5_HBLIDg,IRON,III,51,75,97,False,False,False,False
LnvftzHNwyHTC8rfzZjCEHQMUFUjBZ0SgvEhEJuYyUY6gY2PoWtH8d6zLT7un9MRl_WmksqPUryEyw,IRON,IV,21,14,35,False,False,False,False
Tz1qswy-SlbtHW6Ng0k1uctC_Mpgeggv9vwlBU-_GgtR_XU0cxXAIXFJ3SdowvZ3Te6joQ2NKp6amQ,IRON,IV,67,130,183,False,False,False,False
iZFD-ahmCovRbBy2wGTRwwe6Lk9z2GhIkWRVQNEk-FyuxttXOLzSqGoTaCLNojWJGlb7aUAtS6HTnQ,IRON,IV,52,4,18,False,False,False,False
3qobT61lmQDW0pdxbmC4CeB9dfFBUWkZZ73pAQ2KMSPPlukIQa2RRjZX_puzXRkTsAS1J5625csjXQ,IRON,IV,0,58,97,False,False,False,False
qPmfgVcN_bVBjKEOSKnTyngzgyhkWLs8UWL3RJJQzGADGRGXq6UYlCkaUTEdacieSvXjBUnqYBDqxg,IRON,IV,0,13,35,False,False,False,False
ptOCoB6vOsDUW7fQ9dC5tBxGloY5LsLyLn7FdbYEuQBndrF0htWN09SPB0p-THeJvXS97zBeWJH0vQ,IRON,IV,29,25,43,False,False,False,False
xReXZLZB5Ssm8061dPcBv78ZdVog0EpdAclXeXrGIId-L1mLhAMWMw_uj2akAIAaxDaJSUF3VUgYIg,IRON,IV,20,14,37,False,False,False,False
LKqy-AmdbS4hi2N6zVPAlwERzvXJrYBTxlXaiT2azvtADyZ4cuCzLxsCU7tRifgisBrSdpNUBom6Dw,IRON,IV,0,45,84,False,False,False,False
tchwWr9CtPQ6y6jd48cQo9r2P_ELmYS4PD3N7poBDiugn1LA6TQ2oyoUNbsa33NvxpTs1l7bVK_IuQ,IRON,IV,31,170,234,False,False,False,False
8nqHkNgijhr3pUq3rZgdIAvWLp6pCYKj5HKtgi75Me8f_eg6I92hcNsfvR-z_9t5GraqfE_1IWMJXA,IRON,IV,0,254,459,True,False,False,False
jcqLLUmpG-pi8Qg1vSc_ARWZ8RMaKttpmGK3zkBzRsarJ07a9vRAOFcBmNBjCZ298bQ8_B5S_3hyIw,IRON,IV,0,22,61,False,False,False,False
SD1HjmD96BO5CdwA2zDn0ZTQlS7dSOkVGv3CTh7UDRm8mKqpbKDRGdrT0GgHIvsX5DajQFcLr3ojfw,IRON,IV,61,47,94,False,False,False,True
CReJGaltvm9aPndJxDHx39V0-NzAzU_uNJHNf1EopemMSGFMF-MrCIoQvEIkTbkZIaXx5UETde1iTQ,IRON,IV,41,15,39,False,False,False,False
K2qc5OSApYr1JE-EIR1JT7IyRgnGOobYq3I_U6vxRgdFFC3-H91NruaeX3ih44BIYwfnrbhqnM3dNA,IRON,IV,0,50,88,False,False,False,False
HSM16nt59GTlVgA73CkjDTPAG2oVr_EIqqQBgaKTIOEj2D54FP0Yn_MNH_rdkvJeXcBCluj0miDDwA,IRON,IV,59,38,64,False,False,False,False
AohWJsuDrHD8hzlXadShe80IfnBlKMjtMk7mLYUEFUgYGVYwr535hDjfUHK5S-yZNYDhWIf6oz5W4g,IRON,IV,30,57,91,False,False,False,False
wuHea1cv4O1PqffXlDgIqKRDAYX8RsdECuS9He5gY91d3i3Igpfh7qoTeyoM-U1Eoe-_UdVOdV1frg,IRON,IV,36,32,73,False,False,False,False
x1pyyWxOJR-c1M2iJUIous2ab-xnmpoMbx0dqcsMz_gg_RKBpuxvrCGws4yws6g1Jn6FfZOWXYY10w,IRON,IV,67,38,62,False,False,False,False
N1OsiHKYYe8tRWlU77h9L1-4gpi-qBscVycJv2dQX4ok9DCxKZqih_uqSZ1_x5GVpCB14p_k-YZUtw,IRON,IV,57,38,54,False,False,False,False
wuKs9QUkZHsrliYAoZ6aJTr6RX0BSra9rFpPfFw2FvFVZA0YLB0ZQyepYCzLdlbbedaynrE6D3tWCw,IRON,IV,45,19,42,False,False,False,False
iO6hxP6GvHV9UZrxRPGvHSsXQo9BDK91ue_bZ1vgRF6WkRb2ozl7PuIPCMXNTqk9zMdRLcY8OpF2XQ,IRON,IV,51,32,54,False,False,False,False
nluJv4fG9vq4fJXcXhjuK5tkxjWXvX6oRLZtbKBiUiZqCD0bUkXjic11gN9mHDdmqiQuRkncrZBRcg,IRON,IV,44,552,822,False,False,False,False
N3uZuIKwUxtWBvtmgdpJhY-pNZ5FQMosszDP19-VSd8aQuexDYOe21_CrKIr25xzxPs686UqIe0MHw,IRON,IV,99,21,47,False,False,False,False
I4VBeSCaBzclO5ZblYVw6EjKBfFHb16r_gILn9KU1c40ZFw8dSM2UpFi3PTsLQNjBf5Mitse0yA8wQ,IRON,IV,0,12,51,False,False,False,False
9jnI8pZqPkWGxj71KkwQho6v6DHIUxhGkzBzRqPjvz1SxNNOsi5Vu3WOI774Xs96RhrHChszjEWv2A,IRON,IV,90,215,269,False,False,False,False
gXdy4Bv16NQozSp-CU_Kbzd2hGX9C96Tne54QLE1V58O0Ge1nR7wMLl3mXB0278woblMe1nIg7BswQ,IRON,IV,0,82,116,False,False,False,False
t1qw1WEb9BEpxKseYlnSknLwGSgTcmwAa6oKvRXWqdt1UwQ_MXCDTpPzA13DUz40h3b-McQG7r9Qgw,IRON,IV,20,29,53,False,False,False,False
6yCJdNaNO0tVZm8TESUWYWA_zXhWullO2V7e28cVt9x66056xdOOvj_KLiXMlQVoRUHeuBETIC452g,IRON,IV,66,28,45,False,False,False,False
jsCENIowb_PW9ufhpF6ZK5J_7OH8vu7PP_cD4sh8MWPFdF6-au_FXUUnSCCDxJoprR-FdZvVrBSx4A,IRON,IV,42,31,60,False,False,False,False
RAmyeckzxTK6eyE4EaA6aKwlXDHlclaK9ACdY0FYe1_xaOTXjy7mVcd4e3ZAA4iVDAtZZgOjf_JX1w,IRON,IV,88,48,78,False,False,False,False
3DnzuTYXFMQTTe5gg86qNA4fXYg0NZFGSOpCpBEBFIiUJb_6xg5a_S2lC5qjiTlIM_cIAiXpPD3Cxw,IRON,IV,95,121,146,False,False,False,False
tue_3Z4J_67OU8C7U_UkifkrglRS41uCpAHzbt8XNz7W0u6zBhB9JGZA3fiZBG8VhDhji_wWhyMmzw,IRON,IV,0,30,55,False,False,False,False
igY58Y-pTz4MT3yzCPopQPntGIZ5jr_fh6ljSwpGi3yMbz-KofHXOWmoZz43QF_B_55vbeWbbcLpYg,IRON,IV,45,319,373,False,False,False,False
1Wens-LwXMg8Ooyg0d4fCtNlU3b10xBh8XP8Lhsi4Ud-smDm9eILD6G_Tkt7OLm_yEOvEzHmDX-4pg,IRON,IV,20,71,113,False,False,False,False
5h2Ioakf-SMQOVdS6iQrSsBvdKFKMqY5sInJH3xU7BslNsYrVwTYsruOul-mg-USEsCADQduXEgs6w,IRON,IV,85,96,133,False,False,False,False
hT2UyaMFNS5fW16l1OL3PjoqCaWRytS3uoc2vpfptoc96W3awsJ_2H_WUS3gaHxTU2x6G-WzlC8ABA,IRON,IV,73,16,36,False,False,False,False
ER541ZoShZ4zH5NxjJ0cF5c4X04Qg15n6MqQhAfFqMJ34NEDAN94CTDd5L3gJgsQi-s0RL021-cfXA,IRON,IV,22,43,83,False,False,False,False
UEmVUw2Fv7P0iQur8vpBLSzEbN8LxnOPrFiIwpW7Lu8q0HKondQwpUnzOUamOez7rp3uIJpmfo0stw,IRON,IV,84,23,42,False,False,False,False
5ivZbqCgxgIqv6Vyu2VFpIiXBmDlJX_muSFTQOmB5wTj14DeGBnKciZSbZGV67BQwkMB5jtXAFVHEA,IRON,IV,0,80,115,False,False,False,False
LhqFhN9jgr94N_3yoZTsu9Giw02WZNXa4z9JZs3a37rFl8iZoSCZK9xAksRexdaWkReiKt0Jyk67hg,IRON,IV,98,5,21,False,False,False,False
FYSu6e2c9g7LBIwzfXIQ_jfJZkyAB49PLOUfabDaBLFuRdtGduKMvXz9B8GyoKzanGhpWv92gc4oYQ,IRON,IV,0,26,53,False,False,False,False
g_6YcwpKhpcOrCS81uZxwKs-OsHlnQPBWeRg6SL4UNBYrYYvDO85PzKWrY6Y3EvYBLopVCt-OiZf3Q,IRON,IV,35,17,41,False,False,False,False
Z5e2uwL8q7sffGamBx0PZojvZE-4h49pG9ITkVKjJc9Ss8aCWfoCjIMhfeYBcpAqbpEabQeHO3i05w,IRON,IV,92,19,39,False,False,False,False
V9TMM9CQJd0sTBoCXqypG8R4X8SMGT9vWG8cB3DSExi_B0xCAg-aFwoRImXlHKkTkHCbgJFxQvjMeQ,IRON,IV,49,18,39,False,False,False,False
ZBuY7qyNaRyTxfNk1FRGEZh-TjIAVi81jF3UQnUlEWok0uXJPbJvYCWbD19A5OdFsYEZ3Cf_emzi_Q,IRON,IV,20,137,201,False,False,False,False
lGSkWOQLj5vBcco43YrxaZNmTuBJ_HmSu33-6PcNvtm9GfcNed12QuZlJXJ21_sBcxknlNlp75BM9Q,IRON,IV,24,51,115,True,False,False,False
VR_bpZwoIRf4PClCQzIivMnq9sB9vt2pm0g9x5arDp8hodYeeMzubZnv_POowF3PCo99URDUrG7BIA,IRON,IV,0,83,109,False,False,False,False
gg5YWlFhhQNCc52-3XQgB4jQgek4hGidYpP-4-SnyrMphPLyFZ4aKK9oGYVxHTA00xgoe7Cg7RGsmw,IRON,IV,0,235,395,True,False,False,False
oFovEy-aUn2lho6kMCUEWTBOS36sYZgfpOSn_quocFLxOxZr88JHd6DpT0jNU-Z2vKGvKcw4zbGmzA,IRON,IV,24,106,137,False,False,False,False
nXphQwyIkpm9IiTSX1Fo6v6WRLf_xeG9FPs0bGY13euLlMdDCmqMOsfpnRBQAjfKGd_6w9RGgxMm4A,IRON,IV,89,23,34,False,False,False,False
6h_PCkycGZMs89nPFozla9tn6DSXA6Z_rQIQ-7l2OtDYQPz97HKtmdbnv6p01WV_GtlkiOBlh0Q61w,IRON,IV,21,127,208,True,False,False,False
rZlJWLnr4lXYv11jjCmJGQtIMs2eQOMGxF7gLrYVKJA4Etzudgg3wXXVUQHTYgqXjLwzWBp6-YgCHg,IRON,IV,20,44,73,False,False,False,False
-DABPEtVWeMemvffCUGRksZrImk3S6KjLlhp11CMJj4S35XqsypAt6mVs8fNSZbE0OR8G2Ue0BKCXQ,IRON,IV,65,70,105,False,False,False,False
938seLkeo9zOraoyrHzmSPjP989ntcX7dI42oBL7JBuRXywE4_hy7qNs9CsIKTwSvzssc6GDNRPwHQ,IRON,IV,96,158,232,False,False,False,False
VqJHDsfpC3QDTwGt36THhNCs-QHutEk3F7wlKSUz4ICuRdd6wTowEDJ2aor7I9MRwJLtr02krscy9A,IRON,IV,0,166,240,False,False,False,False
nZ1JDoI2CbFU5X4uqq0Isa7tfBSifsct5e2omdjyB8muSny8DhF246gwQu-ONo3fyDMufNmo98wItQ,IRON,IV,8,80,117,False,False,False,False
dO7xE7XKJ-4I-6Pa_DH4YRuAejVF2pllTh6zkc8fZgFGxtbibA_hRPxtn3wZGYeju99SI_ksr__Eyg,IRON,IV,0,105,158,False,False,False,False
j40FQGteABfmgSmuij5lerBuQJ8i_SUQ7cu35zz9i0SxLEcQzOLxug9HSnCyZaDStsb6CEc1m7rXDA,IRON,IV,15,98,174,False,False,False,False
nHnwM25ViTqjXoaYf_NkcPhBsPa-4GU7JsB8EUwJxgdhAwsF8YAGm1gJ4uxWDGSKqrFgjxaqQzo14w,IRON,IV,19,38,62,False,False,False,False
as0NlTDKVBauSW9_Iqrc8cW_JfLEeHhjf7VAogPxK2p1V7oCQLifsUs7NQ-SNuZKJ8NikK_qlzyL6g,IRON,IV,0,33,76,False,False,False,False
GTQqCZHg73U4utJUc_sjaApWWyHmx1sL20Gdc5z7EvxDUyfDZBOqhHSSUd4QB1Qgn7h7NVUP0IpstQ,IRON,IV,0,7,26,False,False,False,False
psHxhpgCOCUrzjL4AScaXjUbsA10AuBIGLtEVZ7M9dVrrNdLXCZyvTNQ_gtQzEUAHxePYDcqD5bjUA,IRON,IV,19,71,107,False,False,False,False
zeC6LAz1SWgtIXniHYCFMkVhy556waYjCaFwsRNRwoDjE58-5qZ4rlTHrWdRmTjYqy8OqfFqNU2VAw,IRON,IV,66,5,18,False,False,False,False
aIP0WQYH5YetAtZqZk6ylvl_L_Ozj5KJvTPxSen_YrAuM1lf4kzcW79Lb1PzUTz8OnrbNipcOJKS8A,IRON,IV,0,8,28,False,False,False,False
0_rInh1TtUdiWBFoEYCeeyGtUAjhHbpkyhl5QK6gtghOe_EG15oML5YXatgsmfmeVwXhoYC2Ne-yqQ,IRON,IV,80,41,77,False,False,False,True
rQA0uE-9dGdiGl1iOGj4q1m-SrYE3B4wXnHkvItDODhThnEkxnjbtyXTIOPJ1YV-5ua71HG6KvExbg,IRON,IV,49,124,168,False,False,False,False
0Hf7rVQpFskGFn3nuFPFYZxQFzcSC1nreqOyi74i0k2YllhKqjoAZs0pVN5Z200Wq4_ZOesHj3xszw,IRON,IV,86,91,121,False,False,False,False
-G4Y-poBP6y_dIP5X3tTqoKbmni2JfEkir-WFp1Q49dGYfw5gdKTvyRIw4nibfg6YZE0uOr0Uec8nA,IRON,IV,59,70,93,False,False,False,False
y4wgZC3sVxoem27cQSG09f1nvm0STGopHLBWQv2o-uI2G_jiPQk12GXRdrGhrBY2XaK3MwYfu03m5A,IRON,IV,0,28,56,False,False,False,False
ssIdBRu8hAZsAuAfPeZpoA2xHu91_cBQFtjC9bMpSp3GUSSxdKVGFsK9efJB7MztnzFPgwLSCgOCWA,IRON,IV,32,56,97,False,False,False,False
323H5lrUyJ54eFih0FobC9bfo3BpJEQWO4ZUwlbqGRW4qf_LjJczOePQajvimS-dg9Eupit6sEU7eg,IRON,IV,40,265,308,False,False,False,False
dSdDpHTA-Eozhh11fpQWYSklQRtBcCGAIDBy7tYZq5XKATVfLOz3F-6JGdhCnbGCnPfKYvnBzJDn2g,IRON,IV,53,23,48,False,False,False,False
KQYQHVAYNcAWbgsRcY8wB-RQRwR1Xdhk2PqtpSJGItea1mn19qXayMLQcPAF6w4bl45zYNN9lnuhxw,IRON,IV,86,84,118,False,False,False,False
kmqOEtJXCrtg584qmLtvHn55EmSEQKVyiS4r641zTgWiu-ARYsvLuWGXQPICE3DQ499mgI_PKxDDlg,IRON,IV,20,80,131,False,False,False,False
0kvlFgAiiUdBhbQCsFDHUzQCMoXPE6oQzmuqYlt9TGiVVrS40Yrv8O0EUvyDUEkNeJLxFu5o-5goLg,IRON,IV,31,39,62,False,False,False,False
xtj95AhbFhu7tAuSEW5b3nZtSVMS7d71SbmzpwNfv1y-QLOfKLfJtRQUUQK9_YwF7YJBgcFlVLyupg,IRON,IV,0,145,212,False,False,False,False
tclQse7_Bh9P4Fom-IHBKSsj4629sI2MxBJyV3-GrmK3etOh6yKqGPE4uVfS0Rtj4Q_Fb5j5OrP6og,IRON,IV,98,87,116,False,False,False,False
WGDNr1hpxaIT8MIrr78O70fIDL6_bkaqlvIOEj1ihf09RXJwDZjgV8J4pZH8XRCLsCSb2Cz5Tmez6Q,IRON,IV,90,51,84,False,False,False,False
LG9emAdaA99J35h-OuMh-vyJ81DOJhjgMxA4pZkbnW_DeSq4xdwhUtGrYXRbzKFGupTnlW1600O6ig,IRON,IV,71,38,73,False,False,False,False
37ND9O1M8sYFAZvA4ovR9jld5snY0LRHheWoe-6O3I-mFuIB_JwXFre26ENEoL1Exf0oNaN2F9k_uw,IRON,IV,69,68,96,False,False,False,False
8kSPG5nl0HonS6IIim-tcyUHA3d6b2Vuo3l0mGLObxJMrKiVCf4Z6vRN5Jym-krE_4ukMqesOIRw6g,IRON,IV,15,5,25,False,False,False,False
xEBzhg5w0eqJB_d1AmHPIT6xfSOuA-7V7w7yfPztjI9O4GFmMrpt31C52WPAjUsPpuVQckA855NSZg,IRON,IV,66,6,26,False,False,False,False
APe7_fglsIuHzxsszjWnEu56wkBN-cy2EKOKSbRRVIigOYfbB3LC1XBqayxaMHzSdDn17d8uUlcybQ,IRON,IV,87,96,126,False,False,False,False
iWxOKKXxN53b5xwBoS5qMelsy0Ddr9Jp1atYU-jrOgocZm2AKAyybXWvASzUr1eI1hwRqXVNNDTW8Q,IRON,IV,77,4,22,False,False,False,False
zqvfM8JRfrp6tA9M6T4zSfIrUoqaTUeKQX2CR7n4Nr3Wvdwx_HBHfbRam-z2oRHMDNCczM4tH_a9pg,IRON,IV,42,78,107,False,False,False,False
v5JdJwFuv3lvuBkt_70riL_MBK7KHvWjTav_l96C8W2y88Th3Am__u1nC4ReXWFyfOdrrnsPEZoz-Q,IRON,IV,60,43,74,False,False,False,False
ULjZ-HsOBQrHWcs3AcXWVGbs_4uGm5BHH-6sl2FFm4fBnvs0h_bl1g0xSsqmb4qiaYAeIOys74fFPg,IRON,IV,0,102,135,False,False,False,False
902P7IgtlX4NdIL384AG7VuB2KdnoKGJauFUYpWiASl8PDk9_a0L8GbT-drXE-lHsUxMc60QQ079yQ,IRON,IV,20,94,146,False,False,False,False
lM6TqRUP4sznkVtLNMZDN6VD5r9n3QGM_senlxnqD_0IByX88x9FL2DDgRw9fkwwn4PbeHZ-LXBu3Q,IRON,IV,0,36,56,False,False,False,False
sBd8eNbPA_iGcqJq_PSI9vWpb2E_IhQJXKaZ7OekOHouRAaNQOapjClYBidUXJKFARKjLtpl7NqMfg,IRON,IV,20,242,310,False,False,False,False
qoZ8p47WOCsuIUav9bwBuAlZBI-VWlnACgoR1gt0PhKr0hzBTkTSuhgd1q1NslVtf32Nx-4S9GgNtg,IRON,IV,4,6,25,False,False,False,False
AfOtTf_dWVFwL9za1ZDxzfSq0hPWzBFkLieN5rBYGMQWbuqgNaBpL0KhunpG3zX-yLFYWa4-iomOtg,IRON,IV,0,54,104,False,False,False,False
A2YWjU0FGJ15ELkzJsXsTOkcg4FHHs7VImahoRN80nvbI85mzznPqA6L2fSGxv1Xu9Z9NTDhPhSOaw,IRON,IV,77,20,38,False,False,False,False
8ILnt6ZplxjxrR_hDNRQ3a-w3ASAlQs80j1Ra85OH5pWjZZdMDr8ej_Bv6bR8YCLONVpuI5g2B8tbA,IRON,IV,95,7,19,False,False,False,False
fi3q7LF_7SkNG5cHgMt-W70vkphUKyKbAmvyQ2StwWELDAtMqpWMYDyqs9jbd2jZ6aV_To5xsC2dhw,IRON,IV,0,48,115,True,False,False,False
jZhtL3otdZr2ugQ2NOljbcD_pnhSiWkP7d5PtV9hGRNhAMos8-Ma5NRDwkz-lO-Losl4ZcHXGliwKA,IRON,IV,0,34,64,False,False,False,False
_FR1Y51gX3MYnnn1NcnxXiZi7JnWhVioBss_ycppnC4hubv7LP32k97563MNkqo8rYytEuRSiQiU3A,IRON,IV,81,123,145,False,False,False,False
X9rl77l8awBaKOzmI-OnMHQJJhbqPudbVXFtekw9H6YMPnF9tYR46DQO7v2awo2hjfstAc_MG7AfnA,IRON,IV,20,139,223,False,False,False,False
1YaLAQfVYj3hLapBrQfVoFw7TQnd2A-plbP_L2_6blHBG5fQg9XK1qQ0raJruXJ817nNoqq_IZ9TdA,IRON,IV,77,35,58,False,False,False,False
_JF1zX9TX_AiGBJ6JFxD6d86tOBo86FXLpBO36zgIeo8sOcRaMAuHFy-ZkUdRLhjfiKvFbxUE84gUw,IRON,IV,20,81,127,False,False,False,False
LqjTOiTNnxNuk0acpGquAcQmuyiVPUkFcDiDUK_MLHECejrMG972J_QUCQPsoExBpi10OduaIDHO_A,IRON,IV,0,36,83,False,False,False,False
9kU8K7HdO4dc9RfzgI583ho9z_MHgChdLg6LYKo6KBaba1cZ8-F107Dz1XrHfB1NPThTqqkLgPwkyg,IRON,IV,58,14,36,False,False,False,False
HekC1ooYyBInzOMPf4ExN50IG757h_-bbuhXZ8iGm8Mb-_VdjF776Mws-L8jh96JQE-RdtvUlpg0hw,IRON,IV,0,32,54,False,False,False,False
UxIne4d3wFJPv5799gAzngPZ4C5-qsPKjsA11IWO6WWBUDXNK16Fgre0GcPxHZOfL0Ax3Pu5pmsYqQ,IRON,IV,0,73,121,False,False,False,False
YSIg9fZdam5QcLHcNR6Y3dgR3UuNHeJS6U57423zdrx7XKpvf-XXAkQsyzItEoMwGMiuWY791zjbKw,IRON,IV,0,9,35,False,False,False,False
6jmOBJKdJRHl574QvJJtERiJtyfSjnNYiXZhIFSrZiimvU6QAlLR1PQ3zXTYXyqCsB3t3-WoMw58kA,IRON,IV,31,24,57,False,False,False,False
_VpkEJCZjuin46ebbyeFMsuPs0iUBLB1wwxf_rFfJdc4ShyMlmmIJpPwkagi3tnTz2neB1TvgR_Tcw,IRON,IV,86,71,110,False,False,False,False
xDZZCHRT6HSqGmsLGX2L0YD9CZzJ-AEk-6ZHuA0TCSJ-ofTWLrfwfatTNtcKBFdOxxoB0GtbqfVicQ,IRON,IV,0,91,136,False,False,False,False
_7GVwrT9lwPoTwPWIPcIIXCxrXJ2Zg_2iXLNeE5UW0zzqYiHWu17kDXTyVRS6mKZ0azGmiaUvzMHeA,IRON,IV,0,96,128,False,False,False,False
YvjfGEIba46c7SgdnwImhIFQfCTc4W2yBMAwDy2eYwGRnf4y4Ce2QtqsHS23_zj10SSIMVIea049MQ,IRON,IV,61,42,65,False,False,False,False
qUYZgWoW9vPet483noW1fxwjkQSFNDaUsD8Xc5vZwrPQsCGRNnzZAAwwmjOcLEuuTyqotrMWyKqfPA,IRON,IV,21,58,97,False,False,False,False
AlFLLvzVqmReuM_LLI7IYuRo-39GubtUdHHQodUj7u-V5PeLHP8sIOxQvOVvmlhzLdAiQ3IK17AqFQ,IRON,IV,38,180,235,False,False,False,False
KirLiOrLk0V1989_iLojjpZCNDpa00-qeNZ_Q_czreGLshdeCDH1jVqUhiNnVeRst1kyP3KwGelj_g,IRON,IV,20,75,122,False,False,False,False
jm1zAM49M0HdcmTIBloe-qN09Vzo_COWTlnMYNlWkNW2zOH4U9BrfkZ4OHxAydpRp15ZIotPdTvgBQ,IRON,IV,42,261,320,False,False,False,False
P5gWVsJbXbGXgpfH5h9V6L93pzAtOD6E975zQHB31nDZ4a7GOcFjHv3-qr-kau3totPFXw5GCpPyHg,IRON,IV,6,130,180,False,False,False,False
02BGvRMI3nH3gUxSa-SpnktStODJixuq3KuVAvMpAA9DV00sfBfFhCUwaLbIz0x-z0WiGKQ7ld0x8g,IRON,IV,53,9,24,False,False,False,False
MFlpO5U9Y84-UHV-aJkwJoyG7pHShNy-e3p646OdKMEoKbw4pu9K_wb3znUJAsd6xg84ELDdcbYV6w,IRON,IV,87,25,49,False,False,False,False
G6NcWkLuhQgAh64XLwG3951zZtWkxZ5bKPo9ijjghfS2-X7yRQLdwWnAXhJFOLY3ZDRcH0vdhNpqZA,IRON,IV,22,5,24,False,False,False,False
HX_NvEbASi9SboB9aI6p1I-O6WP1dcPiANsC3_MHP0jRp4j5ntjlONvN0DODfoXrwkZ59qFUzgZOcg,IRON,IV,20,48,78,False,False,False,False
0MJsMEUF2MY7IWOvtlsSevZ5SxKZE4oMZh23HRGwFdhgtqMhaj8945IIdMj-vU2HAQNWBtfum5tm7w,IRON,IV,78,36,53,False,False,False,False
5FbGgVFJKxwD9CWTYRUUYHCAjTaJgFGzJzUO9EprR9pjUq4yR4a2XJ5Ls3OKuMPLE-N5bRrQZo3KNQ,IRON,IV,95,33,55,False,False,False,False
Vz4kWwZbwNHiHU7SOTzmXRNGmiAoeByKhmyF0CuxLYBuYRgNmAuOxupuGpc5r87BKhQjNISqDzvOtQ,IRON,IV,4,27,55,False,False,False,False
5C52jV2d7OhqlV6-YN0RVwpvR2liuL3mpOOVQhfg34KdNWN_VmHbfQq96OUMONE5jMKR1LrKc0NN2g,IRON,IV,40,26,41,False,False,False,False
4eNLwj4-sNfHtgrc9J6ISBp9Pt5pJW4N8GS_luNqULPLQbW2OO2jmEC0sW6eVlG30n30X-98eBBTnw,IRON,IV,19,168,207,False,False,False,False
LpW-hQS8DxT1zTJARsvQyGAqgdKcQ1QWmuNuixw6_Pm44CEsxYvaEBbkuj_aTeW8CIdjFfAtEwIpTw,IRON,IV,98,23,38,False,False,False,False
qyhyJ3Fj_bG5__oOYqLhqRolkBAwK589aS2ri13BixmV8RPlplQMEGloymPPn5yYSl05EtsNjdkaQw,IRON,IV,92,63,88,False,False,False,False
RTE_XuGWnzr9G7e61IG8f4oTSatWGXwNb8RgfFytuad58YGz3o3JLtt_bHmuCz_Qa4ikoCk9QmsQWQ,IRON,IV,88,53,86,False,False,False,False
KU0MKL-Z6C3F0Yghh9KajwOtk3YXwMiUZ0Bp85Fa85JBmxJLITsD3wpbg-_-JwSiDjpYysbB1Vqfbg,IRON,IV,0,88,124,False,False,False,False
tSTWbyRIFPuNY2aZNbKfEz7SmFiG7IxZ_cuWvwZpxQmFUM1Ii1J90pxaRVEBPyclm_MoXD-KtLtc5Q,IRON,IV,98,65,102,False,False,False,False
dyt2mnbCVA_t18fQlqA9-uPNqGouYRBoNf2p6YxDWsdIxmEqxuXLJZD6peytNfZRX8gJhrd_9k2HZQ,IRON,IV,61,136,185,False,False,False,False
5J53WpGEmoQK4I4BdCFE8Ju9TA8jIsEhHhY0Ztx3KCFNQk-rmecNx8lscINj_UnQKkaFAU9HlqUD2w,IRON,IV,0,243,289,False,False,False,False
EBXrHyDwVTWGuHsC_SDBaNEWzwq9MdnLr6TIr62kJmPIiFtrBslO5ehgSmF7WQd50yfRaoNVjdhKaQ,IRON,IV,0,184,251,False,False,False,False
FZUxld5aP1sSN9RNcGKESnQGnuIjrzFZeAk0xoU0vapXdxfDistiBvVf8mRjtUA2yOgInWscBjj6dA,IRON,IV,72,126,165,False,False,False,True
Nqdws9Rdulk06xOdWoDuxXPy3HI8iLnm2L7kS7rilHgq-OjGjp3ccrKbWU1nUoMD1YULrk2zRuSJPA,IRON,IV,40,455,532,False,False,False,False
ytyDUq_OHMemtATXK1EPeyqX5om4orF6l9_rtzTbuIXJF_Phk4x1jVMbhg24yZ2mxWmFCIPrWttCJg,IRON,IV,20,11,42,False,False,False,False
UOWdNd8q1ipS245BiY_opiXqHMbaPnh4wBvSmNXtvCST7G5xH0ykoqGkDDDrUbkUCwxi4A7wY7K6oA,IRON,IV,99,90,118,False,False,False,False
OyRBDw6WzeOhGw01MP_z4qkYCivaDCuNrGlLj3yC3ByBV3ZXaJWSbGWY5iNaXR7GctxP1lo6UaqMtA,IRON,IV,39,19,37,False,False,False,False
3WnjRedRjdl876y4z8kxb7nZJNo_uMSW8a5f5Es9I_qECQmg86OPtiEUO4bfsYfHPUNnziXh0RrRQw,IRON,IV,99,40,66,False,False,False,False
4z1q-hRtWNQKIJl1J_TszbfG1Z4iURqztNJ29PajYheGrPIzK-Rtr_J1_xWYoSilNjsJwNUbdPctLQ,IRON,IV,71,144,180,False,False,False,False
VNbMCMxWlcJ0h4Z69ZtmEwkdA40YDnJIRLxqCUZauWEmdeS_xhQXzZAhaEMAl6tbiWBzy--0NtoqEw,IRON,IV,19,20,43,False,False,False,False
lK9oJgH5TBk_L7SVukA1U6NPNHGtxD_lyV4IpyLqmp7AvBlUBHr1hj2OcPG1_3zK0BNL9vxVyYmRfQ,IRON,IV,50,23,35,False,False,False,False
iFPHD9mqws-b7qb_bGO0rg4BlSPyc8uPTrDPOKZlGCdQGapAjhAVUK5bhOKeFuTSvcY9DhANBQ1T-w,IRON,IV,32,41,65,False,False,False,False
c0I0qCYLxp8K00n4H6WYMTAV0fJ624Y_Q8ty2UbF47WWWHxw4myr1H5XtDEI98tULRBXyziZlUYiBA,IRON,IV,43,40,66,False,False,False,False
PXIy54vfmtkBdccbVCSeTobZUICIA0B7LfKfpTDzvqlRd2yq5pYBx_5ZztaKkZnb7-wXP-cAX9hOHA,IRON,IV,94,23,45,False,False,False,False
UMqTjW7VR8aFKyrtrur9WkfAVGWOlyIT1-pboz2qhOqjyF4LGnY7bNSiRSHDvdqYVpnrwSYv3Tq_zg,IRON,IV,0,81,124,False,False,False,False
NianMyFR3hJwxw6Y3_6hoobGBBWJVl-130lT8yiV-kgq4QNNRG2Y_pgOFKs2f_GOuy8gV3OBv7PQcg,IRON,IV,95,263,314,False,False,False,False
j_FlUeERLmYn-okTrf6sfeGKo7GEJryBjcTqa9txOPUBVNc1Nvmh8jfpMxk7uQL9Cv9f-74AwjmK4Q,IRON,IV,0,28,46,False,False,False,False
mfA0EZ5HD6BmbfTv-4kjuIpnwnYHdCGhhLHcie0gQMoqWVhQtxk62cW2_MFAxExiWOmU1HSzmgFfbw,IRON,IV,0,61,88,False,False,False,False
qLoiJG8A-q-3YAnjMRX_ed3FEYyj35BeyTGiMUKfim90WMiSRr_Oe1Waup1ZN_YXxIw1KDOVfMlAUg,IRON,IV,0,22,64,False,False,False,False
wSh5OWUsqIbyV142sFgaBMok_AMLYmvqkV9uCs1EKIVyj1sAjoYKQhbzM1FWwVEMl5ByhkB8mM8Sow,IRON,IV,0,17,40,False,False,False,False
tzMhSJKDoABdperAoTLMrXLAdozg0ZzHZ5xV0T8Rz_SXxQTCmsku330-6YEfaCMc5aoyqYz7o8-_HA,IRON,IV,98,132,167,False,False,False,False
Rn0KCjinGM8nGxpnEgEteAn-sCm7ivWn2DRLiAKsEa59gc9v6jBMah6cWBs4IxPOhgNwXCDkClW3dw,IRON,IV,93,22,35,False,False,False,False
ZWi7_T1PN_0s3xclN-CspnkddoytQveLqod9yrdKhzR-HU3rFRXzSZhhqGmDl9bbc70MBr3WKoJSQA,IRON,IV,18,55,82,False,False,False,False
Dumhfp4bUOYZOoGKIpb1oHyaJoaHDAqJc4odtHcCBTPwxiZntG8GieqnfPyEWfM4lFc60ZUX7f04Tw,IRON,IV,0,51,88,False,False,False,False
qwiU_VIXY052BkzZjQnDEk1oDQ58zcpRBlmXaQqvFng2Y6JnXcJnwQQMTLBKBAsjkZHmJBonyBYXcA,IRON,IV,64,46,75,False,False,False,False
dg09B2BXsaJCRzy-KdNtxFAoYqvaS4coRNXBkA1FS2qEPyBl-i_3u17byVccmZnypxJj0WEz8hhcCA,IRON,IV,0,14,55,False,False,False,False
ONh_xGPIHdO7R5annXTxs0P40RTVgesnz3QjqPNwQOG9pG_TNHkD8_R4isyqIkKgzoULLI7znMx4wQ,IRON,IV,40,47,95,False,False,False,False
4h8OXliWuuVbo2EmYXpQybkOn4WyY_b-6vjG0t8cd4O7BgEb_sSdd_t8zXjYV_KhZTdHJloC5xRCQw,IRON,IV,0,101,143,False,False,False,False
sPt9nVCRblQR7nBIThxaenad6qpYyWYkRdVqZ_l0JSeQ-Sh8sLEfhewgvg9bsmAH5fZ6O1rNrrrfJg,IRON,IV,15,15,38,False,False,False,False
TaepGrnbneBmoRuXPDuY1K8eb2thgWE7rUfgVVNCDgSjgNRvLJ0JYq3E7zjmPPjD9aCSpr1vI2c8YA,IRON,IV,78,38,67,False,False,False,False
tfB-FQIjLO-yWJLpGY_GknxsH4m45JHOI6dKhmA9aL0h7itIer9dDD7CBT3MQitADVZ2lhbQqu7aTA,IRON,IV,0,16,39,False,False,False,False
cVq8-mem95CH7h8IZ2BpwoLCPL4wTqR25hAJ2AVJGa6krvYsP4XC4aDIrP_7xgWXutcqA6O3cXy6FA,IRON,IV,77,15,32,False,False,False,False
7YXTMChgNo2lDxMCTkkrLjkbJBfk4bSieXJseUjqI0k9IAOu3D_mXuTiMjN7xaqWZOg5gGidd0XYRg,IRON,IV,54,25,41,False,False,False,False
PpdQ0UhiaSbGFAnna4fxHFT2HgYAEE5Bi4AKtt3j8Ks4QL5Sd7bZag-lBS6nmWy2g4IgWgA7uxNwwA,IRON,IV,35,8,41,False,False,False,False
fG-4Ynloe8SS7-GYQlKeNX6XVd6t59VY_WmeLX6CupwFAbcPBR7Qa8Qy7hGJOZRVbdX85CjkuvN22A,IRON,IV,28,43,69,False,False,False,False
Fd13H0gr0qtGnG7Qy7sp06OhoPRBpEAdlmmVG-Mcq6XxQmBXlmfG4pM4RVxgoOK2nwF3iKfP5M23zw,IRON,IV,19,47,83,False,False,False,False
FLw88GDPp-ZNKmXk24jKUImcqvbvrFhi9lqCAyVO-yOHrlEpZ4lcY-OzHjKzC4keZTFGFTwSlcQIHA,IRON,IV,46,10,22,False,False,False,False
t-U_80QyG9G-Wi5j-uvLVEgRYPMLNhUNIMJaXPzBYDtTX-4Jt0c6k97xTcM0_L4EraT0v9STD9s-Tg,IRON,IV,20,43,65,False,False,False,False
Hl6XD_LBARpvVTbzDqtrck7YJgJma3qW-r8FjncxXrIBCO_3MuZtdfM06iFbQ60d3Vi-vqEPoK5UUw,IRON,IV,80,67,106,False,False,False,False
5EAfm-WC5DGvig3xVP9b5lCqVGW4szsiZgIJLiNSmL1P2j_txkOuvT8kDT5XKYOdv6UlmPuKwsyCnA,IRON,IV,82,58,91,False,False,False,False
CJzj48y6ef1_rr3kjaLBtO609i4nhkBADoV6-Jpa4kO0DU3joGJ7kMMDgG_lFpIndVNJfn83_VtNBQ,IRON,IV,71,28,59,False,False,False,False
KgGrTQBUEhFyUjcbnDmFvk6OMOXoPTbwS1m7CagnVyz9bkPNBlPB47ED5fe3lnelkF2n2XqdgboEPw,IRON,IV,65,120,158,False,False,False,False
0CSkZR36XyeVk6xk5TDCgqdcvk_Bm3mqaHP6Z2q0fesPldKuj38xAINf09QW6fPYVzZT29IzAj_JTQ,IRON,IV,0,52,113,False,False,False,False
dLr4-kxEukr9D04WF2RwUUqiGFi70E5px9Rz_T4xT6SWk_hlYtOGqVXrvAVN0g1jfoZYPKEfGfxSpA,IRON,IV,60,70,108,False,False,False,False
w0-8xWudY1iPsGkTeyPYzcXhVigEjC2EzImw4cKNBtzUY7D5ttY05fitmP73zTMkzjeS11hHEeTGwQ,IRON,IV,44,104,152,False,False,False,False
7kGpVoqBdGiHnGolrOt-iv89BgP07TgGqEJ9VZXkGTuqK4VMToFT3tXcQz51YTT-q_G_UCyAV6PHow,IRON,IV,0,3,30,False,False,False,False
JW6zOY8GXz5-1LPoBkwKsaRNizXXO07xV0SA5M-EB9s-QOZ9-6T6zUDRuSvLZ19Q65MM5HJlXPyNzQ,IRON,IV,22,24,54,False,False,False,False
gznzEAyvRQEp0e0TKNYze38gMbvXjA5Humc1vwEdxv5Wx38SH1TAc0I_2n2CPa7ly6oRLdeirsZb_g,IRON,IV,61,371,453,False,False,False,True
yVDw5WiNZTUDjq5gpb0Vcmi0ES2OLyth86VuwuQmJrhP8dVU0_lsoCbAFiwcoimIHSw9TueW4gYfjQ,IRON,IV,60,85,119,False,False,False,False
ZArss_Cx-LHX9enxopx33kwvFkfp8IWihuwwRCb00aYRZ5X4a6eF9MCf6f9LjaC6oEdKxCSh_eDHUQ,IRON,IV,21,15,32,False,False,False,False
ROK7NzRvIzb9M_2UH6d1PlkcjGHSB-p4ZzLPQVF1PIovxr8iNOelOP0tQXIqT--mD9YuD6wqQH50Uw,IRON,IV,69,119,177,False,False,False,False
J0kDU4H47AF1sdIVyQL1YzRH1W-y9qllX4mh4yaMb1_-P8gYvF0EGtmeU74bKN69ANhjZSmsbmYNpg,IRON,IV,0,546,622,True,False,False,False
BQqnJeEjp8sDwkqLtNzzeUac3PPGBM639ejQZORthdb7Ut0q3FBJgHo1RW_pDITck7PdGoveN8yaSQ,IRON,IV,6,42,95,False,False,False,False
kBtinUY7hrI5dp0dsP-BmPW0O1qeAiC6UU0thtrYl4tBM2HkVVMYX0qmj9kz0zs4190hxIBsFiELUA,IRON,IV,0,7,25,False,False,False,False
Iha0kBHeBgLsqS1Uelil5xf8JifbYlYsZmg8PmrCmFs154pLCy37llCuwp4R6ET0NEcDXxQ1DlStoQ,IRON,IV,40,66,110,False,False,False,False
2T-WtTlqz37iVibDhi4akTfOTTfUZzkWomo_wk-AxNjklNRCI-g5rRMqE23-DhKhq_OMKr1qhuSMkw,IRON,IV,66,49,77,False,False,False,False
xEG2c-5YLRIIb5GLird1p1HtGpnfa8qpAQOGozH1O3Y3BNxXUCey1bIx5cCoDVWhP4jlQ3KLsvF9PA,IRON,IV,2,18,43,False,False,False,False
SXwUZC9bjc3A71XpwiqNTUZ1ePXFJOEUErBQ5XJT7QzAYVPpAmH8wi_VPJ2KS8xRbdgYmCbPAVKtoQ,IRON,IV,59,31,53,False,False,False,False
Wve738VnBDTqTtt6Bq2R50SlQMpD9l36CFY9JSeHGHT4QI0h1_EssEaJBPf2Y3RALOCJHy2j3Ro4BA,IRON,IV,54,41,81,False,False,False,False
CCpEo_seByvQW0-fZlhMB6UKJqxQjOdx9lKduZsqS2t9RSEMDuQFTxV8Hq-MzW8TKWlwarf5zwVkFQ,IRON,IV,0,24,51,False,False,False,False
yJf29I9EsGUmzuqTUw_QGLMQtyrHtGWMjtFBp2UioKxZDmjod6PT_-vTrqWVOY_clno_KyEGbq5O6A,IRON,IV,78,262,302,False,False,True,False
G21AwLIa6QEz2JaeULF1V1VpqI9KgyOh6QpRDFkLAUgOWqGNcqA7x8rD-LJi3VWNtyY2cZLBogkhJQ,IRON,IV,21,41,86,False,False,False,False
rtl41zfFPzTIaYU0wV-aCgTOUBDIuhtuhZStIAGOEsvFB7ruUst5A6y1ZLb3HSI1WQdY8O9oz2ncsQ,IRON,IV,76,7,20,False,False,False,False
vV5tFp_3eVK1wSZ5iOkUMCzGozoEjpyHX7fcPhF_lQm2XsUsbOYkqpFbnerI6u-SVRdre8n3c8f5mA,IRON,IV,0,91,113,False,False,False,False
71IUqkc0qKnfHnLMabQfrQCFVUgWz3u4QPv5KhYrh_6g1ZG_IR42oAdGGXISyZsy91NeI5tPG5Zy0A,IRON,IV,50,35,70,False,False,False,False
jY9B-N9J3103Ycxti0p-4kjad6CzME37GIYgDQQHD5c8GN9YqtGgEU5E_5hNk51VwT5Z6GBBKHi0Yg,IRON,IV,72,85,120,False,False,False,False
YJpjimi4Plp7h3G_n5Q22cz9BSdzMP0A1H5pMuWHZDumJvR4lKF4Mf6lh7ToWGsuF7vkearOeqgb1Q,IRON,IV,55,37,51,False,False,False,False
9YXZUhx3HcKtkZowvhmxDrYko_xzXlu_gK-uX-cfamJK8zenwSrifvQ9pmdSR4-MwyCyyVF4I0Ctbw,IRON,IV,0,278,324,False,False,False,False
sHDXg64P_w2wrNzqbikMamBesn7nMwIq1I3ou-6BwYievqxMfFZ4hXp7fynFOSjEB3hXcKxvTD56_A,IRON,IV,78,8,23,False,False,False,False
dLtMb2izvrtPS4Etr6gRozTcNpS8ua0rTGxwKIFaiPmi5vpjexI8cssZtj7Juc34Yw8YItzf7BqbnQ,IRON,IV,22,38,64,False,False,False,False
W5Nir8jT50DS-Git-ApMQqRSt1ueeo_hAhlM10osCBHsww6Ab1hd57lAIVxwwBbx3nDypsy66fgt6w,IRON,IV,0,19,59,False,False,False,False
2Ce1plz8d9h-TDY-BeE1z1scp12nPv_iNwpffj6neTfgm2-8x8etlQjnEHIVRuYYtMomdH7EO3_9sg,IRON,IV,30,46,70,False,False,False,False
rTtM_77dq5x3Ix1nrFwD0l1qO6dbDGiFaae_4eAupsjJXnUViQ6t-QBho2VojBWEdkrQsT_z8banxw,IRON,IV,20,128,165,False,False,False,False
QcQVreb_lgb984B_IJT3gJDEzEFNlqAk_RYUSEs9h83kD_DTqP1k6nFl_fvCcFboyKGfUtnWtJuQzw,IRON,IV,0,83,124,False,False,False,False
BF3L3K37uxICC4CwacEbLK0zUkgodA-ZDV2eD2xotlL_WYUEdsgD1v-RIgvnVUi9K7HkbUPREHOZ3A,IRON,IV,0,152,239,False,False,False,False
AndAwaWgV1SPBhVuszMEb0Xnxtfe3O_36SIYKNnahYv-JeczTddW0MrIwtxPx_6GuRtNDyY6fVWa_Q,BRONZE,I,25,6,5,False,False,False,False
bY_bfCpzZhsj7YWf592D7TgGaJqVsLt2YQSPGjS6oVTJp4KE3I8UTdibks-IOaJkU16rsAFF6Lllhg,BRONZE,I,50,5,8,False,False,False,False
f1ChVo31TGZ1tUckhXOYuijFH6OWnH28LYwYSF2kI4prBlWkcy6v1D5D9RYv3wQS-7jdt6Dnp5H9qg,BRONZE,I,17,8,10,False,False,False,False
gngsI53eoi5bpj139loURBrZdqul1p3EfYw13VdMimUeEjJLErjuNwEHn1TZ_BavHye-RDB8oLR6Yw,BRONZE,I,42,88,93,False,False,False,False
XDKFxzRVKQBbrkLaLfygBAa6iuY_BtbPgHSu2qOtJSkqlLWtXWEAn0FGA6F4m8f8NE7NmmwvRO6SNw,BRONZE,I,1,3,6,False,False,False,False
Ts56fhmSCEqXx-iOC43whyF0D3kv1MDZvm__kFuwuBBLzirqZILKEyZVHrT4-p_rRAzQBiSTdZwbyA,BRONZE,I,65,4,4,False,False,False,False
VL2eku1DVOwg9dEWlLYiWtb-cV_w7QxgwAXfaqOqtE_2z3FCZdSRScY1agbJQomCUmwUzXXNYh1BiQ,BRONZE,I,62,416,433,False,False,False,False
CW-DceJgHIYNss4msOdYRgovf6RJyfg1McDVVZ2eEBeli4Z9IMtliOwev0q_r11jrJSSRDwRM28jww,BRONZE,I,15,14,8,False,False,False,False
nTkEXJnI9Zo9ii5d7UIslhLO5liO7UUVvMUxbdjpfbpa1iQAPA7vq4xcL8PBfhtewhnD4eIO2J0yZg,BRONZE,I,51,12,8,False,False,False,False
gDs0neogTLKGYG5ickigFvPOR6wpktUmVwm0ekwuGVfL2H-ySHheffuZeNwUfAeZrjjciucgl7L7-A,BRONZE,I,16,363,393,False,False,True,False
mx3Zo41paPzumFx3322I12Ni04bsPDyf56bxhZpdOKHJeqr49S1JWgyLcoe3xfuJKKDAWTXNhgp2sg,BRONZE,I,74,15,14,False,False,False,False
Fqycq90SduAVRmX3QQvbypfRYAADqZWEARqQ0OVIpvc_MEjaly45Nfm4-GFmQl_JMvze6Sd5ZYl15g,BRONZE,I,25,44,58,False,False,False,False
AoE0dg_S---Uykp5NNF7JIhxzZX1RVsMKN7k0G1gpFuTf1_Cdqw8SZ2YsmyfUmGghGd0W7LcXFhnrA,BRONZE,I,37,11,8,False,False,False,False
7fa_IWDLVVqLC5N8s5i-F-cHpFYFDC1XKqzFDYWRP465hBqt4gERXDYfHbMvt2rnaa-FZAnT1QEr8g,BRONZE,I,60,1,5,False,False,False,False
Xb5pl8L1Ej_luQZ3rCP3ZuNagj3QDc2xy4LwUxtith4NO2YuD9-se0oX6We9f4uGr-MlNsBFAD-T4Q,BRONZE,I,80,2,5,False,False,False,False
nwbzlrqX7VExvrJXKE8qE8wpXbLz1rZaZO_4BLS4JZp-S48e4NVT0DJE7szDa23Bd8TSCUJJ_o-AKw,BRONZE,I,0,2,4,False,False,False,False
cOzlEanqB5qmhzS_RGTuIhiyiFlJW-hY9kWTr4o41xRdgjLSNhq7BVRRQzfmB0pdY4D60SuEoZz1AQ,BRONZE,I,1,158,166,False,False,False,False
y1wis3axtedYqtmqUam2SBaZdqx9sjkn4GmpPdaow5QwF4QwjUSxIXIq9-bHefqkEByFcgkBOOIkbg,BRONZE,I,94,12,12,False,False,False,False
NGHhjmEltoxob9yNaQtQWAsj80IoVnHepWE_ar7B_RHucJAemqlsDVycrZBx3BC0NtIj7PNqWQVB8w,BRONZE,I,35,4,7,False,False,False,False
R3x3IswWoisfrjSb-LZBszfUXmn5BUXiSyYJ1MN74PlSCZt4TYHRwtALfRtSixBnlrUeUZWBF1sy-Q,BRONZE,I,17,110,126,False,False,False,True
fhe2XIKIK1_0p-PWnhjmV6uLXTLOMP59d8VXZg3JtPWg3UlAYpJEfYz4bbFgc_dz09Kc0dG7_pJdnQ,BRONZE,I,82,26,16,False,False,False,False
_9UsoOcYoATKHwJCUJOn1LBe9OWqLhyuigo0fxUxQW0ZwR16WYfrE48o-vt62TVrXqdloJlRNAZ3Vg,BRONZE,I,9,3,6,False,False,False,False
2W74pQok9na1I-a5a3p1uB4bCH7KOt4nWTJcQrfHtzq5d4Zbr2TreLGSZB6M4uCb6x-8ZykEjzMvfg,BRONZE,I,65,15,19,False,False,False,False
Zzys9finW35lgMOuEzW7TW-b1SGZpyYwAt7ayGU0nBjau8zU6chyGlBXU_ZDtiZsnBmyT36DjlCtOQ,BRONZE,I,23,33,45,False,False,False,True
yKLlEmCx25G861DYuEvtjelOlb3NylBsJDvCFjv7vkgklCbMo7tX1YJFEX7To99VVI0hVY8I6kSI1w,BRONZE,I,47,6,2,False,False,False,False
4_n4Pkvn--j7xTSEFpK_QID79KZbV1h1Dtuu4n0275mhtS73kyKTtSXFw77v-xuFyufP3MAwHl1lbw,BRONZE,I,10,2,3,False,False,False,False
M2ozo7v3Ba9g0ixVdJ2e-vIUipTar7urp3H6N_7lIYy-meUxNQ1KbBObOg3hlKHoJXGzpD_yCvXHQA,BRONZE,I,28,12,39,False,False,False,False
iyv_EoZpX3yLjmZYGXbIbnmNgt7dTncBNTsEW7y29wOT7J8fEQemxTsZmAt0FpwTE8D-Lp6HVGqvEg,BRONZE,I,69,18,28,False,False,False,False
9ZnsB_xZBZ1aj-8yKMVDIqz4E2VjC-pRvyySABsJSZvGVbH4NCIqCEaZQv9kLWvMJW4n4MH1ZTu85Q,BRONZE,I,92,7,8,False,False,False,False
JZ_hVkMIPhKF5r-1kZLsWEzWfxlLOrI4VGYoId5Qw_JiFIvsrVZtzP72w9eBzfO8b-KnojFBfIRt9w,BRONZE,I,11,12,12,False,False,False,False
3iIaOWwRx9PzTMGfIavY7yBU_02SogrN5G2iVUCTrx4wUJ1-4wF4RF8vfqF1Qjl9VGxZ7Qbm5sbfwA,BRONZE,I,65,42,46,False,False,False,False
Lj9HKSVFpau4wdSA28b1lqKPMBVSuubCv5EPH6GT3Pyoda09MC-wHv3t-pZLBMZscycOeJpttXoY5Q,BRONZE,I,20,7,7,False,False,False,False
6DTWyOO5Q8bTT-msFOrwaSn-hubi9G7Z2TnlazI6pJvRsoQ-abS4_yyB0qbpPXGMBZ3Gri4uqQo0gw,BRONZE,I,34,13,4,False,False,False,False
xvtlnqLjCLOabbIsSLQOXytbJzBYupLknrz4haCDpPr1w87lkGcejRr4jfZZ7ZXq4GePBE8WkkQHrw,BRONZE,I,17,69,82,False,False,False,False
qHTFIwUauzfV5bCzQ6SvNdU78gYlNf5CBiKLzPXak3kGlXbDDabXVjNgKoUIE6Op28-cbi0XGLiYLw,BRONZE,I,63,226,258,False,False,False,False
2OptFZy0Tha5d_gtzN_u6lAGda3O-Vtw9QpfvscgXAO6TKs6fXApv58Wjo6AEyi8XYM5_F6WJHznUg,BRONZE,I,55,3,2,False,False,False,False
6E2WF_2SBANS2e7rqsMqqsqS5Q5bBn03b9I55NJVLpoondwmOI1yCa3QgMQHZY7qZptRe9mQccmXCA,BRONZE,I,4,4,7,False,False,False,False
u6CKPe_qeP9sUn-wGdOgnLY_r8SqCXPN2B1eNh5JeR0fycwJfOKOdDZjd0OG3jJGg-_AHrMONcEgpA,BRONZE,I,87,8,4,False,False,False,False
wfDLg9H52JjC5UWMI5vCVN0q7k_JZayOvTpVi-Kd6levqWy3FECvRH5PfgSMbhp9KROI-4xTvCGpnw,BRONZE,I,42,53,55,False,False,False,False
oIy7Q9-G4JP6h6HSRmFEb490I-Ur6mHcVJZf8lUie6FtLu14QjbUulSqhnIh0hLVzIO16-8jmr9jnQ,BRONZE,I,35,105,118,False,False,False,False
srmGDI2p7SePFiouCCnB8xdX2XCPzfObaHkIhqozbQmI-Y2ylbzRkbCQ9DH_jEPMqkf-odW9oWLfJw,BRONZE,I,10,2,3,False,False,False,False
qSJOG9FVA3UPhrKfVeVyAPY54tfey79b0BXgUWxxGGt2Y7IqUeXNGdCxeOrrxQ3IOdGZF5a80_bC-w,BRONZE,I,33,290,304,False,False,False,False
4Yma8VQQNwLNPy48ud2wf8DLj8PFW9DTtQ1Aoow88GC0e9yCNg183K_gvuW86JGoHoja8zFaqOFHuw,BRONZE,I,5,2,3,False,False,False,False
AG6vygI1jFyPACJpTZyBwddCN7qNWy92sNUYZipMJ3671AaQKZ3WXaKfQAKyB4pCkSD_Jwgm_9d9LA,BRONZE,I,24,135,151,False,False,False,False
_OLBnUr3J9GUFMfnRQoGsei9smjtoN028A1MBY67JBhp2I5SPkmLCV7ulSvv0jUIPgdEZuxacYn-Pg,BRONZE,I,15,5,10,False,False,False,False
POIhyZuvkGAssP6Te3MPwuIre26YGx_DuCrv9yv1_GuuHfhXfqdk9wWGAXpqvPdu1enWt3pj7-zodA,BRONZE,I,65,3,10,False,False,False,False
foeBMS3y3iGT8oLwF2-OhFwV2l_kBCTuFYt8UtNfuQOl2uPqMCMpPAqkUxBhGpdY7r0mTETbu4tfAQ,BRONZE,I,0,96,113,False,False,False,False
Z8PcXBMAOeoFcfPX7EmV8WrnWgWu4kYWTyy6qfZWxYhjLQQIkhF0C3EhD-fP9_r9prIprtO8mG-HIw,BRONZE,I,61,15,7,False,False,False,False
g-b6U5V92wac5EKJ3UDfdP5lQ4njrLxUp42aE8u1kUQtrmRjV6B9ukZMX7DLVVbp8itdv8w9ej7RFg,BRONZE,I,19,8,10,False,False,False,False
6U9GPsZJZxujLsENNzPOUkNHFeoY2t5sNvc5Kq_C8a9jmuWo8LsPyYxwHbXnW_oarfQ9t_oWtguyCw,BRONZE,I,31,48,56,False,False,False,False
dGbZ7myw2sw7CKXNcOpXsFRJeVj2clbGRk1ckVgbbATb_c4H08fhllk7rLzu1gljKCblkYzav_ynnQ,BRONZE,I,55,12,17,False,False,False,False
STV0UTHuV5H7QNdba6OPmKNxCaU2b_bhWsVyZJKAl-Eb_WSyvMHwxZDWRStWxiMktO_ZYc6MQIiycQ,BRONZE,I,10,2,3,False,False,False,False
-iffDKPDnkSHmCiDuMWB4OLN_l23tmQ-BmVESn5lyyA_WTK7_kHCu43dgGSkcHXkoBtkoTDhtMRg5Q,BRONZE,I,50,8,7,False,False,False,True
N2HWyAJmxAHUMo69r7M5J4j8zS1T9YF3yJjaCrgbhaCaw1-LAEfrBKbXMBtk5REhHzZWTQ1ouKkzFg,BRONZE,I,64,24,22,False,False,False,False
QVgfJQdCJczPxwPAzmF-vq-ZK1CegbG9lKkm52s4qxC9DEGHfnaHTRu54GXWhsHRD5rYe-tIekN-aA,BRONZE,I,72,22,18,False,False,False,False
LKIgh5T4D69So_s4TLZcjge4jfHJiHvuNSFY_O9FfNdqzeaAGaLV94h3YMTimKfy_afUTZanez62qw,BRONZE,I,47,5,9,False,False,False,False
ibf66PqDQsU-X8OqZ_v9MwQZRSF0cVP10bhrQN223D3AIViqiT2kBCokr0QAkiwwqa87Xiper9Qeqg,BRONZE,I,20,11,15,False,False,False,False
Y-2Q3KjJ1lQXKstP3sFds3AtmlvVzQsOI2ZtVywBuNVjDFO6vkeMrBfMMqKz_7ynb9I96hyFWnyohg,BRONZE,I,15,32,39,False,False,False,False
sCUrJa-ewAO8WieYVaJ7EvzP5ZgTSTOQjbaMszMuOL_41Rh4vNiUqtkPd98LhVDjoqtfcSkx2G81kQ,BRONZE,I,68,64,68,False,False,True,False
h_t2Tbf-eUkK1bXkNFbvUJHfBtZ9y2JBl-qGQ4nF1Bli4-AXb1Y5Fm8BFDSXmiyfpCm1WGABP7odJg,BRONZE,I,35,259,281,False,False,False,False
R3Y6vEcT9Ibx4MMe1zAbn2Ugi8HQethy3U1-zpZ5EX2-rK1Hj9R80m9zN_3jfChxKmsGCsYo_pehcA,BRONZE,I,5,5,4,False,False,False,False
AnrWlXdVGcdJG1DfY4Nut3JeOC8-3RalDjlVPLbUA4A3-mqQ1dCRgjVrgP1AzZwxzpu4BF1lY7rIoA,BRONZE,I,37,15,9,False,False,False,False
fYXdYu_V2ApEoozM0dnO2txUrWny6TuJ0FirfDDgX-NvAzC-9aEy4W1FQ0BiwmpZd-9rWFfUREmE-w,BRONZE,I,32,12,1,False,False,False,True
aEdM04Er5XLHVM4s203f6iKmuEYbzvyqEfvgo4F7M9ew4O4tl6URrsnkhgEwhMHt4EcUOLLb0b4UyA,BRONZE,I,55,4,6,False,False,False,False
FtOafhzGYNPtvdCtDjJmdI_on7dGP0hnNiVSHdsFtcRlr0Tbva-WIllGr0GVzGz87WbzBn6I49bETQ,BRONZE,I,21,15,22,False,False,False,False
Z_PTwIyOxIH4pwlUHyG5PGO9x5-9Qjd3CI8Pueasts1PoBLg2UCWNe_-bwTDXUMpxUoY_YBdGx4rHQ,BRONZE,I,2,76,80,False,False,False,False
CQXZC1m2Pz9ifZ_IAVxJDcC_svOzI3wo4BqDn-zb0q03roS1kQwR1jUuKCiggCWkmUy-3jsYHEXFng,BRONZE,I,10,17,13,False,False,False,False
NRuYFMAFE2dp-9NuJoiaBKos4OYTwp63DKGsLBquCZpxVSNO02hOSmoLW45j6qGXsZO_qYqOV3un8Q,BRONZE,I,54,18,30,False,False,False,False
QOYOluDpSuGQkOrsScBWNCAnduTxuHAAN4GpbvJE2FA_V4VMGo9JdkkJP2GxJB6cdz8XtFQw52rglA,BRONZE,I,32,19,50,False,False,False,False
mZC_DExcs_d_9Vabvu8R0aeXkZ_5fTO73sPofCpsYCGzGYOZ8eVBvtBOgVQ00cwARxlDug6fsZE_HQ,BRONZE,I,5,6,6,False,False,False,False
iekJ7LeqqEv-BU-G7Env4ZB-qJWTiBe7fOrX0u06b0I-fkZNicdQ8PwPMCU999_pAVrVGopa5lPMUA,BRONZE,I,50,65,72,False,False,False,False
QmfDg4tlqvgi1S1onyI3sYbE9I_nNUVdI7w5iVyTUcKPHEfmF3H_puoLMBmaFPO6f3bA2sBY-QZpaQ,BRONZE,I,68,13,1,False,False,False,True
-lFF-1h9X9kKdfZXaV9g47vgCYcpH_0t1MWQrzI857p1L56_ZNOETtcEBmAhNX5u9TqXodtxICo2Aw,BRONZE,I,5,3,7,False,False,False,False
0Q9UKtwNYxtaHmksi7Xfgq-EAm8RkzRMDBYeQcGmqyL4hH7OOer2GrLlA-V5JgjCrSxwXMDEHDOH0g,BRONZE,I,40,72,85,False,False,False,False
Df_MvpP2Y19THBet2eAPhv3XQfk4afv4BuucSlPKVEXfVWPR3OD5G6TUpXxVyMmKNDtJR1oPHqe0mQ,BRONZE,I,24,6,5,False,False,False,False
cy_eYv0JepTppyRI01ZHX3VOBjzEW0wcyW7dYUyqF3w1lAw1MT8Q4mmxdZoItRwnLm5e7QO2cROVIA,BRONZE,I,46,34,43,False,False,False,False
ynoRAQvx04H9180CBrL73GUnDTIiBqglpR_8Lbkc3BOVoQM1TEt4uo80QhS1kWJ4csXua9YpKGxJbQ,BRONZE,I,5,2,3,False,False,False,False
Z1s7kr4j44Dlgu8mAPR3QPObB36m9H-Oh-TEHx9bH0hF2lSrfV9DckM3Pl0cgmz8x-Xw1bcnCY6Xgg,BRONZE,I,52,15,17,False,False,False,False
9sXKSnQHv8aM25_KuGyh8dBryNVupWosPxsPRb_EFhnYLT6ZmyOW23iP4etyJorXptbyoiTxmVc5Jg,BRONZE,I,60,5,6,False,False,False,False
3kyo3wPQbRj3COJ60UTzqQhoxBHBg2D2fNSAE0Zh4Kw_uPbC0UL-CaSnA1glMf9pnvNgKNU4aPc2IQ,BRONZE,I,37,40,39,False,False,False,True
_Q9Du_Mvaw9Y7LEvNKrOA2DPiHZKffcOZf9QAEd2BKb9CTLYTWlJvuNVmh__akdxajzEGygAny_ehA,BRONZE,I,57,4,5,False,False,False,False
k-jlJHoHX81RSr27K7_d8YtIySge0NEJjzTnVFHcr1GYiMMSfHliGe1ww0jdwTr2__BugUVBZz-HSg,BRONZE,I,58,16,19,False,False,False,False
sYFdV-4HhiD5TYgcxyE20zG75cG977Aj1ez4YxSXrpTZfFlV8RTm-DzVGjcYX_xKp7154ak-0O_VsQ,BRONZE,I,40,3,11,False,False,False,False
QaRSqBMYqrZaCemenSTry3T9qL25dcE3ebLdEwq8YdL9RoU16SFTHF03rxy7yKHQEFrMJHQBCWICtw,BRONZE,I,20,25,29,False,False,False,False
Yze7ctDCzYDxILItMAyX0o4KiQzDmLpVD4YMG5uPdcojgrKP6tIgX_ASaTnIQV5Dh9U9hgsSGYz2hA,BRONZE,I,59,62,73,False,False,False,False
5CWRbxPk8bkzs9XkdpkYfIVY42JJWJBgtI2s2TFz1F-bf1SB3KnFXhyJ3RiIm9OFv9af2L-X1Iht0w,BRONZE,I,35,5,6,False,False,False,False
pP_Pa0lRZZx_Oybu6-uqNc6uBc_oG8W5p5ux6ONNGhcLlNaO4m3IXPvjFDvuhuf-Zs8qALWdvFvBRA,BRONZE,I,50,2,6,False,False,False,False
OkIj7C6U_oWNDzaBNaE0rF7xDONYIzRhD0wGRz-PNLCMZPnmf-FTBNVX5fryGhqxPKE33RrDktj5bQ,BRONZE,I,55,10,11,False,False,False,False
kCMYA9Vn6o0e8_iNml5g48LwCxGfXHC4ulggUEHn6IsDR3Jnk6DiLy0JqprfU6QeUjMjCPlmYj2kuQ,BRONZE,I,65,7,3,False,False,False,False
AKWokHeIe8wH2uY2LoE3-BHMZKlJgtzwscBMH40bg2D_Suvpb8M3T7TtTj5Qt7IJ33RGsCY_GDeG3g,BRONZE,I,61,46,30,False,False,False,False
epanBy-hwLlWNAf317XaJcPLN94ShnBG4X2I1r6N5i3SA8AfizpwdkNpbZtdQCzzNCHl0N5Uzni5Hw,BRONZE,I,25,3,4,False,False,False,False
0WcdHQvsn0pJW7D6_MH1pRdgyEflRvOLxggAXW4ETeDPIV5swL8WmIsaoO5g460pl5DL8ZrcJfa9RA,BRONZE,I,40,3,4,False,False,False,False
4MPCIuKpiNZVd7FCz54BnbP3Nhg70NdjznufVdioDPL4GrJ87oFs3RtkERZ025HMjZ2OaCVJrR_YRg,BRONZE,I,25,6,4,False,False,False,False
WhSmM_PLH3NnKv5eesgI1ILMiM1X5TtoGAutQBPRq0uP-0-GZDhZXLd-4vzBj9rBGapvirnhBKLmAQ,BRONZE,I,18,29,30,False,False,False,False
u4WLuoWq5mKENXXCqEru2OybvaDKDJAuWmXsPtC8us9YES9hOkb8ZTPKwpHBhJVo_23RiKL-rIZe_w,BRONZE,I,18,23,23,False,False,False,False
jS0U-zFY86lMIeLC44OqYCtrilrM2wQcKJVLe20gOY4JrMtVHhP-1-3KSTUHCGI_tFdmn807ogFyFw,BRONZE,I,20,3,6,False,False,False,False
053cGXwHlAFvdfpdAy2rLUSsPeCjcTvXFFlsqY8n0jQN-o-DTD_68vbazer6AODTXHI_Wp6ZQHab5Q,BRONZE,I,71,9,9,False,False,False,False
pfcMm-2dIREF09ipSxdT1s-n6Kch7urNauOOVsuuPUS2-pM2rqzK86YAWVg95eeCjPg3xGpe9ur46A,BRONZE,I,94,21,11,False,False,False,False
tE2SDmcP0M61qW6wkuy6H44-rfKUIvpFzW552zkPngWN6ZRjP5XLo1UTHX3t3E13gd_Hh1hp5yxT0Q,BRONZE,I,89,13,21,False,False,False,True
dMpfzAEowgrJtemjvaU5MIwL_U-eGAmH8u0qCh1kxiKbuVMNSJCY7A1s3nDe2oKjdrVYfisXR0OV5A,BRONZE,I,46,128,135,False,False,False,False
X6gg8SNSyEOPKDQ2i_GKDBCwokMHQOxBojyM1t2RGytCLQAoM7wLOKsOR2ozOd9PidZWRFQmpMCYLQ,BRONZE,I,37,9,11,False,False,False,False
YzDu_tQG7KdPi9-fjXcZcZljRusv84swgQi42nAGpv8Q_XxX0PO04viQkIBwrQ8oBRFMZEVvN0p5Sw,BRONZE,I,45,3,3,False,False,False,False
AG0zE509DGX9-k-qLsgxjp_XiKu2F8O7m9qnvhnvdlbOyDv5MYal79nZ-M1zJFHrEsE87cNmkGtS3A,BRONZE,I,0,2,4,False,False,False,False
tcXEulfaY5zvuj3Ip1NXpDrccEv17l1rMTCB1sxGTBXb8r_dIrmwsruqwXT7GzO9IxRmdNtCLTd5LA,BRONZE,I,30,159,172,False,False,False,False
ORF7L31JsbmB9foyFhJpfIV4zuP6TMtspS1kNf_jKvwHwng8c3Gt-irRLeVJ9SzIgBxBdbmHgpX0zQ,BRONZE,I,53,12,15,False,False,False,False
veKGhw4w85qvfeaqinO7FvPy7CfCBDdoqh7brNCEn9IFVm5OMJOucaJDjQkxDp2MQ3l1PwqNkB2_5Q,BRONZE,I,65,41,40,False,False,False,False
T0CStAFYmonTQTS9WeJiBrICPP0mYJ-ZR3G9GrnzFRMTVw5htNRpNX5QS5cj6b19k0_zbJOz-B92iw,BRONZE,I,40,54,59,False,False,False,False
KORRrTBqLlQsm2xBFLbsKBRVJZsoZsQ_2bw0O33WNWp4pE-igsdicOqSPd17-XjI_Dnh6cntuJczZg,BRONZE,I,0,5,11,False,False,False,False
7V6SVtHGJbd6VC3qqu5NlVD_MEyqzW-fk9cVLzOdWFdRQHqanJROGtyETDzSr5k4bSpbKWf8h53CMw,BRONZE,I,11,4,8,False,False,False,False
aRnlhw3Lx9vwzWEP-mdV0vg1FTwexuO_sH8j7-73gQYUtx9LkYWZeCCFa5lA_Q5rLtL0WH6T72pRuA,BRONZE,I,93,30,40,False,False,False,False
hfFh80Vsl866xZ7C0DZ0TZfMaQN_C2gMWZg1zKOA_46jukojfKQZncZ-EAoaDFDeoy3_3x-8-cggww,BRONZE,I,28,222,237,False,False,True,False
PASpyu3PAtU40dLDZu29t59Jt2TCcwLE12uG6hDUXMIfpBm3ZANy3zQlCUpw9WXZAo0kWqSvhhAiRw,BRONZE,I,50,40,46,False,False,False,False
uNZbxanhA-Nu_tqwKVuPrSzOJj3OGrkE9r0rtS1ba034FBlMWAK5JposZXQQIUgljLtJUT6PC_nqZQ,BRONZE,I,24,72,68,False,False,False,False
K8sH-aKr4_IZDDPiR6OqDumMkHIVgK0tmEt_wqU-Lpge1ExjOJTjTxbQcO9Ts7vSvaYRl6v1SrTA4w,BRONZE,I,65,2,7,False,False,False,False
NiSBnn07WdbW2r_kMHEUQBzrp9A6NNetnAd4D5d5x7lpOi4lAhaxiltDVmRqXV_qYRFvsYD_NFBoTQ,BRONZE,I,7,7,13,False,False,False,False
xH5LdDIadQr7lM8w4AzZfSp0h4xXPotC9Uw5BAP8UbAO6FY955vreyhC84zDmxkY0avawTyMITJ1Bg,BRONZE,I,32,124,130,False,False,False,False
44aavF5Y2Mff4-27LE8jRkwySUMJcU9O1p9wD1lQ-PYN0HfxLQLvXb6wZ3PtzUox4MX53aqdWgmP4g,BRONZE,I,60,122,120,False,False,False,True
5LN6rVg40L2Mn44mjOECA1jjsvP2Ttzg7K88Y9LpFfGYRbrkrJZQNzudLmGbGRiDgtvAy6COQeN_lg,BRONZE,I,50,31,41,False,False,False,False
Xfv53hs7ZzloSu05N-xrF9zAWj3qnyZ_zJoKUNOKwtNJ9TiNUhYV7nzerohyG3-gazYdjEydgQkSLQ,BRONZE,I,66,17,16,False,False,False,False
wMMZgnR88OER7pawmgDA4W-3qwZym6nzILnkgAPwkww2qbYXqVa20UMkvJPb3f8_-N0fEu4EOjrW8Q,BRONZE,I,74,42,48,False,False,False,True
092HWbgt0sAFr_iRRKbNhJY-9bOXRLGu8OnYvSMD2-QP4UUIRFnyQQKuG9crRA1NP4LBsxUg7TN1Ow,BRONZE,I,25,2,4,False,False,False,False
JfKxLLayaPLZh9ryMjCPUMNl5PIoM03f6e6g4F1vWfCmIIwbbFqmIn470XcVbhkaIQ8_m5cZIGMhYQ,BRONZE,I,10,3,5,False,False,False,False
buD16ywl3OSnGfldfmS1Esecz8eLIhzVbisF8srmwIlozIvTAv-sIX5KiPLhV4Dc8SCGly81zIOk3g,BRONZE,I,13,206,209,False,False,False,False
6PnBvhTWpidyqUGmIdP9WtRVd19-kPni2sUDFAmeg4XJXcMcvDG9NF7_Liua65dMj8A2VUCLCT4RdQ,BRONZE,I,47,6,10,False,False,False,False
eK42wdCl8HuYX3widmuC5MP6ruh6giInXgEHkQAhaNInhvds9knEGjHdzmxpa8Otvk1VviF5cTQqig,BRONZE,I,25,18,17,False,False,False,False
h13VUmQKsgzKgynrigaqgcCctqjDU-Q7ZqriZqMh-Ox1ixXu1OCJBYmGCiZdUntvKKXBaAHDxrtYCQ,BRONZE,I,27,5,1,False,False,False,False
H21ZZHKFv7c2Awa4cYOArGaFNml7_wBpAoxAOVbGCQ7A1JfDhKnDQyoPLW2ahwBMotJawoBoG0IMng,BRONZE,I,40,29,45,False,False,False,False
7zA3ePZ8AcywkGtVZV2V4XhwM4jkpiuy6s4N2mTcxec8MFOlNIj7Zhex5lg60yJ65GUGQ6KRh0hxUg,BRONZE,I,44,19,14,False,False,False,False
rmZlSVPaVGKBoRfKfdXTokekfJU7QQyDVD4ZZNcNtHfrdHTGLdm5ms6TotHGaHEBUADYkcadBV5VPQ,BRONZE,I,75,8,11,False,False,False,False
bPY3X3rPmiDysUY_ZMWvf5vGIx72BFZbofBoSfNjvTAHh3r-N0uPb5E1rJ_M8OG3Ir5vQ_7nS9WxTw,BRONZE,I,50,26,39,False,False,False,False
-6FyWoSx5WrXOfZbeGxs5EDF6oMUQu6Y9aeiT7d-i9jdin67EwHoOqqiUZQCpcWE2FmOgGNJDZH2Sw,BRONZE,I,59,6,9,False,False,False,False
ZFhWik5y9495qU0YkNLY2sSkVtBp9GXj-C4crX8O_iwy6lzXUC1jLn6O_BBlfqwU-jli61VMGEPfng,BRONZE,I,35,8,9,False,False,False,False
7YccrG9dpiMxDi5Wtu8NJlRaTLdksh9gsOkR-Y49mSmxSTh807w3lXmA2EHqkCcVeBpfZSkJRZXadw,BRONZE,I,2,188,194,False,False,False,False
TbWuFbW6j7Sz_wXd3v50P4dkj4Mb3WnT4bv-W6gGKwqSIeS8svFydiqRdu9TYDLgmndVH2TF0HNx3g,BRONZE,I,3,133,135,False,False,False,False
LMvPgnLbwB-YbnghS6KWyk0_gBCk30eh-KN4vmuJq1O2c5oEJ5AIcXNXytQPXNnGilxOPt5Q9H0-Hg,BRONZE,I,9,7,14,False,False,False,False
dRGS39lr0dF-kiXu76spKcTSHpnVWoh4gozjvo4v8ldNIH_MxahLlBMcCZMw8kCIHgi2_fMmxq5VKg,BRONZE,I,48,95,103,False,False,False,False
lWtGaHuGwHQObgHue51HbCCZGacUcbLY5LY96xceokUIn8SHDlYDhyMpk1hno-q09SkmIsAw5mg68w,BRONZE,I,5,9,5,False,False,False,False
oEAPtxvlVTAIWyKsqHxm3N6xZlUoEn5hehUv_w-4uAmiXVYbWBf8IMj-nh5TMg86pOcCgAVNotQo3w,BRONZE,I,7,14,4,False,False,False,False
urhLA747z-UgKOBI9VwX9b-vcRpRkj5oPruM3RlY3ORX0t3iuyOn0RLCMmYYbuR0VD5WEfEytolV-A,BRONZE,I,25,9,3,False,False,False,False
u-FV5JEObL2MUwO-P11mp7ZhSgS0zwVWtikLvtWbN0NfBc4XiXjsey6EaANPwxjIMkEGm-3TNgmPXg,BRONZE,I,1,13,26,False,False,False,False
Ez9jVP9xA4wZXrSJEFs309UxtdNX1mqvAWHF5aMjMNT59EkGZeSLSmh_fS7PsnruG-OKGyWWMv3EcA,BRONZE,I,22,10,20,False,False,False,False
77_K732n4xVi3tYCctqy1cA5q6gCpZTxdLeJmi9OFFrPNoADJADg3ZVNNCCIy0v_jTuS6QCKb0B1Cg,BRONZE,I,72,6,10,False,False,False,False
wjM2G9YzO2VspdzaWOrDHzvHeTSoArdwT9r9jlGeKZ2A-CqFeJxq1_zPoWDLcfUQbU6LTsheGs6yfA,BRONZE,I,84,96,103,False,False,False,False
kxX6HNPpEo-nufmnjn2xBvZWNjBLIqswSViPbAQ3AIhMHV_--LhYi6jrU3HFyyvBpwvKJY5McHx3TA,BRONZE,I,90,6,7,False,False,False,True
yjUWbcPzu-II7MTpCOSdD__dwMFvC5R6YPXmdA0dCiKgT5ahbQRqB_M3LLKua9kqORl2gEIu8xJ6Lw,BRONZE,I,45,3,3,False,False,False,False
TYWAKkCmIhsokfEDEvdu2chbFwUzphJVwcuxK2ZLcbuiJGKuCvzNj7fEs9RRbBGwy-_f8e8GSemfgw,BRONZE,I,94,40,42,False,False,False,False
0tqf2UwyTZ2nKGm04Qn0nLcsCfPwGrcn3wmWi-7tAswmgCoZmFWPrFiyAHX9TIC_EOUzVuSxdq2v2w,BRONZE,I,19,198,213,False,False,False,False
GCuc3LaaCIxDUhEO7oF2KHZQnkRgORPeY_ZMCzmf7gpMI08RUtxecJ4UMV2ejaye0cv63WbFdreETg,BRONZE,I,5,10,9,False,False,False,True
LV6VeCl7Neyw3UbKL6Fry14x8WSDbYDB0kAXWg8-0eci9TPwOTL5Hs8ji0vXGMHQZ_B4rRVMvANwHA,BRONZE,I,16,104,125,False,False,False,False
UQsZi1PUUX9-y9OqO3uz6qAK4B7QloUutWSm5TduminX6LKo-iRvDHzVEJz4-G18UvlVTVC6qjlr-w,BRONZE,I,22,13,5,False,False,False,False
e4EuV_2tHER06uGsq9LGYbf061QFpWbYvEDvzjGGTlMBKrYXKHtJmUqsqkBUhwAjqtAg77AyiMNM3Q,BRONZE,I,25,18,20,False,False,False,False
OmUfVetq_cj5tUBWmdu9VmPVYRcUsOcaLie8UevkGaN7r9qkx066RWk7AmgCP1skCVB2ZYDndrKw9Q,BRONZE,I,17,66,72,False,False,False,False
quuOtCOZNQ-3B9-EVJzjWuTUhl4QwosMucOmXgsoyseMUfsUa8gJ6C80DiKE8zwNlpE84r6tFKkQSA,BRONZE,I,40,3,3,False,False,False,False
OrYTDaVS7m-L27TSSzQgj2--Xq7ml7cfn9D387xAaWN25BZcwv-JeaaPhb3SGgJOxIh3WI1EVLm1zQ,BRONZE,I,7,14,10,False,False,True,False
b_vbUvQn0g1hQcglsOzWwC-RYYX956Xcer6XWbQtAvrQ2WORaD35vIP7cXEgmNIvyVCw5RlPW8LxiA,BRONZE,I,15,6,5,False,False,False,False
rrZ-4PxWHB3qyQi-gkmuU0k6AJkWh0HHrh85A8jXFMZyQOhqdDp0dMcbqVoTXLDYPz_Y9TpbimKJ1w,BRONZE,I,6,108,116,False,False,False,False
ujfUGnerG1QZOhAMccO990_kkeBuBl5Zf2mp1ByhE0c35d9ze3kUSfGLI3BDBzzGKPpmMviZ9ru3mg,BRONZE,I,50,139,142,False,False,False,False
RLMQsMrRbZSMqw6w9FlvaZ5LpW77tzd-Sib8naLLp5KlFlZYQ3MzOOsx3aG2poNP03HoJrQWATHIoQ,BRONZE,I,3,8,10,False,False,False,False
9ayngbVGtaU0T0SKUSpJyPRs2zpTo2wJWqwAYqQL6giTdX27-gVUSO8VXfIG_hw9zRQoBFvodFVhRw,BRONZE,I,50,5,9,False,False,False,False
xULOIZkw3PffStTmfU28oBunLbAI2KrvTbGotMO3uAsr3s4ibyhb2jmNeiOX5fxJFz85-r_PyYbZ_Q,BRONZE,I,5,8,9,False,False,False,False
YkFEwRcHoCBuku_cP4ELdOJlh7FWe6OXFnEXW17mdoxkEsjeHRyahpr5PosjNxHFyou1qtVFjH7aDQ,BRONZE,I,70,4,3,False,False,False,False
YjJh4gKAdhBhJ9nLcYNeae6MhMXKfaT2BSD4Ki82RfwyJ3CGlT7xvCuk96iCGIR1cjxltaENXdQARA,BRONZE,I,25,111,122,False,False,True,False
3T-WoM85sCIHoEJoZjOJjO4ZJZ40lQrlLdOAiMGI_ktIMUypz6M9LodWaofrfPdXrjbWaHHPnock0w,BRONZE,I,2,7,6,False,False,False,False
hL3gJY7gWvblezbhzCj9_DT-w78fJTPh00LrCNQEg249r5xgY5sykFpGAL7kE7VQSgOTMvp6cNhqAQ,BRONZE,I,50,120,135,False,False,False,False
tYt7Tk1GA5IY3esLjkYBddynidV1qkAosel3VAZs_mgTAFSk8gMMVo4NUqARvrJK-X68uBmKm3zrng,BRONZE,I,72,10,11,False,False,False,False
UuK49kB2PMaqy2VRgmv3fImi1OQIh6njkNISAMVp5wOhYu2LIEAzhyX3gUxzcpwqrl9AQgvXUS-_HA,BRONZE,I,62,19,22,False,False,False,False
60CHfxAEJEoWC2p3HDPVLLaUrDBcpk9QvSjuvuzhNUj0SvCWGY5ECwBR4I9PmdX-vljL_c-7RP2JdQ,BRONZE,I,60,9,9,False,False,False,False
MbeoE2EJ_pEfxNqrp2sX5EtJLTi-7r1dAYhJ7X2hNAA0ermFud2yCjgMKBO4ezFmPiYpybzx07sklQ,BRONZE,I,46,8,16,False,False,False,False
7jCZ2TgiOWQIiibZPdtGQilTTg9RocLO2ZiCtUQhI3ier7mvzipjOtFgLwdWh4EZf5u3ooVx3RSR5Q,BRONZE,I,1,9,5,False,False,False,False
p6nILzoK4YmDz8XeDlyP0c1jBRGftBB9u_jfe1vtmpu21ab1obUN8n2Yjpc5SnQDd2FwEiILaqEpcg,BRONZE,I,11,15,18,False,False,False,False
ZaR4xDJnSBOoEn80kMZVCRBiB8CAJaZlfkQsmw9BGj-P1J1jV1-BffmPgkFigFhYR01yXGA28jhnvw,BRONZE,I,19,71,69,False,False,False,False
jsSBU0qbgHaYFSI1Q8meLWolCpOBluk-SxDMFz2rrDCnygftqxND0EywfAp5kxpx2q1FJ-dxd5hSAg,BRONZE,I,23,19,21,False,False,False,False
fYTD-KdtmmvXeByP_MRBzOIeojzlHIK4Xv2tIjzDj8ok-QvGHyrExGZPWxPAQxYB_HH7LtnfinGGmA,BRONZE,I,69,6,8,False,False,False,False
SxPm-uANKlBWe1XiYa9UK0jeKjaK27f3AtOWgMec7VTpUKUhcVmXO-kF4z874L7sucvQGbEey2Ur5w,BRONZE,I,80,4,2,False,False,False,True
W9M7zkgUqRafaVECeJG17J-9MVdJ8I7GGBcutB5eciQ-5r8HIf0Ay9YM8co6FAyZ7jHcjI-AS4-stQ,BRONZE,I,74,5,4,False,False,False,False
QXIzns1WnWqEkTzhSkJM4yjYJ97qVQIx6CRIVowHZi94UaSPG19r1zV6SIpwK-HoEIEREJF0Zsztsg,BRONZE,I,60,4,4,False,False,False,False
MNZ1sEIAgXKBvDOpanaw0nlJzY5g5u8nT3_BrRIpKs6xQUZW1Lb1s5TsmApi1mG67h3e1cZk2_Jr8g,BRONZE,I,40,67,71,False,False,False,True
rWAToZOTcgaPTp5vZ3uYSojyhVFglNcASvnrlhByJUmxx3kdMhcTL5sXbjnDMid9JDPX4093GGEuHg,BRONZE,I,15,110,119,False,False,False,False
PgzIyoDMD9Qhfpdl8Rewjc-yOfvmiBepRBpPMuu1k7SoPxGsHp7e6NTLZx1x32pd8S2OPmlo-Zzn2w,BRONZE,I,0,0,5,False,False,True,False
40wLy32lTMGMp22QbJHJXT3f-r320mEq509I6nbvz5AGogSeY0uTzGB2cXUR2fVcMn2_XdpWlbhUGw,BRONZE,I,78,259,262,False,False,False,True
PvYrXR1xZFn2bndwMPWhvit_SglBbz7Nf1QxjcnHk1eSj1p45vGpYnMkWWRq3XXTS8XpFNtAApdQzA,BRONZE,I,86,100,122,False,False,False,False
ClxoMyMiodZ9wvCDf6j04Y5RlqF6p-L2bNbDh4gVv7Lc6r_ACrKwqh3EZzF-qvJcFyvNEWsz2jq0bA,BRONZE,I,87,172,177,False,False,False,True
5k53JKGDhetFrObftuNcgWvAlmi9J-QOJ1nK5z1lUsqc813pT-xGN4JFeI2abbabdJHGNZn1j8k3mQ,BRONZE,I,40,3,3,False,False,False,False
ePhmI9CHuy3_JQYMKAzSyBjQVePYfIx2LFSJzHxcdWSFpS11t_9IcAy4JSszg0PD_t4CxwcThn2kTw,BRONZE,I,3,21,21,False,False,False,False
oNffObVGeTC9uPY8PeuDVqEkGFJcq0KffUwljkpDXmv1MbyICxztuyT-6EmMi3dOhk0t4pQCf_FP4g,BRONZE,I,25,74,82,False,False,False,False
YsPTmeXlZMDQaw8nbKPj_TVLkbaQxohHLZSWcVxcvR9SiT8oqwpuIm0gJaHZ6YFtRcdMLHn09KbVkg,BRONZE,I,20,117,120,False,False,False,False
w-M2lxfsczGZ8j8n-pJT7MLMKZG32hw7qERPouE6BgNB7mEHjcgYQbWvr9ZFbrGv5D9BRFGAyfOENQ,BRONZE,I,0,2,4,False,False,False,False
7Izu0nEhp6gryuh3UmL4p6rOd9kS8mx8IU_4xAFhD4D50yp_kKT7P8zxx18lXnvzbr0VXFCA60QAQw,BRONZE,I,28,140,154,False,False,False,False
VxEQupZLP5lBhCFIHo9H4AHj7iMjdMYdrZP0IC8oqKSZwzeCcjXZjr26J4LbmsuVrUcKdhumCh99UQ,BRONZE,I,68,136,139,False,False,True,False
b0lyyN77uGrllxdRBN7fk1u-Op05pVBFWsVLoPETw0mEhDsvAjTbumYVYUc4w5-gyAEDl_l2juYw_Q,BRONZE,I,86,202,221,False,False,True,False
o4k5Daq5lgb-47bt8jOa7OaUWJ_EieP9GGGzucRikolkh-AvPLnH7_dw91GQJ5pCAgX9BTThv9cf7w,BRONZE,I,2,38,63,False,False,False,False
kOIbs1Be5F9BtdYGH9CU5kOt2quMwXTPiaYaenXHJXgKw0UUV0t7y3y9hV_v4ncpjbYsn_14VxwFRA,BRONZE,I,65,16,10,False,False,False,False
K5wpa4f6xB7jqPt9XqcWndhGN2MpSJrG8YFLQTcklSGmwcgEuYp921hWC6v961Osn7YuSbMQaFS6Sw,BRONZE,I,69,114,125,False,False,False,False
glYLrtxCSQXjRkrjoBFYsfmosQBvS_2L2PcVlLMeLLcR7d8RnxJyLNeE-dvdzGcnsZLGFAxg3gzDFw,BRONZE,I,15,9,13,False,False,False,False
EgyoSA4vD-U4JKdVzaAOEn8V6ZiAkTmXG5PfD5TPk3CuDHcFLx8oq2BEtXFcGfyamCmFucKpNPl1BQ,BRONZE,I,10,2,3,False,False,False,False
DscQx4SSbn8SpxQqvEVRnQtdlaXGyeg-t_JlAyIl1sXuqt2nnCnElxdSmtce0bFM3klb9U_f1LnpDw,BRONZE,I,55,3,2,False,False,False,False
jxPWiw6UEGyaB0TmUfHYfvh0s7naltiy5NtzMs_BryZ_3idQowtECGmeQbeQKWN8iTkWemjyLB-NhQ,BRONZE,I,27,9,11,False,False,False,False
bB9KVXms7eoMnJvUX4U50yuQj-zg1ZL9AG6cni2EuLgvXfUjxlS4LShORWJ9axG79lPKQb11sxbvtA,BRONZE,I,40,7,5,False,False,False,False
rEpbW8mEcBK1Ly2BWLK9CxPDV6fqgBe21jtlhD36tmF0X6l4l6RNhvXWAvNh7a0Xd2S9Y2f0wTyYmw,BRONZE,I,73,17,17,False,False,False,False
p6KtUF4wtIye_TFGpqkJ14LwOH_P17NQx54_FUMSJrj12qTWSpaTJMRIKnajn7EgHAwSt-qGN1X7kg,BRONZE,I,2,119,141,False,False,False,False
Oc4dcMcbBsC4ZHhljUmFSyWxzdJcMeTfmfBbYmrWVxawJCpJBynf2_4T_wNOf_CE43IgX31TDT9xsA,BRONZE,I,80,5,4,False,False,False,True
3_W1vMPCbsMz3FBm4ee_-zXy4KpYdXSWeQdSUtVdqrReiom3dBaQa8hmvfZ74VWTTHtlPbo17vG5Ng,BRONZE,I,65,4,4,False,False,False,False
71j2L82D_CCu9F-2cvLMRX1GOizRbS_zNG6vTeXDN0wwzUGnQFQh3-DipZtUWOCrUETCCLJzEtFx9w,BRONZE,I,37,10,5,False,False,False,False
wEsWEuZa-LrKt_SitC46ScnmBeCMPRoq7uKU3uXXPF6Q9yhm6HAALlBxthtuOFpAc9QJ_0P8lBu9Lg,BRONZE,I,90,5,4,False,False,False,False
8BEc3XJYjOZCSfFcAcNmgpn6v2Sp5oNg86sYyczRQYVvv6zwgRNT50DqNrRucfbOflxHkkF63K1xCg,BRONZE,I,39,460,468,False,False,False,False
DjisLVSA8DUKpKy6xDaOm9wSTYJo1GZw_WBO6QJl_gIr5HKlgr38oipRXBi_40SVcrb_ij0vWAAEBA,BRONZE,II,68,13,23,False,False,False,False
54n8-Qh_sDL0EiEhUKHLPmxT9RgxCLL-KSQYINJEXNpJLDP4s8cZbtC_0s_oFapLN9MDfT8NfTGgBQ,BRONZE,II,87,17,22,False,False,False,False
dpAXmct8u3kYLGUVONZo3TCo9XOdjnNzsr8JNSDdU6F27MkKeFZK8yhalB5r16NIeZ1LSOAt-hqO3g,BRONZE,II,34,3,5,False,False,False,False
conxjMd-hzOenxWk4tPSnGbrP2KZGfBlEzDpy_RyGVXu48VNvPzNskiwjNOQB2YChfpNfIMVPE1-4Q,BRONZE,II,99,2,4,False,False,False,False
t5IkA1UjR3s00Xs9ZqW7sk3g4MnSZArYihor3rqXirmF41jmW2tHKpMSx71YcU5NTMB0KHz90182mA,BRONZE,II,4,10,14,False,False,False,False
IxYSrcV-7hn-YrKfgy_2Qq2qp0oJhoP4LcESv8B_nhNGxgww8Synj7KTBdgsP7bt0Jq2ognNlD6i9A,BRONZE,II,96,4,9,False,False,False,False
cMNdgOcdebH9_1JDhryNeZHnV2SRoN7sEZBXT-VoQ0STSMr7NIXFn0zq0hoHlkXFVgoGXyoTQNYZWQ,BRONZE,II,19,7,6,False,False,False,True
JBevB7WT19RBoS0Gny1BsPR38Bvza6AzTQmCv_H1TcModcWtr-3C4W4k4N3KMjNiSkk3aaj7So193g,BRONZE,II,27,16,12,False,False,False,False
1xgkK0afh2VCqrFBFVYSwRTq--Mcqsfe3MdJXadMYCP3GJ7WqpNTmcqH10jrhSjWU6kbczON-xKblQ,BRONZE,II,61,1,4,False,False,False,False
6bfk8euT_JgEyV5KuaAptLqH8oCgAEA3qOoOGhgd3AfP_d4QjEYdvKcgPwl7dykVhErx_DPWT0WWAA,BRONZE,II,88,12,14,False,False,False,False
y7kHsyNNRWjYjhmmdoSuNOa74Qghe4YdSyHIX_kfiPxWuLowPILyZkc_atgVC12ipAjeCs3mVWiErA,BRONZE,II,5,57,66,False,False,False,False
XkhzHZM04FBYMJHd5GshZ55E7sJ1daG9RWFmNhDEHTTEs5LTbpUXWVEyjpQYLFsKuYHIyg6TPXC2RA,BRONZE,II,60,18,17,False,False,False,False
FdLSAcu3wEV3Q0x8XXCLaVcJt_k9VAG05O0LWs_uRcu91h8xcnSWf8krCIrdOs4nuBX5-6g3GUQu_g,BRONZE,II,97,313,326,False,False,False,False
VSGK14TZdT3Tpwqy13G4sney-Nzbsg2HXqKGn95vzomN54FDv9mHCpNWIuO5bJUAIePN7bredquoaA,BRONZE,II,50,8,7,False,False,False,False
kVx2mk3THMZzT56VmAt_yFAEN9aKZ7683_oCiGMkEJGdjg6cdFOswjSOZAkle6gtXIubkvLBAH1eSA,BRONZE,II,76,85,116,False,False,False,False
FCsdr9UzoV4DQhQuu2iU8npdHX04eozPbaVqyht33RkVOP15dhfhofxOVUCu-EjUKYNl3U-ECVkS2A,BRONZE,II,85,4,2,False,False,False,False
Wh-OEhO7l4NeOlMDMdWIbt7UGS_Nz0FUZqAhg5csIEEeMKpNVDFZZr9XdQzKUq2mkREHLVGB7RqgiQ,BRONZE,II,67,30,34,False,False,False,False
NVcjcpqUg64r5rSl78EvU8N0DfGies1_ltBWiN0PYbZRqZprLxkhNsyod2zA8BAYRsR3SkpeL_Iy5g,BRONZE,II,54,5,12,False,False,False,False
xgmTT_A1sISWHKabRUL6VQ2x42BC2dAWSAfwnIXC_goZPqBEIC0gpoZB885QeKmcPwsS-TsOUnOOuQ,BRONZE,II,6,172,189,False,False,False,False
CGmFYvn_Nxn9I8hjehhKgyKj48g7xmbZDVvio30SyLrKMzw9ga5kRjwwDTi8q0bJDBTwcFBQGmwMkw,BRONZE,II,5,7,2,False,False,False,True
7RoJgTeuZR72ep0UHTBeopzIH9tlzJFFl0no7aiyiA4TovIX5nQLfr2Y23MsiLpse8upp0vVdXMqYQ,BRONZE,II,95,16,13,False,False,False,False
jvNQzZUf6VcF57hAaGMWHUGcxrP3SLiNiJdkScMRufRVTH8EH7W01R1P6q1aWIkiPRaHmzb7_jBG9A,BRONZE,II,82,4,2,False,False,False,False
sDwY6vqz0Rloa4MDdk2O1RYsXQvb4ZMTIX5VTQGSbgcC_Q7o2VM0t2DJUcNxFSxCkLIK6eO6E5GHcQ,BRONZE,II,84,7,9,False,False,False,False
OSUTF3z5i5oUFWa0ts5m7Auj7SBfOX33QliANmu7_WTRJ4k81iwoH1IUxFwb0hKd6iXcxFCwvys3kA,BRONZE,II,47,10,4,False,False,False,False
aIJHiXm-Px8BJ8nZdTvMnbhB5u-hrnAxNmhgypZl2YvfIJl1Ol3Hrw9T2AvxeM_UkUXJ5FHETdzZNw,BRONZE,II,29,140,147,False,False,False,False
mCbDKUxc2HtBUCeVp1TOf9fAsWODtrgb98L2WF2MI9wPDcF8adeCSG2rhptr9Shf8aYSVoTRpTp_qQ,BRONZE,II,57,6,1,False,False,False,True
P0ajejm_R00A1V1Zi7CF3ucf1caQquS6MMd_2td_65lCcDHRtVbYavPc1Nh3M0vfqcfPd3-Lvr2p3A,BRONZE,II,25,5,9,False,False,False,False
JL3T8idIK2RFqKpD4N63o8_cdg-RyvFDMpLAQnF_XwS5RQN8sMF6yY4zDZs4HacgwspilwexrptGPw,BRONZE,II,89,123,141,False,False,False,False
NZxc3s_hFejIVTISeuOEkmXe-wXSrAjCcac9DZNdayzj_Pf6nZ7kjcBy8aP6sNOgLHzH4PPCwtrBkw,BRONZE,II,46,44,64,False,False,False,False
QJ-WMhVPQqjfTMQNeIdzHvJMILbAJm6W3lbndGXBDeasKJkjJEwInORMS3OolBexQjr6kQGIzlzkZQ,BRONZE,II,1,43,55,False,False,False,False
XczdAQVjOPkUx2t1ykgkrj2djMeflHB7Y2SMI3vehHpnh6ZtvIvJFuf6KWHE4OJycJGxG4Ha8PaCuA,BRONZE,II,92,4,9,False,False,False,False
NddtHwXChLR9PXtn_EyUCaCJ2pnnqvEhO44kj5B5_N-3yJwBH-u1LdOJmpQESPuisPnBScVTuamVjQ,BRONZE,II,96,24,25,False,False,False,False
GtKcY4RYe7UkaTObDgWBSYQuv8XAo9Cyfi538RlSIN00jTeflEaAo2MMEh8pD67lH9mpYVsj07I8aQ,BRONZE,II,30,1,8,False,False,False,False
kIHggh0NK1ZJ-4gciw5foNccJ15fKyZDCHWBW-aTR3vV10r22nNcApCSd8iW6fKtz9t8cqhV44yiyQ,BRONZE,II,0,3,6,False,False,False,False
HnvozhyKrAxodxkPrOemJQqw7f-kMhGmEmEze1e46poLvpsC8LtSouZVJZyLA5cI5HcsGV-4y0_8ew,BRONZE,II,96,43,42,False,False,False,False
IkOMCmjRQYEN-mzDit7QYEPQR6r_iCjbqVkg7sIsjoxeFmIuzSC0qcz0fnkORFLf6ZDYxCvfi-S2uA,BRONZE,II,41,96,100,False,False,False,False
7kDqOZmDFvFcL7EKG0Kp65MPdXZM2qG9Obgt1RRAhrAlT4HaRqRi7SvSbUprv-Pt9gHniaXmCoQMJg,BRONZE,II,71,118,119,False,False,False,False
iwfbyHGXkETlq5r34KIEMW_jF_1ixgb8gtMIZKLdiNZ0klFOW9llv4cWmZAGbw4Trn75Dd4XrETf6Q,BRONZE,II,97,8,3,False,False,False,False
SvlrHii6MkdR3HavvxNpGKX-nRDEYnS-meEZPk7KsCRO1Ed2kcbteT_G1jrY3nd4O4fKYA3B-he3GA,BRONZE,II,59,27,34,False,False,False,False
gGFwqcBfUXHg2U353jrlQ2dmSo_5xpqLUk_91PaK21MlypEOdHgPJo1fVrQbzm4tRr3NA_Ve3H00KQ,BRONZE,II,63,20,26,False,False,False,False
IkDeVELDAduG04K7QLr9feHBX14TLGyVks9FefQzHj9rqmXRJ-mVoJvGbkoNXbqnd5ZIWZoWsv5bWw,BRONZE,II,40,14,16,False,False,False,False
hGPU_q8TmBdKcvLxJzWqarRggUSj6YOQtSuxuB4pFjVQUr-KL1Hjn719ZqZ9-t59PCxKuw0pSeUubg,BRONZE,II,30,80,83,False,False,False,False
9CpzJPjTNXSZLdGvphWlJHz9l3AZfjGQs4yGJqz9_GwfBDgISL9I0gNGvZz0DHsgzhXYfS7V2SafaQ,BRONZE,II,48,96,110,False,False,False,False
1sOdqJPSYXC-8J3y4PrjIdJkKsKHS1ZVrlyaEl0AtRazz9OmifIA3W9yZd-AX_dTCPkWVDY9H3qnGw,BRONZE,II,0,3,6,False,False,False,False
PplGRKKQEIqwV9F-AwaQGzA9f45Qxie6jtPGEeWrX7EBwvy7ZHOqPTrNDZCbRpPHsSv9MC187iqnhA,BRONZE,II,22,184,188,False,False,False,False
ulOmu0wi7lf49Q2ql8uOH401x1fIzlzXWHz7BKhihxKk0xQBhdiVlhQlg5aYqX9gEKO_wtLpK_L_mQ,BRONZE,II,14,189,202,False,False,False,False
WUjvdwvlwVCpijPElId6KCpHbRJYG8aQGH2BkyMqDEWuQ4UHzE4mHB6zp1E5gcM12xbI4Vona3PwDQ,BRONZE,II,60,4,4,False,False,False,False
SoCwmCfQrVXNV6Fjspg5PEpYQnBYMnRN1nkdg01R-_7DdDDcHB81ST9ORR1Xr57LBOEnetVm-oSnhQ,BRONZE,II,80,2,5,False,False,False,False
-7y0_HpY9dE9dXTbOw977T4APE-oUyRtm5y24vGPLByT5Pu0QOfJq52z_7cb4_PyRFTetD7KvkEruw,BRONZE,II,87,15,16,False,False,False,False
z20lPf8PUPUEoTABtBK_n14VguSAIOdEz8sXt3dcrgXxKLg_Ext5NEiO8fyq7tjefEytCnWB9oDXbw,BRONZE,II,29,16,28,False,False,False,False
69VEs7egLlD0eSQXFX5x2FofgAIlZl3GPoDR_vMLmExnVR0kz5r2gmQXOG30-Lg659DaZGOmWi8WEQ,BRONZE,II,22,4,4,False,False,False,False
OEPFkjsTsTlRIpHvPJuRem55Hh1IezhdVUv6om_beuhewI830TNWOYsb0t6gNIVsDO4Q14VBb5NIqw,BRONZE,II,42,11,4,False,False,False,True
ZELyF2ZmAXRb94M-6b_55s0aHbYgJVpGrodboqbajOdpLsv1Gq5whvzyvA1Shynw8SDroqNQCLTdJg,BRONZE,II,2,132,150,False,False,False,False
n_G5ryc4Cm97y5HtLNU7pSa7Y3lgMC70mEhMNy9w-MzbXRIZLDC6trUGe-rbVdXrjgEena1QRsbN0Q,BRONZE,II,35,80,84,False,False,False,True
R1OoOkPxVPmb-gt-CUxu16Qhx_1qzqqH3u6qaVVT6-QZWisz5WpCAyXLDu0zAh3laXe-HJrOLlSA9Q,BRONZE,II,21,34,33,False,False,False,False
pzu2HWY2Ed4LTcPAbva9p_KsrNXmzyz0zTf3BWrO5N2KjjV9qvVPv3QDRukV5btvurXMHXPdXBaUsQ,BRONZE,II,29,3,4,False,False,False,False
XptJs4_EqJvMpzMUMF91MvvBBLa8ET2ILOjACkpI_-sEu5DEVw-0_B75jFESxOwJNZLi9p6Heihf4A,BRONZE,II,82,13,16,False,False,False,False
7OuMGjsj7cmkYNWy8Gz83O9MrQ2F-UnS1aTKVD_IBA5f1-wza5NFOivoHpUdP8vUBgWDfgjaztlddA,BRONZE,II,28,8,9,False,False,False,False
Vcg1vxpfBUss2blhsqN9YadtkktHNUh68frQqqSfXVsg4NusMsoYuKpgBPwXMNYz-g9Pq_RIPBG7Ww,BRONZE,II,9,31,42,False,False,False,False
tLDJS5EMxHnKQ98OZIOeurGamZkeUi42Y9Jmb9ezwuTx7BaxCwO9iU6aGVYVtbCsu2oRq3Neke82Cg,BRONZE,II,12,8,27,False,False,False,True
XdYYZk30GCXGLbCIJlxCbV8oo4dwgU6b8VsSzhMRkjGgbyy5R_FcVKJqPtEXBUregKukCEtSTtdPVg,BRONZE,II,85,3,9,False,False,False,False
nT0N5GY2Wlti0MhfL17uMay7oQPgdD1K7kQds9KT0M6b7S2lZIlfi5clHNnlnAc34mEsELyM_9RPkQ,BRONZE,II,26,16,16,False,False,False,False
uaS6IYmNKUlvWEpza4JphhH_XJdcmCwcsiU50ie3U8GYlorlhmxG6CCoKnMBcbwFPY8s-nYtJOrWWw,BRONZE,II,9,34,51,False,False,False,False
2qszV1HSIkHVFCyUOQvWBapFRUTe-hSzeUvwabuMvtY2dUZQVNVrQh8FL9T58zNwgLJR79MrvFLgtQ,BRONZE,II,98,3,8,False,False,False,False
L8vH_xcqMreFRsPeb0PsD4EbfDFeQUPb55fndqBoALD2llm5vP6aARZbltm29Ap4z-qIYog1BwZ8Cw,BRONZE,II,18,12,15,False,False,False,False
UllJyBRLHJWROx9JG437FqKNUjlVhtCc7u74MbsEhDw0YTN_4-8YgfkcN1PKJGQLzDI3fdtPDv1qbA,BRONZE,II,5,5,3,False,False,False,False
QBDBK1MGQGe8kC5bPRFVyVhKrKjQ2Ha6g4ccDVptRG2k_7FDZ_lQ5olQubAb9fTHfYWqc9KBv7lydA,BRONZE,II,27,194,214,False,False,False,False
zXhfsx_2CF63FYBR9F0IGaiM0zc7yyCFPSnum35vcOpruL6PtpIhgKl5JJdjNL8aI2WY4BzKGwsKjg,BRONZE,II,60,4,4,False,False,False,False
fZ7eOa0JHjfsSKnpjG3bAz1V1Drjj803p2LAfkUxeYEvmxKvzX_vatpQSAgZbM8x806qiIqYfyQj8g,BRONZE,II,52,38,42,False,False,False,True
HZWDI8d2wUoTuegWFLbYDxyV1M33bKhNDNQboL3vWxBzchM3rFLqqbynyK3RJyrIQR0ApqDLW10Zkg,BRONZE,II,52,7,4,False,False,False,False
I8FcfOiDEp_3AUFck_Fa5iOpadxU9q1BbadHQ0nNBjZbCmJmBx2ZP0GiCIsVd-onFuO5VqyqOB6RMw,BRONZE,II,33,19,21,False,False,False,False
FMG1DmkFcEdUKMyd2GXHZUqMTLinKIfPxh4FmTTjZWQ6fFbf5J3_NMAGxI6HvGznnbQaa8jj_o8W1A,BRONZE,II,67,11,17,False,False,False,False
aU-3bHfXrGq-gEye_VUTr-iIbvfySfzLf0B_vN53BoyrGZRCOkAvH5uJ47eM5HFUZyQi_f85bMbXcg,BRONZE,II,71,13,14,False,False,False,False
Hw6i05hCjslGjksSCQGOAi1F1rLMDVH-BknW6p_xhmNzL7k0nB9HS6LGsMnSoF2HVdTipb_mvg0eOw,BRONZE,II,48,12,15,False,False,False,False
-jkwSYl6us4QC6tb1lfYJcjWSaQp_u3ElK7xRMHU0S-fin5KOli1cRk7WXEmThoPCNe7-hGJMD_Y9g,BRONZE,II,75,70,90,False,False,False,False
DkTsfd7WLOzRHCVNNUsjwxFvlJ6scOHhirmzJfOMIhC8nBMGltwCFT_ZlYTRcdMf8YqKX3Syp8kAPA,BRONZE,II,15,16,18,False,False,False,False
PHEIQAJXIVEcS2Xj5CvctNHFgMBiILsQhR1tlpPNxQ6vgJl8-einv3SLHltvChue6hxhGKpj9QB0Bw,BRONZE,II,91,5,12,False,False,False,False
2nW5HL-_lZzDjmE2kStInOPjMEpjXhPxKqiDRWTQCRXWhDa59OQEER5LvUpe1kcImIkhkguB1zDslw,BRONZE,II,61,8,6,False,False,False,True
dO61EpJndJHxFjzNmZdXNZZpbhDVc7ATFd8bK34HlB8K2U7WYCBATnzFrZ3VpHKjMKivtfVT5G5pww,BRONZE,II,0,0,5,False,False,False,False
qLgQXWErVCMbY0wZ1P6J7zAcK51yOrjJc-xxn8Xk0-X-hfQizW3Bh6wpaaoYSDGuBP2btWD4qNuzyQ,BRONZE,II,37,10,11,False,False,False,False
NveEZ1YuY3ARPeh7OcBd6rz6sClsQUoZHZMY998DnCX0GPoI7a5tixi8NCWcNK81riIOROoimvM4eQ,BRONZE,II,86,104,114,False,False,False,False
1xCVutLquw0uyjAR5fi-F5eCivALJqwvcMyHCag1i_kjHxIockie1wh-1lD91RfL41RfFHo9B9vJPg,BRONZE,II,99,13,14,False,False,False,False
_f6dYsHu-AdfeWjYNRqcW6YUGooyasgwniBoMT8zpXfLj1Ukerb_ofu55EzgxzNshNDlFPMEYliQkg,BRONZE,II,77,347,355,False,False,False,False
NFVp_p1Qjkf9mVXnYbnAql91zhna9BPihbtqQsfMgq7TuB_kKFV95KQNcDab9-ABVwNnrnlGE60s7g,BRONZE,II,55,11,6,False,False,False,False
OgEqg20b9qaN5OFhgl8fnyFeI0v8ExMD2CrxpophbwdZjK5JhT8sV77xlsrzAgLPXzfvx1T74eig2w,BRONZE,II,50,2,8,False,False,False,False
Sfx42STzwRNLCCQbCyG8DYX30u1fAnQH4vUwFaNrVdqnwrpJSfsxkB5bJJl6p47cdZ2BqJYEg-mB3g,BRONZE,II,36,110,134,False,False,False,False
gBQnN45fkxDHe9idj9y_CyhyE18SCSpl9Fd2kHcquPteNLok0cNSOupS6BQYxGqT3l0eCtINd2gO6A,BRONZE,II,1,5,3,False,False,False,True
Xa_e0jY0MccMX4xYc5opNGyb8I_17WNtiTn92I7gvOca6Vn0GlNd8x5vwNszp5Fg0kBpCtJqfQ_y1w,BRONZE,II,10,2,3,False,False,False,False
fao-yiQPvcziItzuU0e-U4TgbN58HWuM_9QYFLsd4A3t7EHoV2w5tjSvlvoc_vOhX--jid1Q2IoHOw,BRONZE,II,91,9,6,False,False,False,False
PRMtN-KNrvqk_1fDl39BFD4Si6SnKLux93TdwunPcgtnYNC4rN3RZgWQhx5itL2GgqeUdv5tHuH6pw,BRONZE,II,65,6,9,False,False,False,False
hO5FHPpvuMkkzfUaGrsbZXeZLH-RIb1sYxrW2PPdXaqSygbhv9x-AybsP_0uo9x_kv-kiTvMDmJYkw,BRONZE,II,9,11,18,False,False,False,False
TjTX8fyqOyKyH_RSbhxF0wCaGL0nx0KegPbkANn3cnUpSXUBYUvXuVBESFUt9W7dmK7AK2wMMULupw,BRONZE,II,87,76,69,False,False,False,True
RJOE-z0X5oCek5VlhUdhidM23lPp7wRsBhlYqBTBlN1u6O2kHzG2uEn2hXActxpK84TDSQ5olLfVcQ,BRONZE,II,85,7,11,False,False,False,False
hKEyu_HHSGZRE7XJi5CrBCUPiDjvdoBgltPWupw9EwTD16FxY7kEPVajRhQkXnwDlgFRxCzmL0N_8A,BRONZE,II,78,21,23,False,False,False,False
H_moTmWk43esRFPnnIrY1q9oXgq69SKQ1hMaEnGeQWRp-9rT8g8Kv-k1Lxh80uY9v82RZpGEFWMP5A,BRONZE,II,45,63,67,False,False,False,False
Ca32VYrEDpNNy_62KlIRgIG9IS-pnQZMkqKAmGfSzR7Laiam4dcV77rbPrle7Qep_Z8aXMKtzfMXLA,BRONZE,II,30,3,4,False,False,False,False
BnfwBLC_cPUH1lf6TAetFuANEWCm5JR_p_uNHfOZo39RRS5oZ-9fas6nWbidbbvzllOWWmMYqzZmuw,BRONZE,II,76,103,121,False,False,False,False
2pbnZ-uaayYAAS7DHferdzOjT63ZmhdmVYVxIgGqW2i2eZfwcvN50E5xUxoabjCro38jQXzCaqNgsg,BRONZE,II,7,7,14,False,False,False,False
0jLHdqq5CTUazkfK85unBgzG1vcLbeC0r41uYYYHehkIza9S9CxLB6SlJJD-XI52VHEgedeBHEZOgg,BRONZE,II,55,7,4,False,False,False,False
l6DDX6li7j4_96jOV6sIjXeSBdpRWToqBPeyg5j6oKZO1vSaC1Pg7YBPLd2tkCgTsHsLEfFYIJcg7w,BRONZE,II,34,35,50,False,False,False,False
7ttisgKYJA0rWiITDoHrakZAIRoPtchE7FwAQGdnFqO8UM8AJTD8kcqwzmNttDkw9oKAjlDBj1VZBw,BRONZE,II,51,333,349,False,False,False,False
IXTKsuFGX-hrkFcaAGWukGhjViaSsSRvG2apU24BE1XVFrCqq2fA0G4kSsp6MtC6jHvTbGGAcOSXWA,BRONZE,II,8,8,10,False,False,False,False
ELGAJsoX1WB0JytRSq1jy9Ug1UVcT7jszZ5DjbOrH2k_Z1cpAoPMDTLfIpfuAqs5yIAMNXZMVURkQQ,BRONZE,II,42,115,119,False,False,False,False
E634phAdkyPGqeSPOqF6BL6t6MKMg1xrJSqiaIwWdgw5LNgKYM6UjbhNJRm9m2fFFl9bWRZ25nFlJQ,BRONZE,II,35,3,4,False,False,False,False
1ien0fmW3Yeglgme1_tovEhTl2aQoVySLjGO-s6wto1KZp4nRrqxpB0wNaiHMyHPfhoIF0Perk8LfQ,BRONZE,II,70,25,38,False,False,False,False
NHbuiNiX_yF3y4YMgpJ4ybQiY7j09YQ1AOwAxoX68t5B6PTeIeiPwNeFzhc6hjLWJXevKNLV6ewpaA,BRONZE,II,67,75,96,False,False,False,False
wskegUNOTm4HlswxcIA1n2C2hLQuDlou_1Hi1vBHThppg8u5EqCNEAHdJTzGXCa-PLxu5ml33TcJ1Q,BRONZE,II,97,4,1,False,False,False,False
--DGNHWbmFBAYZWVbGT-xV3v5Z0bqbOrLl8_PH9vebu-ZbQYKbxiBrmskX3qgMr5keErMroNpu_YKw,BRONZE,II,91,20,29,False,False,False,False
UyqiRuCuowOwO5DSMc9T7V3JBuCno2gv2ACvvDf827uduyoCDmQ-63u_B9BA_ozMAQCjpKa26mMHTQ,BRONZE,II,45,5,7,False,False,False,False
8whJpt8GjkTWMesq2n7LdzN-tEKTctUC_AeDqeqrR1hpWv1verw_CZAI8jLw4TupacrKRwufTgjZZQ,BRONZE,II,22,2,10,False,False,False,False
pIsspd7M3bMnTDBNRLFC490ok3MYRaaMc1RJKP3HPwEejkZ__RbSTIGxgYYtkhoHE8GQKCWL2IyPJQ,BRONZE,II,60,1,4,False,False,False,False
iLiSL9WbFrBHakGMLhw7KqvaAGaYG_V0iQR9pQmalwFvWz_H8AM8dIQIR4_qVJjQC3YD7SrBrLTzLg,BRONZE,II,59,16,23,False,False,False,False
X2eX4kvM0CMexJ5EGi1S2aHId53jfhlyv1rRLMWknJ5zmOAEQ1jNlbZbKv-Bn28DcHgbQjhqv-CsMQ,BRONZE,II,60,1,4,False,False,False,False
Ai4BwHA9StRmAtM1zci27m-Nbdke9gVheCZLUt-6R5zHgDE8Lb_TleqEz1mEzaUN8-De8Ur5OvF3GA,BRONZE,II,75,3,4,False,False,False,False
UHspkLY6WU8TPsmwbQ43pR6TO8eb86wYbgMEhALUARjOBNzACQooh9Oga52nUl3pPygla1wFcUjAuw,BRONZE,II,84,13,7,False,False,False,False
YEmo7Bpdh5Ozu4BT09Y0WvzD1Vc_v0Zzb3UxOroDCOmRZ-QMCNy6Q1sYUnvY-YiODPhaXFqCpAvvVg,BRONZE,II,29,10,15,False,False,False,False
BaG1rjbbqkIA0rxJ9bQ44xTsPIFelw3cmNo2K4zsVAi3Lpx78nB_mQH5Y9nKyZAYSq5n5iOZaukM5Q,BRONZE,II,15,41,54,False,False,False,False
z5I7L1ZxV8GHFtwbFkgP04_N2-U2Ge8VSyN8N0ldDVdlmSwd_L4nop4klHIn51ivBbRRPwDYGDUuUw,BRONZE,II,49,1,5,False,False,False,False
NInqdMkmVlEmdiKFZfQ5OXcbDgQNSZRk-3Xn-5fk6ENvRiXeH5_vWoKrCKg5E3s5-CRYShbNmS1S3A,BRONZE,II,95,5,4,False,False,False,False
rLds2QVGAgKtCUkHqASMk4g1NVR1s-_gdkaWIFGPI5kKA6d4fanWa5_0Z5abYSAVO_lKRmrj0pZ6eQ,BRONZE,II,90,6,6,False,False,False,False
fD92ypxUHZg2ghUvgwFjCczL6dkTTWrj3i80nLdq3uwUG6rtbK0Ul-L4DG7GUaEDANVnYFcWKYdWqw,BRONZE,II,50,2,8,False,False,False,False
iIbm5jfqgvQVJJlkvxilQUVO0Pp4maZlIjdCerDNq4umg2DnzJ4H5i8qp25Ehp1pFu8HvTDTTCu_Iw,BRONZE,II,0,2,4,False,False,False,False
Hhi8fjIMb7j1tFm4bm46vtkHEGVG_S_m8I2jPzhdIyOyZVDSbDt-yK7G1bQbaYeJtS_NK36kKEwYQg,BRONZE,II,1,9,4,False,False,False,True
kRa4YdSyYbxZAjh9ZhEHDOqWBqvQgtZAUk9oBiVibTM7Y1KNnXc7JDqRpT4h9wdpYExNz14gVAt88A,BRONZE,II,67,11,5,False,False,False,False
z78Jdu8vIgz-jLbKBe1Ni7FZ1RGrsKeXuczRK55O2Gn_JDBJQjiJJKD4VvfMis3FrxGU5X48KBpTtw,BRONZE,II,48,83,86,False,False,False,False
T-WpgbJMQMy3FFpFi1eXhQ9ZiSnVku6fhknL8wTRLQeOjBcz2qJhfb6dup4dNSsv-P-ud6SjaUDZ_Q,BRONZE,II,30,6,10,False,False,False,False
P_levasRbUvRSqsrx06Fh_z8Z5zUSf1QnsoREflh1TA3d0KQ8-hNoFfzSGt78ndh3M1KcqDLF8d5cw,BRONZE,II,50,7,4,False,False,False,True
zlDb2gs3D5n2y1421dk_diAn27Xa6kWRkUAAolctcXRR-ZVuN5oKnwqInVWkYWX1AYIyW8uz0TPjGA,BRONZE,II,26,14,18,False,False,False,False
_oHxhgJ80ztKRteBv-Vwy8PFf0lqndKzrwSjidmdsPH41SbpETcjwN3fxERy_KC0Bz5-A8o4TUCq6A,BRONZE,II,29,19,30,False,False,False,False
4WBGmfzVwK1NAFVUPVV9xg8u3e6zIwA2DNjqL__Est--vgh0hv3GdQHf_cAs5suugkkPZcOGjE6Q8Q,BRONZE,II,45,3,3,False,False,False,False
y2NtU3929T3phaXssbTSbJi5UbyVz7KmvsVPTlKvAAkDxRscE9MdDl5BmPhxn3LC2m4wV-SsEbD7xw,BRONZE,II,46,19,23,False,False,False,False
wIZuroaaLy23MLeEyt5rzDZEl74EO0A0Y7WSzgZaGNT6yLjBKSDFAiedS92HjHbWUggGK3dKMU8LlQ,BRONZE,II,3,85,108,False,False,False,False
zFd337Fl9gAW8ny5tWeanYjraCvLNhVTcccEpaQ7SielHEGIxyQw2LoTOcHfYrW2LPJWC-vdfjPKKA,BRONZE,II,38,42,58,False,False,False,False
HulloGLhxn6AWlW237yuo6_PmOD9EqSE0PaUA_VTWm3FAfCMx6kLXKt9wPGrLyRmw2-fS35zewVmpA,BRONZE,II,59,117,119,False,False,False,False
YVbhqlvdtFo4YifW8MuJKyoCooS76S5PVDTqaJNLkrqIDtkhOHlN6Q7nlM3oOIj9LUhtknE9zLzK4A,BRONZE,II,78,2,6,False,False,False,False
VkpA1zRdbL16KSEGe3CGRsDndG8dHRzPIuWa6fbQsgQu2sqPOatkPpKQQMnrJdr9FUGPwJaedEyfnQ,BRONZE,II,32,6,3,False,False,False,False
TfV2VKRIIkJjpU6QUfqoRHviHum3sumqIxC2TqvvyquasCwCu1UYnaiRQk0a8cYqr_VEz3UIuJjoOw,BRONZE,II,48,18,16,False,False,False,False
km_CRKypbCxlDRzkGd-_sDQrr-rLj_hpWdQx5CDziZ0HbmrtV2OJHbyYRHjXt9P5SJY-iX26TVlehg,BRONZE,II,79,23,20,False,False,False,False
dI6KsFVDw3sUiY4qWbrfOlQRBhsDniY2fjdYkHRZV-av6yN02Schh8c4YLExUfNmuqBLHvnT7YG9Sg,BRONZE,II,45,66,79,False,False,False,False
dwGHWg-SWcaJHHKK2yEqRGT-iwZgrXhQyOb78fSmwqgC0giLLP1EJPv9Dky9PyfVHMXpp20GFydYzA,BRONZE,II,70,2,7,False,False,False,False
07sr-dNw7MfD_hoxFmGWhV_a_OIhRMHPH51Ltk7cet31XBX1arHUWrCr_-2OjEuf1UwYwUO7VDRHaw,BRONZE,II,47,52,60,False,False,False,False
h3Tu_LIVcheYENt9YuehUVPsV0uvHh3SXIwE1AIv8PfSiP4RTgY1qWssFkIjIRTHtZpf7qGC7_-39A,BRONZE,II,70,22,22,False,False,False,False
Qy1HAf7ggXvKaE47txjv7wlu0EoX226J1HaJajp-pcdZp6yqgedN2-RBGjwfHpphA7gAuekfKy-KPQ,BRONZE,II,67,76,89,False,False,False,False
DtsJ4FcCp-WfxvctBne-awtXUS7vEeD3vNgxIKTELA6uSNNKdXPpSP55nVWyTD49DirmmpRTmD844w,BRONZE,II,55,3,2,False,False,False,False
1i1KIjKPL75MHqq1LFub1eo0YjNP4vkfJcSFiLB3BBiCYLyQStbLeOcY5xAZu5OPqYDjk741Ox8lWw,BRONZE,II,35,6,12,False,False,False,False
VJc6ZfpLg7NENwc4R2l2z8FlRDGqBBRZ5gMDNNoS6V77TubN7VZZV0BUvipt4YlEby44FzCrF-2DQA,BRONZE,II,53,3,9,False,False,False,False
DJSQ90JBQ3RcNibIFioj-oFRH6pf2vCVFaXm9DOxKDiiy_1bUVBCSjSmZm9tKUFmjoLROMUq6wMIJw,BRONZE,II,9,54,72,False,False,False,False
pdCK9QPzlToMJG05bcNjd6i5Mzv74_JhIQF4Akl04lDdLtcvzYPVaOFwYU_vqb1xDOzErktjuPuufA,BRONZE,II,33,22,9,False,False,False,False
DsGLN5IGw9IYB2y_5BIAmReLJCCBjMsJcGel_rqAeM431STf387Ew_NFHtG_uzxft6c_PnMhFlE2xA,BRONZE,II,6,9,1,False,False,False,True
Fu3AOlY8zzMjd6KW2zfgsaCbAn7FGN0_Efz0B2ab3SoavFQn8_UAq2dgMXc6bYBsik8hOqjO1QFoxQ,BRONZE,II,61,6,9,False,False,False,False
2K85AQnVtdFyqxa4odO_13QOCe12zCnFl8OtVuwdDSH6IRiW81PONM5Xizbw31ozhYEgcTmGLJhbcg,BRONZE,II,80,68,75,False,False,False,False
bVlRav8iFmt_WRXCvXyESjTqgcaKjUzivbF07JqUzYtn3f8FbGTdlDVZlZt0FPgfAajAs5gZzg3QkA,BRONZE,II,30,3,10,False,False,False,False
FVzN5GaYL7e2PeRx3ahXbIQf0Q6cTO1I5Qe9AISoRRpVfFFW-o8nq45fxKbg9WPmKz2cRC9DTCT1Lg,BRONZE,II,99,41,41,False,False,False,False
_mdciHMEbfzdDPn4CMzLp3TrDwBh3qMGSYtFohtR6seOT6yHD2Kg_uFjsBhh0HCwpYrri143i9iliA,BRONZE,II,92,13,3,False,False,False,False
Juu1YSncbcRnMnhxuLhxB4W76qM6XtI7nCDOzSkNSWsGKu9LPfAxGJfRur1X55UFaec1Ex5I4O-kjQ,BRONZE,II,7,17,26,False,False,False,False
hq64gKpADeV70epXG3dJqdHcGG0OCDYVozITHfEyrg7NsR_QaC_MNaxaopfGtnIgBe_fLJwpO-UXlw,BRONZE,II,6,4,8,False,False,False,False
DfViFY6NtefmT7oJS8DWJtLTHU6ciUAw_q0BIHB4CUanBV00WC2OWpq5EfFIZDKp95jNevbymA8Hwg,BRONZE,II,1,28,33,False,False,False,False
T3m10T1Ye-KwwCQoGmsnmuD_TkemALBA_ZZ_W-6OkkXWM4KbEoPRZmK5FS93eKqhg_lbQdPjpv2BTg,BRONZE,II,74,3,8,False,False,False,False
MD6xnJQtCSQO5r7GjYFcAhmjbV2kPKNOqFkfMGBXSC0RUm12A6wv2f3h4snfo0ArgDFGi4MYght-HQ,BRONZE,II,41,7,5,False,False,False,False
-qAWSxob_2G9a6BTUuA1nQddSdY2mU4PazqVWZb_ZbbtN4LGmbm8GK9thu1i7WBnFqKlpCdMW4Xz6Q,BRONZE,II,8,59,76,False,False,False,False
XGNQckwZetmBmC_DdSFozpuESFQt-OKMULVtMs5IqYYpQISA1Dcl5kIc3OSTJcFZ1zvGloyQNtA7NQ,BRONZE,II,61,78,88,False,False,False,False
4WrI3LECNgoa9ZK9L66NPt6ecTZ6dBT733Bo2CmwZ1dtRZCZBiefQxms-tQKGEgrIwcGezndxJUgcQ,BRONZE,II,90,5,4,False,False,False,True
LtdiZMR5kJM_Ek_Uou8zDJ2IZ_Rbhdm_I_1yCAV4Z3R3qePtwD6_4J-9zOaOxfeBKHJlsQLIPq0UMQ,BRONZE,II,96,153,158,False,False,False,False
EV_UYh1BCAMAeN3gTt3Bh-19wlgQ89Igqn2fQUeUQhazyIbMqkyvGI9Uukh_c5CQIDM5JErZToLUXA,BRONZE,II,24,20,32,False,False,False,False
VLf9uMC-w-H3L74pyRF3kTrqfw7r4nIWfORI6-NxSclc0csKN4v7dQIJtTHdEVD6BlkKcSGJCL6NlQ,BRONZE,II,97,4,1,False,False,False,False
JvFP3IF9f7i39h3fbA8ActrFt41ceAM-1PMIXhgfI7yYONXtLeJX5GiWFEJYdWOt8OLdd02MoWed6A,BRONZE,II,90,69,78,False,False,False,False
iepnSLynYPT2Dt_8p3mbwGLoEEyBDZLXxlsXYmOhcFVQaPB8kYRFdBSccQKusl-Tk0wgmMr2fy6ZOQ,BRONZE,II,60,13,10,False,False,True,False
OG76nVuqG-UpA4HVvsMXGyRgT1V6Ex7yGc1_nECEuJq7ySa_Gfu1q5biJ8P0frjmUdTBFvngtRZ-QQ,BRONZE,II,19,4,7,False,False,False,False
2KzsXFuOIELmKbXPJfZnT2Pvz6e_TZsdOxz7IVRFkzYAYgoMhhXC0vbmJgetYPYtxiosWZqlmhW-wQ,BRONZE,II,88,8,25,False,False,False,False
FQH55PMR-2t4_786wI8WLRgqtjtXCIe5923tSj3xijfzZeNLAXlfohr7eVopfn77z6SFsV4QumN_5g,BRONZE,II,26,13,16,False,False,False,False
Ra7Yy3-cmrq3X9zAWoNEOh_fNYWQmRwUua3VvzDZsjqJat2kFBjEM_dkrWblj0qsPKmo-zQf3yGcWQ,BRONZE,II,91,3,8,False,False,False,False
GwS8soFqSdw_7Tp2iSlwvd8QPaM-rjn-eDWMS-ROhlyrbY_Cts1fS9FI6vxfY1neFta32wtOY3bvJA,BRONZE,II,72,62,62,False,False,False,True
cdmvuYgIyuyP0GYibzacZ39VCN916Df2Xk1BTjVkvkPOVktN8vYBgCZKoJw44xtNQW2OIFPo6TdjxQ,BRONZE,II,30,3,4,False,False,False,False
sCwyplwYs9rL8QfwbByZnxamSQy40u23KlvL-DhcoF0MiIc0vO7dXsTgZVbGC_srBFcGZfJRQceD9Q,BRONZE,II,2,205,212,False,False,False,False
o0XXN-nLLve5A1RJfmVy9XsQbNuxdBt8gy2tmzgRbgCqKzJUmOU-MDv8cTv1uxNE8X2tbisDb8lzRg,BRONZE,II,73,27,60,False,False,False,False
N02_9h56_Nkg-W9XDrCFaqj5LZMiNBtBreIVCRKYEPWGy2K10i0_RpYPd0TZvBuNeKqxs0kaUZ0fQw,BRONZE,II,84,5,5,False,False,False,False
S8b0KGJ0PHXVKf-SnAVx6qF0TwK89veEDpcN_P_EpWBOl7fSWfkx2l2_aX1wwjd3yhS77fxBmtLFcw,BRONZE,II,1,6,6,False,False,False,False
ZiOr4QcCEDGreyFWht4Vj8WkiedxQaXlHz73sxV9Q_5vx41tetIFEk1INwiJC9Wzd0URryYNf74KVQ,BRONZE,II,62,15,10,False,False,False,False
iYz15m3jwCX5s62Oiez4QjKymJ1gy6HEiW14cQ2ICG0lz0qewN6udQAcmJCnalLxMJpLtfIXIheULw,BRONZE,II,41,6,9,False,False,False,False
uYUE7H4EH1tnx3qzul-y4x-u6CPEdACiAFSemjRqwxkOaezQaoKX8AGE19ARiv1_aTnQuNHJKo-ZFQ,BRONZE,II,24,127,133,False,False,False,True
sluLGsLMMn3OVaZiizCIg_nbtrZIE8MLZ4vzPqG4s_oIyGz5uOdOgID-QV1yFuSBIznPHOUk1ARYpg,BRONZE,II,8,6,4,False,False,False,True
o2y1FW4vhEBuQk55gFHLwopksBcGX8JmwWg7NpGEst8k-qv-Za2ZAhAXJ0PuvsEMGHVU1B0IZ5gNUQ,BRONZE,II,63,292,305,False,False,False,True
vVURmWFhEr1DuQTQzluawmEztD7nhuoYFVQzcBb1FxmfBqiZ89dYeJmTy2afRkt3_N8v4JJe-opyRQ,BRONZE,II,29,6,12,False,False,False,False
vKnQ19K5p0JEXi8AoVOHnKV95XPJHY6DgpyqFwKe6K9Zl_HMapY5WxpGn44vd2IJNkySVNB2i_d6bA,BRONZE,II,80,2,5,False,False,False,False
_lsYL0He7f8Rj7iWCgwQpkNJ3cU1-dftLYEYFWT1c1HKDfDIsgj_kdAZG9SIUD9tU1o2NtLyJ54AGw,BRONZE,II,90,2,6,False,False,False,False
Umfpu5zoGumcUQf69HxSWcRL8CmB6eHthKDtiCIOeF8Hq3RyLo9AwDmdZrn5SAnNMTZWSMxypvz9KA,BRONZE,II,2,18,28,False,False,False,False
SkfktmV69Yp8LpDzyIuZl6UhUwf6XexUkdnaE2GtTpiXP-wIBgyO13gcQ2IuB6kIbENxJeHBUQ7hHQ,BRONZE,II,72,8,12,False,False,False,False
a8cXKlu3XQJOAT0sLH6D9fCMgBRoc7xKm7jNSKrRaY3ASyPnw6bqX7exJAXBgYRbYYhsJ9p7svXsXg,BRONZE,II,71,65,83,False,False,False,False
Dn_y3JKP5R4MR3hsFO9rvZiuhoXYpiyvc8rWgoDNU3BOUHqtCDOWjHVf2vzKGnYsDB3znul_xJ2dtA,BRONZE,II,70,8,12,False,False,False,False
K7Q_q-ze1j9F9r1XJPvOzZOtC8dOHS83qm0XJNUpmN8wGB3T_Fmx6QdmArtAqo1uA9iCCSqVVKNsEQ,BRONZE,II,61,55,77,False,False,False,False
15wx1FfrKMX0ac5pUlcYkoSe8opOGuiS4_D60byk2z8pACxqtqj2V6SgAW4cK4oS8TJVBD_faIAQLg,BRONZE,II,1,94,102,False,False,False,False
Pbf_mnuQhbEM2mL1sng3AKR5dCaZa_M1BvOtJ9_lUoYsFbNoKbaiEnUBijmx3JFkjhJXI2sg18zwOA,BRONZE,II,0,103,110,False,False,False,False
IegKHamPxldUSFze6ehrmHFmxZQwsMxKLIKUHu7zUDhr8m5b-PgLQ3PJkK1S1RZo5bbk23uoXl-9mw,BRONZE,II,22,11,8,False,False,False,False
MmqtGW_4CR2ap3eFTbQuhqOw9nDsoL4EJ-zFmPwK5SE1p0QyGxcYgGHmRRc64JLqwizJuQI5zbeJeA,BRONZE,II,90,15,16,False,False,False,False
00DmmKVE61hNUcCeiLrZkWtAm_ImodGFfHCpkp2OPr3Y7X823AJ_XbQ_YVH9LnrwgqP3F5H_wjDnuw,BRONZE,II,38,200,222,False,False,False,False
dx-yQE68iS6yFzWWcUbU0hsSJMcKXPdNaM46zIXA1hayd3XNgRGohZhgv3d5VRDVolx6h2vkBl2cEg,BRONZE,II,97,235,245,False,False,True,True
7KdnDyalYRILv4Gw6guOn-OGD0aAhwFH0ICWDI8Fc7r9wfwiSOhdcOQQGHl21kWnjWurLCFrhBf60A,BRONZE,II,57,19,30,False,False,False,False
ZZYORq6Xe_PEY418Geben3Q1kbsroiiLT9H_8GX-avp1X9SMNnM_3_CF-XM46GqQYAr-geRjNDXvdQ,BRONZE,II,76,17,11,False,False,False,False
2-6uxKJW_DCZuql154RA6PZEZ3rEPuHyhlKrHa4q8aCmIkt9Bv6gOdCC8vrqmigCuKvbC8MnlrQUOw,BRONZE,II,34,15,20,False,False,False,False
rC5mfR8HX-a6eAoiQ0OmYba_1X-K3SVn2dzZ4IgLkQaY5r8vU2D1pr6PcMST3nBkq2LlV342ewA_Dw,BRONZE,II,60,11,5,False,False,False,False
oL-K6kCUDZz3T_ZpJ6umJFYSdNMfB5-mpOZGuRHjzrAg_LViJNmrCOGG77j_Uj_PVN6ac7a461WijA,BRONZE,II,29,133,143,False,False,False,False
9VhtBzuVZXfKtNPeSeT4LktpUW1qXo-zo_5oLyBSw7g0eQFAALK7YRNG2y-A-Oor73S7vFCqqprXxA,BRONZE,II,62,4,3,False,False,False,False
zBLCU02ytGiBMYWEH8HG6bdMdNt-kcWGBH7NDgfHbhgmhpEqyJby6QHK8YPkOl5rrpTR79d5i4e59w,BRONZE,II,26,11,22,False,False,False,False
CuWD1SbQzb6FXD-kADpnMpDLZIFUjTwX8tMTzsHR1q5efKUW3uCfon6dEBpQIn7ocFQc7FbFmvSgQw,BRONZE,II,60,1,4,False,False,False,False
kAsWtyiwsmiBV-KINqB50Ncpao8zGDj71rHK73hoZZSyqMX9JjAF55OYcqQJKmKRj-R8zK8TEaSr6Q,BRONZE,II,41,25,44,False,False,False,False
5CxptHTk8Hp1TPiqzTjThD6WjV64rsLN3ll2N6yGr6U-o8oJf6y2HtmO7zxLho7d6sMGh0iA1lAPYg,BRONZE,III,10,2,3,False,False,False,False
sXWfSP5xez3oUAiuJeIs6aE28NwS0vQ4dANggQVFMZh2VqpsADYHYrvQqxPbcCG-4JI_ahmf2SFeog,BRONZE,III,85,8,5,False,False,False,False
FCzVfULfsWIxKsTluvpmX4nByCOh3OR0Z7egzo7bre513IkPuoOo6Brb_BIDJjN7580hfvmcTx-lEg,BRONZE,III,57,5,8,False,False,False,False
eJmg2SNgob69eVGvQoQr8wSPW5hGtqLJa_z62yuggxzimnb6M8wYU6BmhsQ3S0R_GgwBZWGLQMMLEA,BRONZE,III,75,4,3,False,False,False,False
qwb4uI_0Zx2PsqCBU1Qy8lggeM3LVMcvjGLBn61bj7PgNQi_4o0EeZZkzQ57nvuav5Z1pwPM18-gug,BRONZE,III,50,23,28,False,False,False,False
bgKmTd5dc9WGHiHkX3CNqSC-B0Hp-p0vVD4sdnLzmkjeLbOTgKr5myoijHA8EyL1-XclupZwzLYidA,BRONZE,III,51,8,7,False,False,False,False
QXfMfaq1SJ7MGiWrjOT4vjdUB7zpxnDe5PYN-Hi2ziA924BMnpZOFfvlthpxJb3AXfBlJtRCo2U27g,BRONZE,III,47,4,6,False,False,False,False
bWYJdrGaKXoADJLvD0ct1fV_-UX95KYGhePlVvHaWO_Tuwh8armDZCG9zHPKxdgpUkVzWeZcZlBG8g,BRONZE,III,86,10,12,False,False,False,False
Un9p9ArFXctaBs4HAAb9-JlUcJtbjXULorF6ZRnSM6Ifa-OjT0h0ny8mKnw3bV8KjIHfEOXri-4riA,BRONZE,III,92,11,9,False,False,False,False
WmZ4ASB8zwXIb08Gh4dJRVyrloBY7YaBIzMhGg_UFBt97C2BwA5PplqEtHTH6N4EVbw59KtNfZQGTw,BRONZE,III,5,3,6,False,False,False,False
3sVZWTKN6SQSZPr-Cn5tPc7HTKlWbbS6KdIxfXmUjnYE0fzIHMAIRwYumtcCTlrHnXvUM9bcfX0H9g,BRONZE,III,85,5,5,False,False,False,False
cRfICEDx1rYDV3kioxS5mnOqUGbTiC1qs4KFBA4_9_AS1VPQKYMMFIb1722Kpmvu1Q4FBed7JcUi_g,BRONZE,III,69,104,115,False,False,False,False
vu2Da3SYEwLzagXdZ4jjjbriMr1_74-rXcSVntuDvO1C6CUbEhRDx9YicCjusil09Pj4zDqPCamKgQ,BRONZE,III,25,38,50,False,False,False,False
QhG_Qh7nmw11gb9XwX2eddhOP2xB6SId8dfI80lT3fn1WONy_NCl2D0YWtkzyh0LeMMa5ue1A6KrIw,BRONZE,III,47,6,10,False,False,False,False
HJG2LDkKbN4E40Dn5nI0nzL8Jyh7rgeVQxKFMfnQcM9qr-GuPU_J1TDnXpUktMznO30nErxfInfEzQ,BRONZE,III,87,23,28,False,False,False,False
3MXTN51BNuzDckv7maO9jhCp66Ia6Wqb88rebkWts4m5M7K_tGIV_oLoshWq83uDfkde-IOjCSETpw,BRONZE,III,39,1,6,False,False,False,False
Yx5NUzpl9Tc-XlLqVC7ktnaB5PDxGus4ulZM1UUaugbtPSNVG85rSOjMqYr0x4RMTTj2a-_OlVg8Cw,BRONZE,III,42,7,5,False,False,False,False
yzrMsYO4aSPC5l98Xbz2DvgtAVo_6fTuRFebPmlzz5BhbdvX07i7oxp9Jx53CUwvqZIx5QGIZEHX_w,BRONZE,III,17,12,11,False,False,False,False
bP09X7Tj0Uo8j4Hq-4DpHd1s6i5mUaA-KzJqQzNyPFHYz3-4uL2MfluVGGKN0uhSFaiin923hPQPFA,BRONZE,III,87,24,26,False,False,False,False
oiqarp4IIFgKzr5wg3Imb_3TJEb44CvuQP0ilyMgbBfT1xBV_xUVWU9kDYocPXMrO3Np1mLFI0KULw,BRONZE,III,67,6,0,False,False,False,True
sNbw2ALz-9s0U9ZFYCwZVfZBToFKCcgHslv8Uuwl01wLglNJpjU4oeiSbDjwXkipGaFdybzWGZtdJg,BRONZE,III,20,21,25,False,False,False,False
XLClQqjlbybAAQL8yXCwEnvVlaJtH_lAS35gRpS3yEfzZ6QiIPaIIzFqTKeSycICtNwAR7Zw668VdQ,BRONZE,III,71,21,24,False,False,False,False
te6EvFBQ0fHNB6vCbh7mRhZbELFjNAs5K8LxDbIO4dxtd7LMZTiTmRGOcn4Bly5CZlcWX4RInWiFMQ,BRONZE,III,76,96,97,False,False,False,False
5JFHO1pDCxgLWcvFo8n3jdLBDNc5gxebvNcrE7hDqKfn3VBek_H_n-8E_xIGWBMSEksOVdT9r4xvdA,BRONZE,III,41,5,9,False,False,False,False
TJWxWdXdzC67IB_XUX5qvtzhDLOyiu9wzvBlX6YoKVW1uHpCWT0c6Fe2k0gySoO3OMij6Qx_LlIKbg,BRONZE,III,14,146,152,False,False,False,True
ZF71qaekgMRC6_nN24CpQcanOu9V9GS3TAIhWtf2JoI4pSQMIfyPCqpyyFiEOHhFRnAKE-dVCl5RrQ,BRONZE,III,80,12,13,False,False,False,False
-Kf0MyQ0bF8Rbm3iLvn1HLxmipBhjndyMjgieTNNU_L3zLMwL5qyDhdyvlTEkWV55FBWnT6e8FSFTg,BRONZE,III,85,6,6,False,False,False,False
clkPWdVcrf-xI_tpU2ZUc4I6ERrGLBohsqRPYOelQwSrzEB6yRrqDFNQubAfIcUM47o3fTYlofvt7A,BRONZE,III,60,1,4,False,False,False,False
QnF8_IIVhtImYs4j0qIrX9pRbsgHHYDQl9Iq6nZ_yJMryn6BLI4n5BHawArMZNtpjp8Qro5cQtbi6g,BRONZE,III,34,8,9,False,False,True,True
3DmbEx9-HunU5OPC48RtWVfhGJnub5cK7ezOaJqSFGSm_ijKyoLIVs005eKFrfFbE8gN4kuiPVQ3yw,BRONZE,III,42,4,6,False,False,False,False
6H19HRqVTljDhX7WDuvjKw2vORvd6efYioryIiBc_ZLT3P24taXEEerab5c81IkcnVcF4CvALUXc5A,BRONZE,III,38,1,6,False,False,False,False
sKqaiVymp4AEWdZeGNz0t82V0dYZhXMOarS1xQ8GRBAXo50tATDBjiItTmFJWu6lyVKayBaQ-My7wA,BRONZE,III,97,6,7,False,False,False,False
7V3wA5PDvjkW7JGF1oNFt5OtNgcYZvzP6PVAzVJMILb3054WHQczlPSkNfyPNBSEX6kIt0Q2vjJ_9g,BRONZE,III,90,0,6,False,False,False,False
GovS0A8qy92CDTze7yi37sJ1tpZDfKCjx40rzTiQXGWD2xzSt_Da8izuRy68J4CusNzflOAKKlwl-g,BRONZE,III,25,6,5,False,False,False,False
Ia79y_Syt5inswSz5JwnoQ1HRtWr4ohhR6XSpLPxy-1eUXyFBZaoT2AF80ozkwbJcDGTAHW_ZiiFmA,BRONZE,III,17,26,34,False,False,False,False
QIbAQdNu3sgQhcJc5YoG1uyyClTmxOfRsB7r7oFqL5Cm6b9gqgrA8QOv-McIcGcUctRDdWZK_8h_aw,BRONZE,III,96,10,17,False,False,False,False
QpfFolvLyh3ROgpnV3i_t5vppzq2A5wwF2y_SDYHv7nZUDvC23QG8Sg5jiPSpHZv4FqpB_o4tGL1bg,BRONZE,III,3,16,18,False,False,False,False
Ek4j824gbRkpkyKl9tIYO01otJ3kxYI6rnHdcWfGw8w4-qWOO0lG0rSeAkoJv7x4FHxMUzUXhVN2XQ,BRONZE,III,88,25,32,False,False,False,True
BP7NQROhcUOFhc4wfCjyDIuKf4_cxN98BIgNrJcgaUZo-qsP87LHdPtKiLfXQ7dVa5HJ0vI5ETd2rw,BRONZE,III,40,3,3,False,False,False,False
WkXIXT5mS_C9pReTlX7cAWMaUfcbWC5bF0GrFOu536zYLoX_qk73WbevUntEcaBEw8PeKVwE0sdwKw,BRONZE,III,37,187,199,False,False,False,False
Ih0LIuB1b3lO-TpPg84MRx-O8ZAuY6J2F7BfnzKzRJIbK57Rhw-naiZBWJBmczRlRTEWtaB-OzyI-Q,BRONZE,III,27,5,1,False,False,False,False
-AbRTLSCYt5FYg5glqJqU1fGhNIEZYaL2mc57D_nicdO9fg4ce_H-eEM5Dj97j8QzQmq_7nABWWRTA,BRONZE,III,42,49,62,False,False,False,False
f2WHfWl0zukfotgzBwfAFBh2BzECzRHIxQS1O83T8A-mJv-ZInKBBmv1CIlxvRlc1Y-80kqYVP_lAQ,BRONZE,III,75,5,6,False,False,False,False
TIgDsNzScf-tMgC34xHdGjkdjwVuuVDiNMIckRzzb-S5rnouK5C08l3oeHEIfb6dAXhjN3JXQ4urkw,BRONZE,III,1,10,15,False,False,False,True
9oI1uLbRJcx1pLPd8iV2mnufvEARS_NNgYZoInoQyLmJtqBkg1aI_Q1t3DMdpbyvqob9S0ZC4FGwjQ,BRONZE,III,17,81,89,False,False,False,False
uKvzZ5GmuUD31IAnRfnmtsvUgtldfaPWzqKmnlpNtkI_uvQpZ-Dz-6-IKlpXP82Ib6JoGh_xBPqY7Q,BRONZE,III,1,427,438,False,False,False,False
SoZG5LcyyooCeHjwXMdvLR6hQF2EMxhaNGBGJ0ItZ1QB21b5bUIx2clsesl_wygg-WnlqFmfTUiGzQ,BRONZE,III,61,35,38,False,False,False,True
CX_TY4qSrSUj5CMw3L-KArt21ZVevWA2AK7185KnIBVseU-JpQAXOVqGWDM2UsYLJWORPjPksOSS8Q,BRONZE,III,62,7,3,False,False,False,False
dyw_77qXSsTjxSkB4riunRemEujjtqtWx_i4bO3je9ommZcDWl9i7Hcmuyerz4eRr_7L6_LuPU-npA,BRONZE,III,62,10,18,False,False,False,False
ufaRjfakEfOSG8lhyDNby5XrVsQyrssL_9kcTJeU9woBr8eKbzfvDS4wRNz2Rhh8OZmHPcY5AVPxcQ,BRONZE,III,97,156,157,False,False,False,False
zS2cmSZ0M-H1zwlr18DtDltyPAWT7NB5yOK-nZcso2V2JBQ6uMW1caudh_UnIknnJg2wqNaK1-WXAw,BRONZE,III,32,38,45,False,False,False,False
KU1gmD2J336yW3RCg626MhaWM6-1GIIvVI5siINIirXB2MwO72j9WTHJ42ctEvNI85BIHELZWlW00Q,BRONZE,III,64,86,98,False,False,False,False
_c9oUOPmSwlyri_x-uXCyKCe1m48ID4fQ_yBrAEmHUhfkbh87bkpe0ZAOiXbFVePTbgJgdJZ2qf2Nw,BRONZE,III,1,10,11,False,False,False,True
YE3wXsHlQBUl_SBR8vOeyfb0ZsK0cR5jeTke4Y4i2OFYh5P7jn4ri4JthmBmG1dGaYQtFJBocQTksQ,BRONZE,III,56,313,314,False,False,False,False
8OLGgsaNJgIHvLjPHfkfNbMTyz4oBvbJ73Gi8kWprXm6mLVKpJ5536wIj8Mn_Dd-ORnXsoYO7g5ZCA,BRONZE,III,0,2,4,False,False,False,False
-fqW-uk9ATnBNHfSg_vifD4lBM21mJNCnrUUogASZZMGfDCCjJnlife1i544X3Ch5Ju3My8ZVrzuoQ,BRONZE,III,45,10,9,False,False,False,False
7htdvOd3uAlN86Yak15t1JpSKjC5Dn02nrKA8Ltb-kza6uIY773C0qb2f4WXNRXc4YUWsayij3yN0w,BRONZE,III,37,6,3,False,False,False,False
Yawc3lgaGVAEb4kNf2ZjvG2UzAxg9xziWFQAXkNXP4p4uz2l3MOdxWt5HLXtf2dWRZ6zmFSJkUWy7g,BRONZE,III,87,78,82,False,False,False,False
FqqqmpHpRpVECtSpTrk1eyvJrzOs4W0-nfqYsZ4xZKrJZQRKpqp32o3R7GrNq-z_OhM6R4RRYLv7EQ,BRONZE,III,85,11,9,False,False,False,False
7-gSM1OuUdqD-6g9eWb48zg6nqNSw4yTHhnNBcck_4KBB3WdAdsNdf56PGaHAwLnHAiO2Huy-9WAtw,BRONZE,III,61,3,9,False,False,False,False
NrCOE-wK1OZGwOubHvXNY47K7DWTKmtKVsgJeJPg9QkPSW66ysTGdcTYAP8NQZeEP_y-GpmMMAqDag,BRONZE,III,15,36,58,False,False,False,False
oIVi-0pgoCrM0l_oL6A__Ilh9u7k_1cL2jr6VTcNtFJD2l2T3dO-9yqhcq8G_6pE3Bg9kOIvKS2nzQ,BRONZE,III,36,29,32,False,False,False,False
DaV58CutbwZHhNi_NcW5p21jG-uaiEf4e4tR9BIHxrEtwFcG3MFt04Df3xytYi3w7B-28n3Hqa2E7A,BRONZE,III,31,2,8,False,False,False,False
OUaf7Pa20beF247xnL5DB4hQpGBE3VHrU3L_JEvt7eoKe4RRCknJXmCBhP0posHuLjZtqLxUw0SBEQ,BRONZE,III,94,21,24,False,False,False,False
6bIaiU7NslRloiHJtXj64NhzQsJ6_dHGIVuyK_BtjMbgS886xUobeW3G8-YdI9u5VT00LtnqGmi5kA,BRONZE,III,55,7,5,False,False,False,False
jPQze6fJeisfcq7zjU-f3qX_iCLHk3S2GJhasfIieMwEcKx7Qz-WbjL9eFq77cl2Rqn-f-jS9p38Zg,BRONZE,III,97,8,5,False,False,False,False
AVvTj4QdoPSkCIWGcmopEpsY-RYlnpNnNQUwIRg9MJEFgggMK43tJa5iu_KAJBiew5v1Z49Ft_uPew,BRONZE,III,3,14,18,False,False,False,False
_RKXCXyKmQL3cM4FJuDHkql3SPVUE85F9x0mg2miFKAq-PhRRG2TkCGRsF7ENPuDiQW99KcFnPUh4Q,BRONZE,III,25,12,25,False,False,False,False
lTw-NGI0NWS65iwwe8NHnYBjo7Z0taXS5l3b9_oMGtR2aa-KkDFFh4Kz_PJq5ZIo9oDiux4ilEK7tA,BRONZE,III,69,33,36,False,False,False,False
X7vmHivouzEnTFh9CZaTcN89YVK_wP45ySXIxbBYPeqZ3MyEbvwxF94rFlf1iWynsV17dvulfrvZBQ,BRONZE,III,21,6,5,False,False,False,False
g5tiseWHAVnYtQVd9p6Daa3rk54cflwViyMmwAZH8G5jd5NtVMcxR7MjfDZkWx-POQeBuac2Sj8E3A,BRONZE,III,45,5,10,False,False,False,False
tz_3-8MU50ZhJYSPtoLPpUeWFMLFqzUEnFxX5ZM4wYirW28bPYoYwdim6Id1uxBlgDCdd-ZEbf3H0w,BRONZE,III,57,6,1,False,False,False,False
JK4tOLNq1ZX17T9OQevK7ct5Gyg-9eHNJ8jsgsGemlhN8h6TNC5_EeVLVyBgNlwBFiAkh6EGRMgiWw,BRONZE,III,35,7,4,False,False,True,False
clzsLaalIiyG6Hyv3iTlkL9Sz5hMGJn147SAvKQoYjtIuWP1GKPx8Iv-I78MkE-d751x6RMbMOpLFA,BRONZE,III,49,20,35,False,False,False,False
oJ38VGzSmsp6Aa5IH8EpTsXfYqEs_jILbSf4_8uPnZr0weHrbpqKXoK9k6OOm9eJ3olN6QN2wcn1UQ,BRONZE,III,40,7,5,False,False,False,False
OwhLLaPVaIXgyyr9Iri33lNSVxckMF7YRUv-hrxUNwdq6irSmbkew0GCvVzUXAJWjTad3ZmY8XXYcw,BRONZE,III,78,90,94,False,False,False,False
T8Jr6PHq2Ot7mSemfmhqHS-DA2N_CUmn1GPG_aWZMsPE5T2YI3bbojqwqiZV9K2t2fJoitz8v5P0eA,BRONZE,III,72,60,97,False,False,False,False
af7r26knAecw6V_1XU2gkGj00P16JBSc-979g0-Ve6rbe-7ivRYYzQBNPi3zaPDHFoNw8uGF5B-b0A,BRONZE,III,37,335,354,False,False,False,False
t_L1qd8ViVbl4amHweYnhI3EQru_hDrvlrTLwveyu1bxRhLtdCvUET6eOpZcRZ5iIJrtxmQiA0H1zA,BRONZE,III,55,7,3,False,False,False,True
FsxbWXBGc7MaKETOuyVb6qxf7lwBQwnlq2hHV2bTeM2ItSxY0be5DgJH-gBgE7Uy84dthQ7enO7BQQ,BRONZE,III,30,12,12,False,False,False,False
trk_5YDB_aVOBxagJ5d15W9sLIr_dnHPtTEDgPIOA9oNjq587Ge5WD0r_ni0bv-lh-ehf8AUPa9cFg,BRONZE,III,55,4,5,False,False,False,False
iCnquRTBwNUJtJB7w6U0CRLmFAuyEpfZQfycOd9kfIOXJ8zlAEVXuOMErD74dlnAL4hMGSjEM-r8KA,BRONZE,III,35,34,46,False,False,False,False
HBy_TqEt7CzN-st4BM7tx-Uw5g2QNT9lTBGi7e_LxSLHGDx0wzSRJnjIvj6pQnqHD-r7f0hnBBSGsQ,BRONZE,III,76,12,17,False,False,False,False
g5N2c_N0jnRknwzaLbeo6Ut5f4QliUi5QSCYpCINTuZtRwxn07DMnZeRBl0HPXV0AJF8XcebOy46bQ,BRONZE,III,5,10,15,False,False,False,False
3DOBCYEax7GdYHQU4dZ0iGcbNLZ9xUDoc1zQ3Yxc3ZILAs5TVqGtZsyImnJSsSz3V_S8FyzX3xTqzw,BRONZE,III,15,7,3,False,False,False,True
snhO1ujbvrvqyfIFp4IGGUCbPVEF__qQEguMQywCtatifmVgNiVm66XhOluZDCGlyC1KC822aP6Hng,BRONZE,III,84,12,15,False,False,False,False
jZ5JKTo8pjwy9ksIEVmst7qAV9jOQVfjEHHZE6iQFz4PFXKAiQh1KNkrT6hG6ibNmzeKHLwrNvxOdQ,BRONZE,III,4,121,142,False,False,False,False
P98tZ71SgQE71c6PDbMfg2Ebbgzd8LeHejb9fB282tEnlUfQyH8DdQTZGvRIpF5T1IjNpfiv25-4rA,BRONZE,III,39,4,6,False,False,False,False
-JshhvNstwXRPWXWbVNsAmK3Q3K74Hix-LV6jFA-x9hmM8a79oFWO9tGRgmZTwaX50BXypZRS7rlcA,BRONZE,III,27,13,13,False,False,False,False
IBlMqUFIoJxlhOhlVWVYpbzH8n3rD_BuN0HiiVYn014ff5CYZnJjmfQQOluIYHF0_jfukzxrKJB_UQ,BRONZE,III,13,13,11,False,False,False,False
wBYpToiMsESHw1MHhyUWB-LXof5qBPCFGRLpHjzUVB5-ND423AUCsUNLtaBzym9xqBEBFepb3YZcwQ,BRONZE,III,87,7,1,False,False,False,True
mfEAI3ta6noCsloR-6BJaYJyZp1Qkskb9k1x-hVYQ2F9X-FIVrz7okL88fOZyrvwbgm389R__BDN6A,BRONZE,III,10,3,6,False,False,False,False
S6mxbvRm16aJe6XHYhdkPn2o7tpE9AWdyE7YP93cnc2mj5xcPyl2D33jhP6sa8HieZCgx1rK7UUt2w,BRONZE,III,73,15,16,False,False,False,False
5DTciqvNZuJB4oqQEnk0gooUCXWT13OPCqdPaI75-38L0_guyu6jxltZ5eYF72z_qKBy0Me8zPhwWg,BRONZE,III,27,5,1,False,False,False,False
sYZ-s3MWux4HNY4cP2uwAV8hkCGTh_V7NoXUERUmIeXZp2htDtMmi4n8vCumyObhQkZ0JOK92Y8_1g,BRONZE,III,40,1,6,False,False,False,False
2DPEQCXEOw53rLScuGwP8ek04trDVakWiUZeJnZ2ne5D9iciH-d4ycWPh0c3r7Q0C3cyGoJHVMAKSQ,BRONZE,III,52,111,126,False,False,False,False
hlzrfxR8y9p7rBuZ59zE4FKGG3ELDgy9l3TLYxRZaQ1PLvOA9qdOB-KpLClHKNWM5z8EaMl9aOr5Sg,BRONZE,III,37,8,9,False,False,False,False
OT0ntCen0C9q1xBv3DbkjUMu3z9W8rz-IKXMQPRWiY684Qk1NHKVzStNXv41IzoPOXIUOuQCTzzooA,BRONZE,III,11,15,21,False,False,False,False
i9A8Z0ep6Fml2CsCTKHW2oVMw4Lz8xbh5L4XVEzMGVCzTuU706iUrBTSnvG4KbC8KgyXU1BZLr6iTw,BRONZE,III,41,9,9,False,False,False,False
tow-RR5dcmcJ5RMVoilbzQ_yCjo9xpD7Wzyy1C8ncR02EsKLR1hQXhaEBZSiTIyrzPL_Ocs-dypF-w,BRONZE,III,97,4,1,False,False,False,False
WLYHdGi8LUuuuDv2HdCviAFzmOdUbfYW-3b68rrFZF7bwnNyEmFFHH1E8IUJxA-EEbMkKUMmOzrSfg,BRONZE,III,0,0,5,False,False,False,False
zSGz8wHZ9INKeDHjYS4uXiDfDe4u6nwgT2SLy2ZekXacA_4cPOoOQoK9J77pJRbnjwSWJpchovrMiw,BRONZE,III,60,9,10,False,False,False,False
R4gZVw4wSP1Gj-WjSrp2QKbiMA7sLCZLvUKKgrGpqapUSn8qyFm3WT0zVyYv-YSvxmY29DshXtCiew,BRONZE,III,23,172,185,False,False,False,False
yoRsWCDdhXdKFB78SjzlvqX-vHEbd0jdyFeWzaRfXGmRmAorhNVDwb0QBCsFzeX5vzJW0gX22YUitQ,BRONZE,III,47,6,2,False,False,False,False
Wpa6-iyEy8mbc0tB4acNszwhUTRxp_ur29USuGibmg06NX6uBEMlA77V3PWC_K_pqCm4LPZUhRPS3w,BRONZE,III,81,229,246,False,False,False,True
02c-5a5e9qPDo5a8d-QeYBkWK-zYO6q_6s_Iwt6ZbKg8A4DHJCbc6e1m5rQ6pElgqghAuImCt0Gyew,BRONZE,III,36,17,31,False,False,False,False
42_QzNsYey9F3i6-ukFCODEzp4TRWq-pLqld8Sk_grruBPofyYh4OqkY-N3eCFYyw6xZZ4nPv1szCQ,BRONZE,III,91,16,19,False,False,False,True
-OEhFWJ-PDhSAvwWKoWZOwxaDNRU5tkVUoZHkJ_9F8jWglCFGUv_-X92IiFxaaM9hNia2RQJdg9UxQ,BRONZE,III,92,11,11,False,False,False,False
ETvQcn-x-u4TsVqjN8r5B_PjvBQaFEerhaZkjRPLEp33JPfXVT-_OFh1rskDdPM9TuJ83XGSc2yAyQ,BRONZE,III,60,1,4,False,False,False,False
3j5FlB7dqdLRI7UGO6pj4n_uxTIv30ee0UZpxkYkXLcxVOdWqrdum2fQeFRmrXyJcpwsQrDcjB5Tog,BRONZE,III,93,9,6,False,False,True,False
QkJOJotxzh2hmJ1RIIYedH4L3gSBZmOudIdSfOXepC44vB7nXyULhjlwdmWZCG1fLLEezW9epsyoSQ,BRONZE,III,15,10,14,False,False,False,False
IrSXCPqxXLlIo433YrX_OZvvjQHmowhpjJub5i7I_AROAG6EaEdpNuJHIAajEdRYAaFPS0O5-AApDA,BRONZE,III,31,122,149,False,False,False,True
dKM89nKRmqjIcTf-XvSXC9Xg5WQYO0JnjG2TTqzo4YyC3OMHbwYi1G0BBwqMT0SZYr49wuDfRM3w3w,BRONZE,III,8,46,53,False,False,False,False
TtXxosqgaMD92fZpQXfzQgD7aaaA_spo-xreq0ebYSQwVgbG5T8fT9UJrU89dDds0hIv60eRoz5XvQ,BRONZE,III,88,6,8,False,False,False,False
rDLxrfg-EmGJg4c6fZHLfaru2a_s6TBS5lzA0Dpcg43fKl-qzwJAFcJNvHUoIUk0Q-PO0kQgjMbGaw,BRONZE,III,85,11,10,False,False,False,False
5kJumn-66GWX5BISmx4AKB_FZ9A7Us5KAaz6i7l2j8mnIiok9iemFAA8OYwad4s5NU3fTy_mAyLKww,BRONZE,III,90,34,44,False,False,False,False
DzpijNoiO214Nmj2pW3_a7n8zTGI2FWTI_yEfmOPMd1pvY5pgYtSOxJQOZz7vLgfgOOPIzJu-AGp-g,BRONZE,III,20,10,19,False,False,False,False
uxtyu2dZejoDmpQ_K_W0MQZ9rroctjYs6SkVukPbJ04OotMni7cAMHQHXkAZ6BUxyvkHkiWRxFzocg,BRONZE,III,30,75,97,False,False,False,False
MCf21VSIIG379qRga1ts_Io5DUIypA8p20RyB_pEFhRrNykVxyIHxcz1QU6252h40HBeLRJMojXkPg,BRONZE,III,61,16,22,False,False,False,False
ZcMoKO2iROiSLeMxypRDDmBQ_2L_yLF0D6djQ9zQlE13TqKYol2wMkdpJKsw2RvWXITMAx8kJx7c_w,BRONZE,III,22,9,10,False,False,False,False
A5-oYyPz9NxIYus60iQcOYJi0lbQthMDQS6a1tbRNKNO_lrpUNrgP4iJnJJ6eP2YfzaP5_-aAE3obQ,BRONZE,III,55,3,2,False,False,False,True
9MgF73wByPBLOnSPdJTdkEnMLIKeJk77Dp1ujgG-r1NoYYU_tkaF9-WaoT8028TlyKD9JiyENTMoeA,BRONZE,III,61,135,136,False,False,False,False
9Klw6OUqSvYIO-GDLmqFPIgaIdW46vwdgr_Zk4P7tGxjwhccqxp9RfkX5sKuZeayUFWBz3kHM0Ojqw,BRONZE,III,60,6,9,False,False,False,False
wska2_AU_rKde62wsviu12PfYqatwcGRCq5D3vQ1SVjX5VFEcNumvhOoz_4L-TsdovGzWSnMC2v0yg,BRONZE,III,61,26,24,False,False,False,False
vqC-kfTGWuFToy-CRW7dX15vZuDNbjBvx0ZgN8Kp0-EFW_7WfKb32Nr6roIVlQwuFfKCbNZG_gRhAg,BRONZE,III,8,6,5,False,False,False,False
jIkbSPp2Psfp2vaG8YM7jW7oglFpf2xhCP6JpffyyDcd1yAeXXVtNAzP0iBgCS4jW6ByHRhVmxiS2w,BRONZE,III,49,13,11,False,False,False,False
6GuBm_z43pXpCQoifKdS5qAwKcSCzdZUaHzhXp8rQsXqCzLdOQLGr1xqJieCNRarSmTOcS9LLoQS-g,BRONZE,III,56,14,18,False,False,False,False
i81AHZcH0nLzyZxV4d5CkX8-_ukrPys2Hc4FPA76VyGQ6ysQlwNnxmOiTMDSqumTu88kSfvEhM1c5Q,BRONZE,III,80,6,8,False,False,False,False
PYwXoJpHLsHk9s4bU9nv_8M844mcjQEb6_NiyHJjOCFmt-RKx9VjPrYdQSOVtr4LUiaK_ikjHWUtqQ,BRONZE,III,15,93,110,False,False,False,False
M2Hbqf24cvUD9GnDBgbcwT8RPComiFyw7qNqiZqigIXJvRw71B-GMSZrD4e5r7bAJCPh5_HZUwvzLQ,BRONZE,III,60,8,7,False,False,False,False
fPsG5be7NdR78Ip6NBAoryq4fuPud172uhqrjl4aXdPxBf1L9wLZd1gecL1ssIhcO8ftHmwRjU20ag,BRONZE,III,66,66,81,False,False,False,False
Wo_4u3FdjqqVf8qMMpQPVqmee-4qbx1ksE3MB2fTc6j7amkf2IgK-swdtxAvQT6JPifRh21g0zJCKg,BRONZE,III,5,223,239,False,False,False,True
GnWUd7MS-c2IHQNMlFaQQIJz8tL1llVAw-51QPVE6ovS4M7Rgmxar9EtSYI_93yJEOC15tT5WqcjzA,BRONZE,III,69,9,7,False,False,False,False
dUqHV397Tf3CJpyulg-NRfJ2dfvmUN1PeNZOA5XVLOpgMbLx7RC--8TnY7N1MtxXSgbELeV8Bs1BPQ,BRONZE,III,31,148,159,False,False,False,False
AxOJlPD3n6xhmTeSQxuUK65sqFLbgS6BJ29-o6693cl3bwsUrTdOFae8v2VzUUUYHFHcXdIXclHyTQ,BRONZE,III,57,10,10,False,False,False,False
s2CIRQi2MJ6R4C6FCHhCKT9xbCoHtf0Pq2B_99_Qnca4ZAdNeC3HNaL_BR1fgkh9wiBZrE50FG3tSQ,BRONZE,III,45,3,3,False,False,False,False
WSS5pGIVFuUkoUUxyl8YzDw_DXGkFLpvO_aB8r_HTf4sy3ExqYkonN45oy-cwSUMxu_O9vJcDWrmHg,BRONZE,III,45,287,302,False,False,False,False
7u7rsXG8Rvd_iR5MWIBs657hcUklhY5RDoOJDvqCTXIXP71a1aiG-4NiU6LUvAVfma7suQAep3o1xQ,BRONZE,III,29,12,21,False,False,False,False
0wfrH3eM8F2qq3dQB5IROoZp4V7bAvo79AHEjwDeVaRCn2ytc-oFHASzfYgowGzJ68-9cwDk1ihnjg,BRONZE,III,80,47,62,False,False,False,False
OnMCRje3B0Lke9FbOu_80GMIDKwQQZ5ZjnIxUuVwzdAEhZICSXH-RyU5gCtebk17kMl-Axvuxj3OwA,BRONZE,III,38,226,233,False,False,False,False
tvKjosBTBzTotuxHKLoOP0_uygtNvNtJcitUPUlvYftpT3q7nkWqkI1y_APeeKM3wKeqBEVPI7FmfA,BRONZE,III,57,23,27,False,False,False,False
vBF1xP3frqQmsADd89823dtJs5oh7aRXR9H4-zB8tfFtlii3UjVGL0BRAnP3N7m8KemE6XdvCpPnKw,BRONZE,III,31,6,2,False,False,False,False
0H8fVgIDxRMAkPf5fNg5lTDWXRP6g7Wf1vZpE0E0Tgb7_w2RhikatcTHzxrAnJrTD7nMGz0MtczK3w,BRONZE,III,74,10,11,False,False,False,False
I3x_s5YhGJLz5OUwS6g7p2QYo4dyktUuJ96XXMn8Jtx0oC_TFtmI-yBIU_8fUDp8_dS7nsdjp1CA0g,BRONZE,III,19,40,53,False,False,False,False
77SJJaTT0TJ37u_8kH7ncLl83b3UyELllffVupUhUVOT1AChsKZC8tqX6d5C04Zy8o6tbr4W_-ASRg,BRONZE,III,74,50,56,False,False,False,False
rjN83v-aZ7l1eQ9pZTWYKDiqQKa6KnLUJeU26x2Z7z9_yKgPLRT3T66Jxws8aRs44w3yBlw9UMa9Eg,BRONZE,III,76,76,86,False,False,False,False
ESbUDvDZcj2qICYVlfisJz3pQkwzU2S28HRl7buBAYN7TxrNC9qlDzIqrbyKDYzP_lP-SaX-CxrEtw,BRONZE,III,43,18,26,False,False,False,False
U4g96CwluCjnuVP6M6e9ckpYI1OnXyMkxcqZg5ANohJqzDtHgk0wx3cs37IRoCZGMLGrU0d_aFbWiQ,BRONZE,III,36,37,42,False,False,False,True
M-bGs1H-tWpHBI3l5C7hoVDneecTDjBffmuE43K9fv5EGYctySr7rUQFpffBzuEA11yM9CJw4D-Lew,BRONZE,III,10,2,3,False,False,False,False
jWAQgAm4p6eCqQ5i05bkrD6rtAFV2KmkP0SPj9c05dYvbRTbtXfK1AYKBQa6vYSBSnrSI8sL9vCcSw,BRONZE,III,80,2,6,False,False,False,False
u63oWerisHyQnfQOLzg1GeIAGGqHoA1oC6UdAbvOV2iVUdib8sj0427VU8ls4jR8j0NLbiyrCf0HsQ,BRONZE,III,57,3,12,False,False,False,False
aX8_xZEmnA3bKyQp_IrxgczTzi3oycnDqu8LGOnrhC2DBtPQocxfFgRTFuQGNS8SNmuDcJ1ypWJWlg,BRONZE,III,34,144,163,False,False,False,False
fRZcEWXrOZ8ZTkE3SEk8fNQyjK99CmvCGiA-6PpH5uX-AlkkOmmVIgvfioQlK3nWCytIWJYLa5RHAQ,BRONZE,III,75,16,17,False,False,False,True
O4ile07xfWqBgGIi1lh0WJzCx0NzL5m0k9-2zITLdBSchV2pWaJR1lxOZfsZU7QTqA81PH9xJl5sWA,BRONZE,III,77,9,5,False,False,False,False
z4oQXel6SUyQYJtaGV6RrbvPiPQ9sM1ZNHcG-8NnWRfZtxSuNFdrOYp_ezKIHtc4lWQdr8f4oE8YXQ,BRONZE,III,26,14,19,False,False,False,False
Q4eVPAM5nDwTtZpYD8O8E2XCVUQN4hfLa1X3dxQ2H0DrEPlYBSPRRLjXnQGUV5JAQV3fX-ZCAH0KEQ,BRONZE,III,62,67,75,False,False,False,False
0eN-io2eJA27tdquQrSlDvph8bMDn18uJj05sCoBIi5aeIWSeBH4kA257YA7QweXL8H4Xx0r3iaNtQ,BRONZE,III,57,5,8,False,False,False,False
mtl_aVET1yP2x5KZ_cmscAWdsKIHTi9JLDZxXVx7_iaTXq51SJLR6YVqZVAlZY7rYjegJGSNwStvJw,BRONZE,III,80,0,8,False,False,False,False
hOrj2eQDDOC-DedDHc7F75KeXeb5GN8Nb-cdda7EAwmVfvfzNQiE1EOLUH_GOAlH00ZGJtgyzjWTAg,BRONZE,III,50,17,16,False,False,False,False
AyEOeMynNG_NbCqNCasC7tloSAq6yGs2ctxE7wuNnCFcm4PqTHaSg_Fyg3NcQjGTuT8kkz8N5si2jQ,BRONZE,III,14,53,64,False,False,False,False
EVQpxZAQjcGFd3KP_k7Wdn21TEKkrQ3zJbjjuhDB3Qc-iGF32tE_Ve7fyRAxV5sj2dmLIql9T3Deqg,BRONZE,III,27,5,10,False,False,False,False
2eq4mUlkcUzGZ8NCWOHGzplHxz2S2bwA49zrGMr-SUfI6a9ffvKKkohlpRG7n3KmCIUDymU3mgkktA,BRONZE,III,55,10,0,False,False,False,True
O8PVDKXOmpR7NjPRopVUULwxUZWPJX7R6DOVZCJstcs9mfcnA_FW6e8wRyJQFLThEfqtjC91NNpBzQ,BRONZE,III,1,5,3,False,False,True,False
sn57KC_y2bSuPVjlvHzyETS7PxjRLJacKJcvoax4NySzbsQHpddMz65RyALL1U8yTwcPcBPfSECiHw,BRONZE,III,45,7,5,False,False,False,False
1DuciD7NofAEM1TddmB0YSVorxLgYpgszf9P9DNlsB4HdNtjQ91JE-mZHLXH_Qr4aZW_CDBxZG1cNg,BRONZE,III,26,334,351,False,False,True,False
oo7moedQcseEy77QVqpGRdJQ4R2zhHoQqnKxeT2b0tVx-ep8m2QCs2GzfHbPDP31AFQNosZgI25tZw,BRONZE,III,36,2,7,False,False,False,False
Ob7IH68MkXAqNil4fLYF02-5y1UyJ7ViT4yXDEyxzh5_t50EckFbPedVCJj4Y26p_m8okDA5nxz8rA,BRONZE,III,43,74,79,False,False,False,False
ENpYn37kPset-Dr2Swk_OizX79haBgQmbSwprBYhcQnS02372xtZ8Ka0ERSiyovx8PH2VJlDBXiDcg,BRONZE,III,66,3,8,False,False,False,False
xmnAJUj34nCrZNVEi4WXly1arNOezZW2SB4IXqqgun_i3HvoWBm8jaqyUFzGnuttNbj6_p-4ZTMjhA,BRONZE,III,53,32,43,False,False,False,False
Tzo1SMclAFTKU2vjQLu257URb48iaqDXVSnSPnIWzvsezeON0BrSl-71VhaKl4iBfK2nk1zVeF9ynA,BRONZE,III,91,32,39,False,False,False,False
fjcJ9CAhSI3ehVh6KMEGLCkh3KXVuY4fvpMkeGO0CUmtM1RDwOXd2lYNK9BctQzBppPmZbKyCSwjRg,BRONZE,III,93,78,85,False,False,False,False
3kUxVXg1gvhp58Bjo-P5js28Lk41PZtHCf_OGm7O10cPSaUE56ieccUMgN_e4xgGl4GdLABQb0txyw,BRONZE,III,6,6,5,False,False,False,False
LE8epsAmFWSkdik5vtHOqx3YA4iOnqfuzBF3KFkM5Uelm5ytCzKhJ2P97DqzHdO4kHo7Pxretth_mA,BRONZE,III,30,1,7,False,False,False,False
PV0IXU0GqOQobtDQq6jr2aIlYIrl27vZO5WKYHax0w8CPA5gxbfQddvy4RCNs52t9wgFgtYIwvT7tg,BRONZE,III,1,6,6,False,False,False,False
GF0SMnOFalljv2hthibJKHAY4lBR309xZWtlxGQOxo-ZM51o5HbMzABSRBqpYsNl7Zkge9wgYmhBlw,BRONZE,III,75,10,12,False,False,False,False
n5U5Rv6AAXNFtDUtJz_KPbFTrWSYZD_l27eCFLrynTAlKyNfu4paJQYsARTfotb4MKcqBAYTNbCL1A,BRONZE,III,87,7,1,False,False,False,False
6q54T8Tgw5DT5_toiMpEcEVyuyMfpOQbDlQEyCvWH0v4WUTD29INcIdVqeVT2xQKh5SaQBmMdUK8Pw,BRONZE,III,40,1,7,False,False,False,False
MdQ_YVds3cn2VeLtdtKmcsuFFV6rQmmebg6adtyOywtVUyVp7yq0TfjSR5iax5XjmRJXnAe0K0aumg,BRONZE,III,25,10,9,False,False,False,False
NikgMl9BquZUx2eghq7qGFcn-vro5YgO1k_J4Kjb-KrEI3t-2MpMZcnSmeav5ep5EgJn-fqrSunpWA,BRONZE,III,78,30,31,False,False,False,False
mmz2cX01b7wtSuqx-bj7FnUQjlmk1AyWfL-sMSxFPMCnK-jBeI_32gZ1vRBk79MaPoL13HAHZfs2oQ,BRONZE,III,77,116,131,False,False,False,False
RCCJN5dZ5hJmRu4IgBU6YUhB7GSFYXfH7xKjkxTcvxupSQLC41ks0uOIonVSO5cILb7VOtCqdkd6RA,BRONZE,III,48,4,5,False,False,False,False
tQjPEV8_bhuXT4TJR0lJiTYqgdY9Y3KgPUAbFdvY8d-BKiIVURWsiBqn-AUvIGkIy1KeCXpV133QAQ,BRONZE,III,34,229,232,False,False,False,True
SxerN7UcIocwKUgEBj68fHsKj82jZDtS3eZFQqQCfw_i5VwGezTK83nkolx_XDHrSha6u-tyVkiNlQ,BRONZE,III,83,126,147,False,False,False,False
YD2LT7h88EJB_NVQHD3VU-RslhJ6Qa46ESfhjQjooGWayTLDb3hsSTQQ3eMTxf_NjYo-Nx01Ym4lXQ,BRONZE,III,15,5,2,False,False,False,False
RJ3geXNdrHiJzkFQLbC5oqWG6Wiy-lUIwCveRFZ0KG0xtQiQ0jB0PK7h_SaJ6xaebeIi1Ya7cEMvKw,BRONZE,III,0,2,4,False,False,False,False
3a9_2vPJlSiv4u2cMQeenCoxqoiO05mz20W7H9XAXcp_K7RBGmL8F1VSS1q9gSLRYDqPwgGkrr0wvA,BRONZE,III,84,18,17,False,False,False,False
Sc2bsktEEp5gydHtIhhLAdgAjysABYtZyw2dBwz01m76nQs4jKeh2QhvW6aBmLpdNXx00FIleK_9Rg,BRONZE,III,85,13,19,False,False,False,False
M5vHs7L09N-V7AyEsqCLSpi8Za_59JTRx6GnB3lc2-XqITl8HZvRBVuazGSWVvuvps-8veFSU2fSeA,BRONZE,III,15,5,11,False,False,False,False
tOQO6ZswYbmRFu65aay3C_bJJU9C3Z8nRxzq2D0XDJ7l4CWyCnsrjOQSNdOelxj7SO_vt4VGZhWd9g,BRONZE,III,86,172,194,False,False,False,False
LYmmWPx8O9ZUlQN3EUcUAQrtBQYKU04Eh2BZc5jbB-Vap_3_1aw97bNDUugWpDse4j3Ti15uWM9GRQ,BRONZE,III,80,2,4,False,False,False,False
VGdnjSOIxw3PsQJjtWxaBersoKGJ2l72pWKzaJWbwL8cUQcvhNmvWpnadYD66-ESB0_aEHcOxDhz_A,BRONZE,III,85,3,8,False,False,False,False
O0_nDvrErAYyvBh0A2yLtqc1DGq5AMMsl9jZHLVB7SEwAq6Fh6u7hNp8g7ptgKIE97JdMEYmQmcuOQ,BRONZE,III,97,19,25,False,False,False,False
4PqONDvJOMSlTx3t4wz45pzOleaHQfNKbXaWtxskJm01f098YOTYZdjzxz67jAH9tafX8TG90IdeUw,BRONZE,III,73,74,89,False,False,False,False
dHq1WIQ_Y-GjYgW54FCto6pQXG8w3kNuFaHiyMzXfTRwLcx_IT3xFXKtLxVF6U6y8pdD8ALnml7QsA,BRONZE,III,12,19,26,False,False,False,True
zpFvJCUaaJ-GQiDsplAh4oHt7ryBdfXtWDTI5ts1JT4p47f01B4NryjrFhCsiZDpNh6nWSAxAD7V5Q,BRONZE,III,9,8,14,False,False,False,False
-VWHJmghL_KaBSazJJZyO1HaBf406CyOThc9tSISebEyQsxaPUJzDwYRIZGYAbJqbnMSi9jXT8o2Ow,BRONZE,III,13,15,10,False,False,False,False
hC91nH4SAWqXTWmmPGI45aoiqPlmm_p3d43RKrUO7KuRUDcp8tYp3RPI4ZATjW3LtcKJ66wzh0UAEQ,BRONZE,III,43,76,81,False,False,False,False
nZ1k4k50YCEseYob5ouHXBfaczRhh7yVfkTBVdNQcDDoeKR55sx3loPRyD3hEaRWFw9N37tOZdXC9g,BRONZE,III,87,9,7,False,False,False,False
vuZOaWajKuHSePrPTTS9D85SgRKABMPNeiO_Rb9NIRwrXrFw3F1puDdDbLLC8DwmCu03F6dyTVJxQg,BRONZE,III,31,46,68,False,False,False,False
vhqRNXK6erFbPz7SXz3xqCpyBo6xqJSUd6Yt_3XvP64QiYIACIhzv90_PKr7s6TzadNEls29wT4nHA,BRONZE,III,65,8,6,False,False,False,False
mIVbz0YsrBu2lGhemlSm3dCxPqKjvtUV1gAEQMDYlmBCvbbMDkju9OAH5b_wBZOfOFPfOt6Mm9WRzw,BRONZE,III,3,84,111,False,False,False,False
tcl3Gj1M8EIHKqTwpD3jZeluUba3L1pFkLj-AxZKzw0cLFA2fq2JUnFFkDvQ_yRTRZNgnSQp6X1-UQ,BRONZE,III,96,9,4,False,False,False,False
ca73pg-G1LobWVMeCsyN3R-nYb_QsfCb4pik8d_pnX-NDk8fQfbpfgDWkpH5-Yh1UKn8VrgJBBWFRw,BRONZE,III,76,17,17,False,False,False,False
QOIB-mfiRjH5pM1cDKUdDnTPZh_cZg-XGlDHjkk4a7V8AIaGddE9hmTXWyyh7oDsgUx9OUdoVJc_cQ,BRONZE,III,50,32,42,False,False,False,False
4VmYZkc1RUw4WcKADasbDEWXLGJXNhiZQH-y0AazJ7U01RCGuYj1G437yyLZhuUyKddMIj7chkKJ6g,BRONZE,III,11,128,150,False,False,False,False
HNehCn570UEM-1L8ELU8i4-gn6nG9l0zpFv3R2HenROp0B_yXVPxbfUBAB2EQg2F2N5qWeQ3DIZePg,BRONZE,IV,20,445,479,False,False,True,False
0KGB8hE6IfUxioLZXnNa_A4c1drDnKlsOr1z7lXaPUUNaJY7egF3kcvAyhLpHMy35VfR3z9DFNwr3g,BRONZE,IV,65,4,4,False,False,False,False
oviCdvDCl6quLAgP9kPhImHcMm0J2tUq_D1XCWsTTv7nEku7KfF6JbcQqPR1u2_wavxglgDcWyGbDg,BRONZE,IV,46,16,21,False,False,False,False
kxe1gwEqT_GRGR7WA35BZ4KDT2Xp-eQk3MmIu5mDEjJJQAs_Q_oxPFsMR1agup7Mhl6ESG3m6J9ANA,BRONZE,IV,48,113,124,False,False,True,True
uTBlOaB3cS5LqCBF4i8UjdlDVEVu6yfC3Dd1AlyLc8csML-6l-snu5Q3--t5tqWo0XafTOvLrXLe0A,BRONZE,IV,21,56,67,False,False,False,False
0SGilgCDX1FeW34I08y3WIX1EjdrmF3PAkIZt3CU2j7DI3faTq4Qr-fyrUXegpdYbQB-WwTQFd6fzg,BRONZE,IV,47,221,258,False,False,False,False
lDHb5JgbURypf-9_yimpNnjSvo_dPVHNKtQacdCVky5koga7GxlfVr-H-W8K_2XFURDkXLHuBnipqw,BRONZE,IV,65,2,8,False,False,False,False
86_ClZzqyx_eWqVeXYkbZIa5BOHtgrK22xk4WUvEgk4n2tfDm8RM-BQ8fOz5s4MJEPhJ_juBlZ0uow,BRONZE,IV,83,8,12,False,False,False,False
zIYgPnkJmyou5ajl_d_Y6YEPNgSQAxlMD_HrHOguR02PKhYM2CQfTZO091tR06GCswST6iovej6o4g,BRONZE,IV,6,16,23,False,False,False,False
Zanp637U7jeEs5F7Q0JB4L8JuSqsckpcsqwHQJ9nXtCs7xg0PjnBUYokmNVNpoXned3sZ2ODmwiHfg,BRONZE,IV,40,3,3,False,False,False,False
ytfUtrsMUVGgfqemnVPcdPbqjqPpCXVFaMz4CnNNuLu6gl5-P7ieekqVoWoTmcTcxYRTIwxlLrOEjw,BRONZE,IV,63,14,16,False,False,False,False
3MPUylkJcwx2Q7IRHImuVkzm5Rj5yOmHgUGbIGZwPpMq3kMIvl_huVLsh9zfrAzHKKG0mBAeDyDwJg,BRONZE,IV,5,3,4,False,False,True,False
a7IFqx80DtKXgkse7EkQPHidOKL6QPwc8sBKalsR253EZFug95yXb0XHqlpx4nyFqGCvdNrY3uNxsg,BRONZE,IV,94,18,24,False,False,False,False
Di4eKvjDNcArFC0JvT7TjTOEw9DVDaL0ApmLbq3qP525PkarAGUbcVy8Ng25U6t7_aaZuDqKJlD_rQ,BRONZE,IV,68,5,8,False,False,False,False
PiutjsSIi8LO5AYIT8uWEdFdy66autM1ebGIrIX7tMB4Sp5kBTnQkLqjaJcEHKeDf4fDhuSBzZuN1g,BRONZE,IV,61,53,68,False,False,False,True
zBtHBVLFR3VwQEFLTX0lV-K6ek0aYQny2rplR_3MUfh8D_2OZML5LXeoZJiSuW4NKA_1ufHme2W8wg,BRONZE,IV,65,10,12,False,False,False,False
k1kq88MG_4gBKXhJBLKdhoTQfE23x43rog67dL3RmYlti26nnop1pqK7fwAlWt9VQdyWa86o4Xk8xA,BRONZE,IV,0,2,4,False,False,False,False
NMHq3qUvKmSATSChBO7HDk9Npqn7ibL1emh2D6RLnF29gwyYOykMMfqDL5hRPep_J_8p2kzB9jK1-w,BRONZE,IV,29,7,20,False,False,False,False
fysUXesd5S_9dN4wJxN5XJmLMhsg0ACmgR6sJh2X-vX1Xxe2SHa9rQDF_mKtjhVgnHa3BPERzmzTVg,BRONZE,IV,39,10,13,False,False,False,False
xGHzvYHfeTHyd4SWJmfwMsIL8woBrsazBzEcHp55F0U2Xxi1oRh24c9YnQoeGF9qZQuHOVhP26GURQ,BRONZE,IV,37,12,27,False,False,False,False
zJT3x3xovfAjHmw97nAnBEtW22_9h0TWsrIQdcQVRXMXSJu0YzLbyv8xtd4phzQagk8MJSG-lW7DMA,BRONZE,IV,95,5,4,False,False,False,False
iudoLcFL4hse-jBSJITcBkNP3rsdGDBs-Z4M_Gur9v4FqfGnJjqOjJtX4V7grAcupNucvcspeEa4gQ,BRONZE,IV,46,5,6,False,False,False,False
VtDK_uND12h2st73oMEvxc0rtv4HdruEFAKx8PhfRHNvX5GxK9MTmYPV89fpindac9Q-EbfoH1pI9A,BRONZE,IV,78,9,11,False,False,False,False
zpV3kIFcVyzoTBrustG1lkpwSrLXUNqwKOwcXbOyp0DggJ7S8NRI-AjLGsExwJMprq2OnTQe07Fwog,BRONZE,IV,0,199,216,False,False,False,False
GjNkIXlvOR1nL2xWy_m4Z_selDZzx_6K8koaraztNGtJebVZW1JdBgYUDeV1PThQKCeJKE_Ui2XRrg,BRONZE,IV,50,2,8,False,False,False,False
mp-5H-etKTCxgJXY3NksJDPn-ou8cJ-L1sLVpZmhmXHKUnYWexh0_iUaZUBxrst34p4HRE9eiEyBIg,BRONZE,IV,58,55,72,False,False,False,False
394W8L4fdjLBRIhYbMK8duDApjGyPITTUI70Cvj380N_mcthafi5xszuuwJyGa8AMCydSbcY-HNWlw,BRONZE,IV,49,146,153,False,False,False,False
_4etDa2Ju04eXmIyqUb3fRjyWBBmIvE9oChN5pZT1ftaA9pL0WGOvR43DwnaIlqveLcAi03GSGToyg,BRONZE,IV,62,14,19,False,False,False,False
84Fiso45P11mYpX9hYHN69sr3KUekotq0dU51LL2VgTO2rytsVmA3jbfjmOyLMPfEfyD9RzHD-XJAA,BRONZE,IV,31,96,108,False,False,False,False
y3vkPAQqejqOffDmJ_StF6MU3Z7QB3MEnxzee7YratG9yq1DuiJWtgkj-X_lJ_Rb5M5Awsegesbtfg,BRONZE,IV,0,9,10,False,False,False,False
zGl29NSSoVuiTHTJ3Nt4pHbblQXP6vmDHzjei7zWcWeJHV_qFS6e5baP_e9QdnQynLAaZ87Msre6WQ,BRONZE,IV,51,5,7,False,False,False,False
3rJ7bIo0lCCgN2mrtQZtCr3nu4lkpLfekW7mDF31_BwH4PDkgdwkX3WM5Cl6x6VA81lqq1KAQ88bcA,BRONZE,IV,0,7,24,False,False,False,False
hbGN4Le8d7UIxt3KbhoPOnx8vAVIGTnUU6iv-XOZUpnm_Fbv3DyjmbAXDkyqKVUOznzbx17qT2kamw,BRONZE,IV,63,4,13,False,False,False,False
x5Q0wznxAPQTvEPx5Jim6mm9wKOWd0pzRgVCdZe863s8S1KgbMNzH76EuRtOhZtje65dWnRgKeLZ2Q,BRONZE,IV,91,5,4,False,False,False,False
0ppsIOQjufnRL01E78lPRJspDUrRF2B5aGCfadrG8J6VtYEq853XImO8z4j87nRS_b1MhuwCn6a70g,BRONZE,IV,88,5,3,False,False,False,False
GtE3pxlIt8AXy2_VdjmAZw1BnJSDsloU-HjNCnx1BIzDHhyIrHWtJ-2gpuqjTvFmeW1CsmyH15W8GQ,BRONZE,IV,0,12,24,False,False,False,False
53G9IOW3cKWBOa8VPdWf4ztlWGtR2bcdKvpLtYjRYptWNFReGPwwaeNaLdpV9W_wD_Ls4YM6ki_dvQ,BRONZE,IV,79,19,24,False,False,False,False
1PHNi5XGFbq7dpuwvwvsvBgP6ViIH-iZ6yyWdPT99TfqL2M3br7Pkh8yC8Dd1-LSfkO1HAd8V0INRA,BRONZE,IV,96,6,6,False,False,False,False
-F5BP5Axbs34k60gxYVG6VT0rsVvz16Im711JW3bFE8NZ-gXMZ7IAFLvahurgH3DnN_wAuG_mcWxAg,BRONZE,IV,63,15,28,False,False,False,False
_3PSMXiyzgpekp4-8tebHrWgusqGPa5ZxcFZ2EbxgufeVWRwM6i1OR7mWHqeI5LEc-8brjvCZUVXyQ,BRONZE,IV,60,5,7,False,False,False,False
1D2yc89olsG9OM4HOOaF8PlswsYz0lZP7SZmQ59jkW4_b_pW_CpxXupZicWttkXs6wY17izgVVxmRw,BRONZE,IV,0,9,16,False,False,False,False
jpJWgRcoLNBPjkExjJwXf8Ep5IO8NVgn8QWrflXg82ThEvs5utA7wh2rR_zCqGPP7M6Nt1LtrH0y-A,BRONZE,IV,30,3,4,False,False,False,False
5k3hE0XwojMHQSRDUtyZUSOQNxDfQUDKWBYr7JIfwFWUN-shSQldqJn0IHl2ojkl5zITLF3HQsXJPw,BRONZE,IV,85,13,15,False,False,False,False
CwP9vPcBd5U3cKc9vkdv_X_KuUYcUuLHdAQziDhbR1WP2M_qTYx9aHymLG3qdCVPba7AkhrLPlDloQ,BRONZE,IV,27,14,19,False,False,False,False
BcujTI3A9RmYqNHtYfkOMXT3l1rPfBxUqQc5InIDt3A-AVL-R1Fi0k68YLI5yx60r4c8cPp_bHoaVw,BRONZE,IV,47,3,2,False,False,False,False
shIFQQI5Xn10MmxK6bSBtb4WnT45807VklhiJYC9VGrkosn_SX-2dlee8sbtwSPAjJ_mwM2LDLPg8A,BRONZE,IV,0,18,27,False,False,False,False
X6AdL_tu3w4s0dliymRB__AZWIUJT_ZMAvCEvH_ZFbui82QCUxjsue4mbHBKNVsVEeF33TNMo7E7xg,BRONZE,IV,52,46,59,False,False,False,False
ZdEdYTAZwZU6z7-GaleuRSu4VqF6usgJsJ2au7pOWiRQ-641g0nNXhW-atYBnK5Ce_PU_E8ykMp_LA,BRONZE,IV,33,8,17,False,False,False,False
pgQUD3CU0HJjTnLdthm0NH-cmPCbbS7imlrsAD7UFFgOmyz48Mbx11XGDwfcrY7zCUIm4UoZ5nWIRg,BRONZE,IV,60,4,11,False,False,False,False
u1bASa4dUUq_ComQkexTBUjPLlKee8zo4MskcvNmtVjzJBYyZu8gxChEpQ6_-zypXL0uMzgQ8Q64sg,BRONZE,IV,87,11,14,False,False,False,False
8BYi-C_eiQn2pwLmZaMVBh4elBxbK31OfAehhSLrrnUxaL0Jt37PL_vLletF71tsxAr4iAZ3L0H7hw,BRONZE,IV,15,3,5,False,False,False,False
OuwyQB5J13Z_B_HogKdP0MU12eHso_Phh7i5Lg2NQRK-lmNRujb78-JL-7QwRUQuCcBjn2mRY0IK3w,BRONZE,IV,0,54,75,False,False,False,False
gJ_jDtP6q1t-B98QALiBP7hLHnuai_CSEVftp5Ny0-OpDDLaKASAQidYUgSPywW2dwS9iQsZ2UtMeQ,BRONZE,IV,89,32,51,False,False,False,False
r-my24Eo65EJ7xsIsftodZWn_QtznQj_fCF7Kjg8PYbDNE9wmijFBi_59kgoQXJuqWhHDX3fguBi1g,BRONZE,IV,90,106,117,False,False,False,False
YO4OmBbpVC328R2DGCz6SyUmuOUOK9uUnuD0-EGbt3sGVHpZlesPEUszkA51FQF9QoV7UnaUVgOsAA,BRONZE,IV,0,9,22,False,False,False,False
vHeqCowAn8n2qSyu_W2gG4Vv4Dc1VyIO6O_WzKp8PGxtq0UO9v82xbx_gW0GcOMoBXoyIHx7PAzedg,BRONZE,IV,20,4,5,False,False,True,False
UmuT6TI999HWyfYCGvuR7ZdfKYytXocajBqS2oUsFAEpmDM2jqqeO-uOHuXwRO4TZq_4HwMaLQZWFQ,BRONZE,IV,96,4,1,False,False,False,True
dbq2wRKZWUMytCF67IPmMoVVHFZtEwbespZrC1wcAVzW0qfC_sFdfIPGcOH6-XTpvo_EN4CW4TgXEw,BRONZE,IV,0,7,17,False,False,False,False
uZGkAUUQnqh2-J6CwVizy3eJKdouYYb34PiSghlLB0BgW8ddTEv7VYtmihMRpT0lWYZrTNA-FBkfNw,BRONZE,IV,0,9,18,False,False,False,False
9sOFNNfE_P7O70MdabC1h4nIkdy4U4qQjJ-Jr9eKFmW-FzTd4q7wZd8HCLGsPjhhjfcKxyPDEcpKfQ,BRONZE,IV,0,3,9,False,False,True,False
NJCRD77AGxCU9azCGFpVjvfV-n4Xwr6yq5heQ9k2umJl7jLfNEbxYdOa_OMuYRSXthvSwnhVPPQp0Q,BRONZE,IV,84,38,45,False,False,False,False
BEJfCD9dvBrcrpUJyIdCEvkuzrhi-EPO08vVwZsMmwCXxA-1qya27yQBHMec32FWoacn64T97oJ9Mg,BRONZE,IV,66,11,15,False,False,False,False
gveo3sOUV5JVMwlMYBVHdcAnI8gvpgmN6vFtd1VgCjqesPffTbukQKWTtvpmixEx1KgW-d2JZbTR-A,BRONZE,IV,75,4,3,False,False,False,False
vd0_HHiy_RCnKcdbgS_gFjWHatETD0rN4kytCdDa7raTcUYVqlH7NGT3EBy0S8mr5fgIphODGpVPwQ,BRONZE,IV,45,2,8,False,False,False,False
JaThemmDT-hCXxKrPNID-e4R5nlqQYedqbzmGbmvdTiTg55gHbKacN4EhjO31cAECq3h6jwkrNGi8g,BRONZE,IV,55,5,8,False,False,False,False
w09CXBlSFHMPlOLLmW-hP5S3B69SmFTkWn_3OFxH6ivrb3MmsUWV9znsiY1iTzBoRjWZtdmiFYN3RQ,BRONZE,IV,66,3,7,False,False,False,False
AKA69QGW1sXp6RkFZXG3xkl87TwgD0w3JHZ-ZBPUYbrP_x2NapxRewQZLGW38aihV8iWhM8Y9NMmOg,BRONZE,IV,19,27,34,False,False,False,False
7nNhl8T27tKcztHe1oMNVKb7KmxubU6ohyb1fGxQaZGN0qpHW4JyIyIe-2NVRlYUI2y-HlC9ZDcVbg,BRONZE,IV,30,4,7,False,False,False,False
DAF9Q3YoDnwdJQGWyJqQX8BIdE1XaCJ6Ts6RWhwMB9-4VGl2-MX52zE8fmd8pcaid0h1n5TzACSGYQ,BRONZE,IV,29,3,2,False,False,False,False
UACoWsNTS9fhuGwO_jiCTRcvdChlqCYdsbyCJANaycWM_5pmUxe1bUEBxmKo-Y10R_0wsXT7hhUhrg,BRONZE,IV,59,7,11,False,False,False,False
3u7PiUEQrwkQvtdkUyoP9c5Q9tGE-7MfBARexYCWuzo4KoR53qURP21nS5nMakN0vhN_vnMLOgcRVw,BRONZE,IV,79,29,36,False,False,False,False
KtFNVOv_iG9O1N1nZz6qOVylyQPnaO1kYU4c-YNhmmUbUOcVNT2kwTI_2L-TJ9uxEZ87RJL25SeFmw,BRONZE,IV,72,27,37,False,False,False,True
Xc9-swbBAO-cvTTe3b7hOgQPbbpUB6ufxEQYvZHbgiM3cE7YIX2TH0LZM6HvWNYCuFf0reEMZfAO0g,BRONZE,IV,87,7,15,False,False,False,True
ZdbU-P_rXOCqvxjEhSrvujedlVpLc3lIK6suvrME_E3Pvot7da73M11ltmTu5s-5oYEYN76mcf241Q,BRONZE,IV,61,6,0,False,False,False,True
3vBY8hC7LOSqeMm09U24US3qyyloqKsPxMVl85DSqirEBVX3WqnaO4_UDL5hesvg0WS7sbLG8fWXZw,BRONZE,IV,54,8,11,False,False,False,True
Cx3zhTENt0TiN3ZDYeDsNNQW7SqNEv9LTg_YC7AR5349-dXJx8ne0i34oey226U612hBg3yGXGagWA,BRONZE,IV,97,4,1,False,False,True,False
I3cE7ilfkNvh9qP30s8P4dnKVqsmD2UMA7hmcijRMvYrNkz7sglpeQKKddEZ4FonOlSYDvE37Lnolw,BRONZE,IV,5,4,2,False,False,False,False
s3wrnLG99ivgJ-h5hZBD6su8TCfq1EISiUifLrxvK91-Rpup7u9-hB12xrFPR9mgwtmgkAcll69qWQ,BRONZE,IV,96,6,7,False,False,False,False
dw_6BhspNi4h-HPv5ZCAjG55Qh71wwS13qs8gCj5vllvCHTebcs2bHv_v9O6Uacwd1vnQZT0vadpnw,BRONZE,IV,74,5,2,False,False,False,False
9eWgzfnIpX5rBjbbAiszBmngmaABrgTMT9NywhXRjINMK_LSL4ot9xL55eqLZTIvWmfY5_oIQPkPFA,BRONZE,IV,80,14,19,False,False,False,False
i8jPDmsIYvwEB-NllPJOIol0gbEJHQHlRpt1yD-pcUzquWl2fzpDy5WlM5D9q8iZIBFDZt7AxFA64A,BRONZE,IV,51,8,21,False,False,False,False
xTG0LrtNTw7KtzlNm-pHxopiE6UtbT4oJ9BLwC8E-uD6FvpLiCpsj_MUg_Acu3JKWs__i3V4Cl4Lcw,BRONZE,IV,85,44,51,False,False,False,False
bbvjOmUDuFU8Id2XPI1slDVEzE4XyS6DZYh2t1UlTccWPduTjbZp1UGc9xFAq_J-hfrtSLL706T9AA,BRONZE,IV,84,8,2,False,False,True,True
cC2qShUPy_msEZ8JmPbCaB_fhj8YwbpbirxVaxMekFXGq7w7vi7LYk8U4B0c3CQTOUCcJuexlVHZTA,BRONZE,IV,0,75,90,False,False,False,False
oqSpF4R0pdGtkOhoPPHTzybwCPVE-9B4HlH2eTnIBT0W-ti_Sx0sBOVSvisvGg1AoJxuNJBZnHd9Fg,BRONZE,IV,64,67,77,False,False,False,False
EATmld-mLqBt2cWUIa-MN3CFPpGJYTa0odUyj8Q7-gyC5ydqItIkiR7waPtsWkxYdhb51GUS6E_Y-A,BRONZE,IV,77,6,9,False,False,False,False
d6ALG2NTdiMyzGq1_LEYsGuSNFEIVHiuCW-mx8zVooNabACN6oGNLcU45TlgP2xPBonkcYayewboXQ,BRONZE,IV,0,7,12,False,False,False,False
c74Py1uwZlwsO4KRrLWiuq0TgBiEg9wzwDaQj8ArI7PmpVTjdPDn3N4NnHmRv4iByeS461dWZBf2Yg,BRONZE,IV,88,27,39,False,False,False,True
Tn-mKzzyOIyaAlTl7nEG6RnXupRUXic_sF0vR8bacWQRt-qzzcZ7348qd8OlD0i7_DEZxMaEL5wB9w,BRONZE,IV,38,5,9,False,False,False,False
raVyF_-L1HRy4gAX7AAwOM2qW48g9-ABMDTHvx_XscG2cOzTiUlKEPQc0Vdp0tDgvfec10YDVZ-Ezw,BRONZE,IV,10,6,15,False,False,False,False
I1ie57Y6xNLfGnGbyaqTAlrLr82DXEbXvrs474MobeuwyaoXeVg1N4J63rSVN8yBShqBBi4IVcQDtA,BRONZE,IV,22,5,9,False,False,False,False
2pn12tCpMamhHocHsuyg3WwrBEYEgiFt9ZVJgZzkxrq6Qak3QiGYKBgxlRy2Ag8q7ZH3O41bKX30Kw,BRONZE,IV,0,14,25,False,False,False,False
BjdFmie3w2wzZ8U6AT-7ouhW58-4YV0doMLcfkZ-E6tFGGK1RsL6bjIFNtr2PA1c05SYnSPMIxCJWg,BRONZE,IV,0,51,75,False,False,False,False
UJgbGvH5JupEseJ78v0C_YACU7ZvGsWhXw2ryZbH-TfsG7KI1qjrvKoqbRe2hKi0s5j7qJ3xIYZxBA,BRONZE,IV,0,20,33,False,False,False,False
Xi8TValSLvEJU7fvYL5msJalm3eBO0gfrNeciLrfP2wYXsyWTXsswOvLe1-85kfDKAqLNt0BgQQRTA,BRONZE,IV,30,3,5,False,False,False,False
v8FlYafJDQAeF6OfaE0ERiAJ7VdBb52apnQ2kJCXprrv2LiXbZTUK1kpE2OizIij7Xx_vZ24y1cjBQ,BRONZE,IV,60,1,4,False,False,False,False
A6n1DZAEdwL9_-xDlIT8HTOLoRXYXZXpsbN7zgA3eiJ8ZfTjwnKnDHYvrCtHVh8lQdd2_ZuM-QG0DA,BRONZE,IV,97,4,1,False,False,False,False
3e3KEGC8OuA0dA9YpKV2nX4un3bIMj5A-9DWXmRxqPh6_7Yu6YMBA9MLaX1kKTK5w8JN0q569h1sAA,BRONZE,IV,79,13,17,False,False,False,False
KrMIjMvWTx_ksj3YrBQZ4K-_GnQzcIYvQtKx4z9moZzK9bibfD5imFkz3FYTOXaXRYkBCsUHR34bjw,BRONZE,IV,39,40,44,False,False,False,False
7fP0Fx3sQ4k5R14J9MOs7M5TcbjxAeXN_qtIRjyTyugogHpJsGAO82C-TMqKpdIJ4VYIzVrJD9WtWQ,BRONZE,IV,55,84,92,False,False,False,False
iMg4R77EP3Gh6QhP9XskltpyBl3PxvwvTEVsryGCm7G3CsxNnjDv05S4lcg-YUoyP6recGnGKG_6Xw,BRONZE,IV,0,9,11,False,False,False,False
FnqDxK4ec3-t8qydrDO0y6Fs26NjutRLGa8q7Bp9XaoD3Od0yl7nIS8E2IHaHw5-Qi6FzOUQIAAjlA,BRONZE,IV,68,134,144,False,False,False,False
LTm4sWsjaA5d1abIj7OlR8u_MpfpnDzaBJoDlAltk9RMaIITiNP2XpaH1eAuzBUnOgsiypEHFiyWOQ,BRONZE,IV,13,197,207,False,False,False,False
qC0RV_XJwhgVHtBCi4jRdM1L7IjIpvdR_oo1YLSSX4pEQogaAXRlQ54u0cdtWp8LI8b6IO6wuDNzeQ,BRONZE,IV,55,23,39,False,False,False,False
MdZ5cGHN-i5enWOTSpmE3grQz6wuc6AmUrXQ7g71LlZBN_p8Ver8xAV6HoSdH2lgIYkafyBAWJZ5Kg,BRONZE,IV,71,65,78,False,False,False,False
L34e2fsH8FQaWkaLJe9iRoOmnpt0wHOugNPnXHLcOJR8IbQ__WzJ3YyDdO5_79Y-Abn2QJddlHIxHg,BRONZE,IV,34,27,40,False,False,False,False
4inTXunUEw5awyzVeK9HmzDViNhBL4MtHsaHKsMVr22UzbGNwMSN-iebxwj3o1WFZD4cET_7ZtfFrw,BRONZE,IV,46,175,191,False,False,False,False
ftA7veL3XPvGKOt2i06MtSGvIx205qGQAaZytbqhp9DgW8s5CqLVAloNFDDpgTItQ3tF5S0y6fetfg,BRONZE,IV,59,123,142,False,False,False,False
lAE__O2Zt7q3Gde3RAXeVk_JyOtSFrJxbaniYdxpwksq2J4wyPmPKPra1kUO5uHSwIy-IIeDMu7Jsw,BRONZE,IV,40,3,3,False,False,False,False
VMkoiLvpXM3c5vJbbVf6t6aLghsGaeas_7CAUZeXYnK8sv3b197xUBk64i197KYxz_aI-goiCiQHCQ,BRONZE,IV,63,4,3,False,False,False,True
0tbKO5bJs6L8bI6mq6BRFGwzL_g4uPAlbFWPCvLZB0SXv3_-gTFU065tYeAvH4pIFXfWjm_CPDnTkA,BRONZE,IV,21,5,10,False,False,False,False
07NVHb4jfZWOTIfMwiYSP2wRJ-KLd2pStIZE3kZM6TfBTDMQZ-RcOXufAQfBU2xSLeSLkIY8WrR5AQ,BRONZE,IV,95,5,5,False,False,False,False
xso4eYKNuge87alIUUVsJv7WzLGH3N6HXcRDS1qjJfrQHfmFZuiXIum7-fW-7rvwTO60475W-odmxQ,BRONZE,IV,41,1,4,False,False,False,False
IAxrvCOtBJ3W8XHBz45Wlep2yic1N1YifzH49E1i4N20BMD9eYk_SWncUyraRuHRDPo2ZOiiSpK_Tg,BRONZE,IV,64,4,3,False,False,False,False
p8N5EzMjqrJxwpca_Y7HERMsmdbKwF1tZDeqs8Z5hQoIn7WLagNI15jsLFJTcebleZWlWmWXf1e7tw,BRONZE,IV,64,194,217,False,False,False,False
ONz_KffJm-WGs7_v3GxIcUumaRpLmIyiik-Yt5KDTzOJNL-oJpTc7yje4pbatKVAyLDNEiiIpQzFbA,BRONZE,IV,0,3,6,False,False,False,False
8Z1GxoksuqYzPBQZ5N2gFC-9Ninwc0fuyxeSWIjwkGhhmmtWOLEFe1ZwyXdboNBEsvhehF9Govc7OA,BRONZE,IV,0,8,15,False,False,False,False
2tKcFlFKhaBsTClkTukPd88bpp-pgyzUVj0Wgd_6K7WRunVBfhGjUAAuJEa-Sv401grBVh2GzdhUTQ,BRONZE,IV,95,5,4,False,False,False,False
WtcC2K9oDIZyqUMKEaEIAsoy_WCLUe_zXcMXRcTrJFATOE1mujqeAOcv2rSn5JdRJwG1PaTeZL1HXw,BRONZE,IV,77,4,3,False,False,False,False
bm_9GcrTkONF2KptjPbMNQ-BbHUITfP7-oMaKrg3lN1sxXECVbKuPtZo7Fc6WHu8B12XAg5LrWtqMg,BRONZE,IV,90,5,5,False,False,False,True
Asp9ETks5sixJzRkpCaMCZ-PthjT5tQx1HpTEX7mf-CDWN87ZrZDsQmVoslvj3joGJgXVAatZWaMAw,BRONZE,IV,40,3,3,False,False,False,False
kMNdkVWll4O61J8vCwk5nk8fPZCaALT0ZG8xWzyzt53VoCuZZoF2Fxdj_8x4354ngk8YpWaDzO3kmA,BRONZE,IV,21,18,26,False,False,False,True
eizQmIiIcu9hv8iMYuNuUMQhYGBq6bFFMs0FLNzan1y3I6tmUFoVTwOBrCsd1nDfgCi7rR4M7paZLQ,BRONZE,IV,98,3,8,False,False,False,False
YHtw7ssbQYQnoX32hcBUjjTNv7CR9TlbarJNRl7SuKLW4QU6_L95hwSIDz9orvflT_-rnqFZ0b8nTQ,BRONZE,IV,35,96,109,False,False,False,False
GaFQY-BS9RlkTemy1zs-c5Lk0kOlqWdvwyn3Ap9B4C9u628H25bcI-XQKDUZGWFP-Cp-GPnMEEiJAg,BRONZE,IV,2,3,7,False,False,False,False
Ht1VPvtH8t5AF9tHZIJHQfCvGoM3HqgtJxm5WpY9W0mzl5Y0ftjI-PV76Vy_atJJndVNoT6rpp-4Iw,BRONZE,IV,55,3,2,False,False,False,True
0Teo5TPyDbvAFu2Rcribn16Mz1cTI5S0ECP92dHXUT27NiJOuE7W7sJ_D4S0D-glk3rozGM9bk_-mw,BRONZE,IV,98,143,145,False,False,False,False
Oro_yRiyWFhA79VLpggmni7lm_QFU1CBRnBCCNurV6ki78G8zHvo2k7R-UvvDQSImt5DsMmiqApLlw,BRONZE,IV,19,20,40,False,False,False,False
WuWz8l-BTOAhm-KG9Crd6pZy2IkZ6XPGYRRVoWbp_l6XLKe_Tir8-e-lDlR8LKagPdbWqx8Uwm7FgA,BRONZE,IV,30,84,100,False,False,False,False
GnlsMw7hKno3_rlh29fO5_K2RczwvOGHf1OTojUeKbt1OJiOJZjystZi-Z0mmmWs7otoKzYCCG5LFA,BRONZE,IV,0,4,26,False,False,False,False
JjFuz13xfAWL7rUWfDwEtY86chJtENGTIJtT-9rBuAnAgS7KljqdKUzoNDSpIjsCu5I6Z13rX1r0Iw,BRONZE,IV,28,5,11,False,False,False,False
ojcvKZ_XzE7Qm1PK10WoKo95C0VTWH3Cb95UptdiX2z-z2C0vy3IS2xnaPjP7Uo1fSBSv4JccPfZxw,BRONZE,IV,62,61,73,False,False,False,False
CNTWmZVPyF5gdGBLZ7Fy79XueJJf0f33H3Oc9pkqhjsPBEENsgQuoEQTHSgWIxab1wMprc3bGCrP4w,BRONZE,IV,55,4,6,False,False,False,False
t5ZbXTBsn6JrnKsCzsip3FwVhFUv4JcjpUkduqF_jx558HoKqhOhFXlaFiRUf-vvrsWAOUyFDx8X9w,BRONZE,IV,35,7,15,False,False,True,False
DGkfgggEm4TeSs5LxjqzaTYZVkLya0BCoZLmY1GdaV7-i6SNkDUFzIgPuKjQ-PcN7DIXSmag7XkZyQ,BRONZE,IV,25,3,6,False,False,False,False
WDfrE1Bkpr1gfvOFxE7OrFGj8zgG1d8f1Ue671sKBTNFpbnBmliuYx_694UHCb_IB-FVXsrZvfykBA,BRONZE,IV,0,3,15,False,False,False,False
TEihNOngZzAv5avdx0HUPytuoU2J1RZqe0Lwj2q2kSRYQwFS6Pr6201exC12JulmlL_cKT9ILbIxBQ,BRONZE,IV,38,10,15,False,False,False,False
UndJQntrUne0GMaEo8LxyRG5hrXeOzr4EkFMV_9xUeE6wkyCbom8x3HKQH30OvJv_y6Vs-v6Z8Kwag,BRONZE,IV,0,59,88,False,False,True,False
JqtA7HTSztSBnbthetauAW-Jb5kACiuTC04A7E8LBiITrApDze187HZINyd4OyIY6AI97-nKcXbyvw,BRONZE,IV,0,2,4,False,False,False,False
38YK_bzeq7IC21f1So5Kw_T7Jsh59_TXu1dfxHzLGjXOeAJXGiIwil6ujH3u-uVdfqvXnLWjtU00hw,BRONZE,IV,84,4,2,False,False,False,False
zjSWlTIX-mEf7C-70Y2bXEkZozYU1ZtyvN_MvuuxPT_cP-rs5Q4WRePty88Cr7mJBP8sCf8pjmPGhA,BRONZE,IV,44,129,145,False,False,False,False
ytr10x-TQha0Ay-F9W_kP-6LHoL8njr-mfuJQjKHzQI3VRhMca_xXhlSicxAl9_Y7HTz8AYLW3G7rA,BRONZE,IV,1,67,72,False,False,False,False
i4NxtYVlu-RAJrJ4UEPYVGv--4tDB_NxZ5J0sxDWZ3vwMubrgdpWrGh-fCL4IK-8ALX65Ecn27tt8w,BRONZE,IV,7,4,1,False,False,False,True
DHrxgNmke4b1nY2bVkvO3_kdBuH2uURHthvwaMGy9133Hl19xOotX_OJssrbONfqTqlAqp6Omcr2Qw,BRONZE,IV,36,6,20,False,False,False,False
Pxc8FmsP1iC5gCD-4MRUIxKKMzglYiCdkEf3l6ffZEjNTNzy565TXnV7BC5-WFfhXQtSdzXRwtt5eg,BRONZE,IV,50,5,7,False,False,False,False
uBINdunEj1NVb35t0uBuiogcslJ6v3b1lN1DFiLFo_oaZWSBIP_wgsY1g6qFIb1HR_WTphsH1CER0Q,BRONZE,IV,26,3,11,False,False,False,False
I2tPhiLMU70jTKsm4v4T4Rr0xeUtLD9gRIS3F4_9Yds3JYPXHjG5flefXoxaC0-kj4tEHX_qs4Djmg,BRONZE,IV,97,4,1,False,False,False,False
8deHC-JQ9AnnUaAvYxXxqKzTbh2VOFXri33IavjI3DHod7zb-nqABOsTJSWK8P0k6x7TBKUtMk6xBg,BRONZE,IV,42,8,10,False,False,False,False
q2_4Qq7f56dC9aM37aVaU82YLOFxsuelBF3UQI9WkfjDJVZUQMTCxewxN4x353JbxiFe6na8rNlmdQ,BRONZE,IV,12,9,12,False,False,False,False
6fiviIV_RJKBAyspq3FFxZEymBjKtVzVnMUDeNyoAX2IQDlfnLcyXNc4dIUPjNbmLrZExLNZDzVv_w,BRONZE,IV,61,5,4,False,False,False,False
oxzdxwYOHoGTo-XFu1uEkytBjfQJHf7B2-Ys2io84babx_ret_QbaFvz6eE7MoRCOA76y694NsmCtA,BRONZE,IV,92,4,1,False,False,True,True
ajjPZcSHu3KMixM2mw6an4kiZtpyalbRxJqE_7v-fk8yGnEY-9i5MgxZDIhXs48JT1ZK4RNBOFpy-A,BRONZE,IV,97,23,37,False,False,False,False
vg_fa5Fh0vI86-Oa10cIcCqZo1Q5J0icZNwZs6eRY6L0LwfboBIBUK6uxgk58XL5PznVHUYyrulEgw,BRONZE,IV,52,134,143,False,False,False,False
LwCxOXsr2-uxKjHt5SdguODxpH9pd8OWvujcjM5s3RpcBRZ_Uy0ZCgx8uakBvD0OJUaYOIcGWwf58Q,BRONZE,IV,12,1,8,False,False,False,False
QWVdRoXHoes_rAjKtEW7QA2QKKpcJNxtAd5PRnhqmE2CVtW2M9GPh7SM5EJCpLbpjtU4Kv_61xxwFw,BRONZE,IV,37,13,21,False,False,False,False
aY0FGLm1L9v2KcmP5Da7s8ZyonArGdC1hl3tzyqXkITY5OK5CVx9rcjqkLDRIQqnn16yJEredMfLqA,BRONZE,IV,96,8,10,False,False,False,False
iwkupY856XV8F7IL8Zt4UehDmrxxfaARhnLOoZbH6gUXUhh0S5xhwhLLKtwPx43msFSQUEH9zo3LAA,BRONZE,IV,17,38,52,False,False,False,False
9M0vZ1I2lp0-l_XQz7icCZ1xTAdXjjOOBAd-yEflNLsn45rPa_U2pVc_EyjTE2f4YnQo_pjrSj0b2Q,BRONZE,IV,95,2,4,False,False,False,False
6HEezcgtV2qcLBh7J7CenwYjtPInbknfh8vfVX4QF0c3sUf8iWmp6dPB2T71U5iVYBulPRu3u6FdHg,BRONZE,IV,34,4,7,False,False,False,False
l-wss0Z5GkBeL07O7W-0NGJmhNMuSdTs872_xqlmbz-u0-YhNLkKEUD_omINtd1SiRvO1s8jb2ZuGg,BRONZE,IV,44,3,2,False,False,False,False
D5eehhpX0Jjz1K9RUdzHOYeQY_HsMXwSfvqPwHvtKliiBdZNclV6Da-I_WnmQ2cCqoEZib3XsToDMQ,BRONZE,IV,62,8,11,False,False,False,False
NxzjVdTQjfdtynK4VYD8qnKKv30IA--nwCC9FtZ61Tk9uxKxpiLtXX5dk1rdjBq52qadXsNZxRlNyw,BRONZE,IV,9,6,12,False,False,False,False
zmfWsfOZDb-QYQXkR5XBuMWhnI-XVcgIFqg_A-KIoO3ixrf1YBu-DCEwP9TchjYk2YQ_FX1tLy-YuA,BRONZE,IV,0,6,11,False,False,False,False
LgOpjCKiBRSf6Mxr2OGs4InDLfDYdzojGMuumM6LrxCzhhHYTAI9X3mg_FdrwX2QzGuFmgzqpknLrg,BRONZE,IV,13,27,36,False,False,False,False
w6yr9uzQZQ7lXwIB4n5nvJ9D6spjgjlR6SaYdiYjGtvbnv1XkUX8n9qrmxrqK6xmL_4QpGaeIiMlPA,BRONZE,IV,66,2,7,False,False,False,False
jmryhBrnTmp34vEBXY0ZOqo_KoNb_9JvUYie9Uru2tA4Ay2hw8fFNlqOwGcDaa8t24gJuNLfeEsC7g,BRONZE,IV,0,8,14,False,False,False,False
js85lQwZRN8b2gKIKzLJh3QM_GdsZLtK50mXCsDj9zIq1I3jc_c1SQIy9T17QUOmmnC14DYsfjfsBA,BRONZE,IV,26,9,14,False,False,False,False
v7UCfvHIQUyfCu0wn-7zThalD5GDhvptSs4ZnUO_uCDQiGd_bYLkzXFRvWIXQBqkdx4_Pf6eDElUAQ,BRONZE,IV,2,43,57,False,False,False,False
Z8-seUfo6PwmoKmUS9KHFv9VKjll0sY6w7wWqB6YLR2f3ovP1XbrICEAU64XcTbYA8xYZxeSEKWHdQ,BRONZE,IV,0,40,50,False,False,False,False
IsPPz8wxPMHSmxDg6WMpTUJ6nGk8mudXfO-NqteKKZUbZ2NzK3DmW6JnH0D-NEKnQ28t3-Lm1dDBLw,BRONZE,IV,0,3,11,False,False,False,False
b80uO_BF1PNI5Q3zWknSX6oHjS3-1MRqbndWm80pFbyihDui2Zr4sho8vVYxtJP7zsx8TPkfcRcFag,BRONZE,IV,66,9,17,False,False,False,False
rDTRpaLF-E5NF0kg1T_zZWZFIxwZSy6NMOmMa01RtqxkECZpS_6ojkjlPIY7PN2zEIRxQlYKuYJVfA,BRONZE,IV,65,14,35,False,False,False,False
IuUZwy6yh-jdF193ufjpwwA3KiT_qB1Ez8v-X5vtOUVU3cDShPazeUK7rw8X-GC1BKeKprl2bdBwAA,BRONZE,IV,50,4,5,False,False,False,False
qAzZ7ZNNtdXlr0tgWlQ7lXib7trYK9OJ5iJIXOwUGYqTZ4VbkZYGZPV5_D7Vsn5klgRSbrlmgnkGWw,BRONZE,IV,32,63,79,False,False,False,False
Wl0mZbtpxeX9k1xHkogq-yVsTX_rpK5XVJHgUc7QPuscyLp-EmqQAt9SmpiYVCutcQS5CanNuRU43A,BRONZE,IV,37,3,3,False,False,False,False
BtNO0CsT2WiIqVV7AAtvIHx6zp0mMFv50IeOmBfp66XrnsNTxQaOs47iXe3ff99seeKZCee0xXaVHw,BRONZE,IV,37,10,7,False,False,False,False
E77gIer_yrY_KB8H9duo1l7gnSrVD7PlYAQSZKXcSpZNqj50T273gTwBKdoIdEfavxwcJ4STFo5uGA,BRONZE,IV,4,67,83,False,False,False,False
zucfyb-_q4L88jY4uvlKn5q2U54L8tfMzlYKIhHhR8OTm2TLb_Yv3IxDfDqFS40bpOB4qOiuySMwpQ,BRONZE,IV,7,2,3,False,False,False,False
7JUjkGub3YDOUJew9b39oin27n0eWFPQABPkJEDB6DXxws1g5I8-iR0eAh16nYq4PZ7xpmjHuQxXNg,BRONZE,IV,5,2,3,False,False,False,False
d0u6hiqmcGsxksTcQGMIbK9tdoKYOICNIJip-8obI7QPaH-JtqnbOiuKgO62d-IU415RpNwerovmKA,BRONZE,IV,73,3,8,False,False,False,False
_vWWygozjg5J8IDnsib3yuySgZ4bQKn-19lnHNpgv0FDLk2__-bVpymREnOjm-rKA7f4uVF38auGzA,BRONZE,IV,35,7,3,False,False,False,False
IOzBYZTFKahfojeHJu3P1EovnZd3aMu8jK8ql_BDB1CLxz-cMNK5ZMb1RLEAv8MPN5N5NQKL1duSPg,BRONZE,IV,43,128,147,False,False,False,False
sC4Q4suHvVXVGSjblZbqDcchSh0yROPTtj5_89W6pLnGnKNHaFdvr5QaEIZBRNamc8-kNTMp15wbdg,BRONZE,IV,3,4,2,False,False,False,False
d15I_pWNzViOXDyTqB5ZModylbaRISJrCXlGHUn10iOliaEK50wQdBDgRWcmUv4Zm9iDVmkEAjJLvA,BRONZE,IV,18,12,20,False,False,False,False
omFyEXo3MJg5wBA10QFRLwa1VxS-cnMg1T4UeXthCBEi2hmMWv-ZGuaUzArvp870Gh1Yb9oBkVs7VA,BRONZE,IV,4,10,25,False,False,False,False
BdfJ4UuYVMYUYW1CmVSd0suOg3QurMSEzAXlr-NWdpz7bWE9gwaUfTYSFlWBOwIxtyjNtsvQkkdvIw,BRONZE,IV,99,5,3,False,False,True,False
1KRqyaVcpipwRd_WH4bqH1fvV2YdySMEBiNXuoWpcTOvc8Q_X9FyLpguP-LV_7bT_Vg7wv258TwyYA,BRONZE,IV,90,51,62,False,False,False,False
oNRpK64rFFZgevL8WnU6OhY3JEltwsVJTfBSy-QCCfVDULxx3GqHU42bHZibWYWH8bzkqavjgaGyrQ,BRONZE,IV,2,10,18,False,False,False,False
ScKH9xzq8_s_tcvnt7qb_EyhlfRT6US3JFeLYLrR7Avx0MYmN6IorssTq67KMiwddPt0rmT6ByBWZg,BRONZE,IV,13,2,27,False,False,False,False
7jZr5EF7gIFXlZkMQNPq2I2u76rehsA2XH9e97LKtDE0avwnOBlDx3CqO9HVYmZlrpHqlSYxm9EPjA,BRONZE,IV,50,4,5,False,False,False,False
MCw75FALYeR2e5szCqQ73kF7LUjNVFKU7Vu8ydw7-OAKhD6H4_khQbCwHU0sQ6H7E7NX91r17t1IRg,BRONZE,IV,10,3,5,False,False,False,False
3rayfdZWN5jF6_2Z09zG4vo0C_FRXu0emHzO4TobGzPIdSfWeKCw2qRdSrc86OoB6YgAwQj2m7fOnw,BRONZE,IV,94,23,39,False,False,False,False
9sk37jY_KZwegARz6KoA3jaSskI65lIqY0cbaq2jkZuDr2ofdKjM8do2QQb0t5wdHBLhuh1Z0peSOg,BRONZE,IV,99,39,46,False,False,False,False
TSETNFOKMhG7F9SPlVG5DwXRInyX9Rd0RJ7skHTsQEpDmjBItDa2x7xDbRvbn8qb1ckvM3AE9r24mg,BRONZE,IV,88,12,13,False,False,False,False
YhuPdKhYQXubWd09HXYAzfmKb8FIymz6MtN_LDcBkX_mVIEBHMVjJYKG4hU2SR7zPjP0MCNPb4S4fA,BRONZE,IV,81,88,98,False,False,False,False
ToBgmKzIxCMPQXRsWjUEqrrIV6wr9SSlcNUEGqWRfig0G2-Wr8WVYWOC_2asj-p3VgUvJN7RUi8ptA,BRONZE,IV,60,4,3,False,False,False,False
YRGYG-sStAFP559v98Th8fqnDfuB2iVyjcyDGCj8Zz2AK4hWQpsTVI-8VgbxFXg9gOc5enG9u_4jbQ,BRONZE,IV,89,7,7,False,False,False,False
Qqa6OWbe50DkF_B0cktaOY4TsB2zZu0kZ0uX_JR80DT5pvXNaktZq-nfk07mtKEexOkHiWYwqs9ayw,BRONZE,IV,38,4,6,False,False,False,False
yuvhncXHUiXWs3_3ZhUzm59hZRqFEpEu_XgO5_vrCgFxi9PRiDq0BDK35CB0GZuqAWEEML7D1WKu4Q,BRONZE,IV,80,5,5,False,False,False,False
1mdDOKAKDrU9jXADXHUrY0pbxud5vrBQ5P1nObjUqadRp76S-FPs1s5dnNxTFqBcMJfYXQBHwacxLw,BRONZE,IV,0,3,7,False,False,False,False
ykfAGMwcKUg6uZ4hF8Pfjoeykx_ntVTbvVOEIvaOpBwz3eUPgIOvRxZaFxiYIj6vmyznLKGAEnCKLQ,BRONZE,IV,74,21,26,False,False,False,False
N-qh8SZNLGN3YO70gVKF-7FpNl6wmV0fPL-nm7zhAJ_IX5I_Wo5n-kSwd9-M78CB13oy0dI8O5o1wQ,BRONZE,IV,75,7,6,False,False,False,False
Gs_x13_QckfQn6Kf3OZj4Vm_lRbvd_U_Uq1k6h5UlZa-R9Qrp36U0LSYxQS9TxRLv6ULGvdJUzjFMA,BRONZE,IV,70,2,3,False,False,False,False
QXnASMJBoa7cefwdqlKH06uWhBrljm6lHl7GhvCOKx_0yW6DeEFl-nnbN_2DrRc4SB39JDfbPW4GJg,BRONZE,IV,75,2,10,False,False,False,False
7_U1ffReWOCrUtMviNqdBpGB0ddnWG8oYajhnh3i5izx5G_sjDvdlASjPZn7iiOH99K8xyIdgZWXPw,BRONZE,IV,93,14,24,False,False,False,False
azE_WqZqCENg9cl1p_q319YvUQTcwXXDEJaTDu3aJUnJHGsf0EBlQ93FuAB_6O0KUscq0o15Xn-HiQ,SILVER,I,47,42,48,False,False,False,False
Q6V4LfVN4PVE3N_gdZ5zIt7HCzSPMpAgZPa3i4MfR1xeKglLV3UQ9GTcByETDFaML2Hz5ABJnPVG1Q,SILVER,I,59,45,58,False,False,False,False
5v8lpV-Ds4lh42FJI-Of32ESoLh3NE-cSerj2TDUzm37rETGtG52F7EyS5dCS0QKxXXjgKmEK7UsiQ,SILVER,I,31,9,12,False,False,False,False
7nKlA1657UezheKnGAIE_Ao9MdvlMMruYqSgsqkWXu7ckWBMKd_DXfxV-0Xqk04fuZUir42bddhvFA,SILVER,I,0,0,5,False,False,False,False
pvVLqS5UpqDG_qD2I4W5-o_-_Ub1Zq28qyWYVCziN3FZ44Cg0mRcIxXb3hqb4gPRHERzN3ayTJ322g,SILVER,I,30,3,4,False,False,False,False
ICScpNwiCZuFgRy67UmlGt_m96sLife3kbkc2OqFtOGIm-yMJ5jqVPGmCf_p0_bnU86B1TEvcWS7pA,SILVER,I,35,3,4,False,False,False,False
76d28zGFMJUZZk92LL24ddCmnuWc9eLMoM6U-V9uOplu48FxHH6uH3eHoL1uevvqxN0q0sUo6ixahQ,SILVER,I,66,60,59,False,False,False,True
D6uVB9Ogo_Ozv38OVw3TJn_uxSGzOavX8KGxHnq_Es9FY_sdqqz-iqMO_KkDn6fp_Lzmr_UDlkUs2w,SILVER,I,19,20,20,False,False,False,False
JHRbPUVHxJ9j5F05yUdgpKH9pDVOckUfWEIVv9qYFso-lpTk0IrcOGrrVpyyMb6jeB_up5Udca0brA,SILVER,I,33,42,44,False,False,False,False
_9yCkfok6PXDXcpXiWqamRJosWQfiPoSIVVO3nyWvsL3-89Et6ISBa22RV7T7c1Q3vhcmjGRaIMczg,SILVER,I,31,5,9,False,False,False,False
vQwn2559ledkR1Q0lsNz_-3o0KdwK9pHsH6nhfNy4knrf1EFx5z2OU1oI4pb7ryfAn9PHvQb4UkMHw,SILVER,I,77,8,5,False,False,False,False
UTr6T0bTqSz8jubtI8OwDtse2s7kytSOrdH58JXM7RJvHsaiKUdMTEzXHvWUxLZvCUW9NPajKV5kYQ,SILVER,I,40,76,88,False,False,False,False
tg-hLfdEh9vZOaYX6OilmMCC7sszph9JXkPt5HVwDK2G-2Pq0220k7VYvxLXvHMqhn_rpRZr4Pi1nw,SILVER,I,25,68,82,False,False,False,False
eBQyAFH2T4_qSo6quyCUATXyikoNe2DzwsWGw-CC2RHM_MFBy38X_NEAoVjuZL2fyshvGn5yLmHPng,SILVER,I,31,20,15,False,False,False,False
pjZd5v2oxWfLHmWpaiMHI16JAtLo66dzqCU0IorVVPQdhxy2OqdAg426ZaWZ7jeGwGJFl4xYPrbIsw,SILVER,I,29,32,37,False,False,False,False
cxoLzyBVMIiyFJFXXYojCfBMwxZeGx-xmQ7MP3UZb9emu9wIZ5qfwy0FshCgwwhVd_4_t_5m6gw40w,SILVER,I,65,4,4,False,False,False,False
BxL4_xQO-g6K2V8iPmIV_KcNIJkdgqugI0z1tLsYKBjSZpUa-38KukLY3NYtqor2OENlUKRMQe8tTQ,SILVER,I,70,8,5,False,False,False,True
W3aFkjk_9LpWdYdbmZPJfEhJwUo-bi-oYeFRI6vCuC8BcheBi6NN8zbEKonFcvnhgukk6Ww6dI9q4A,SILVER,I,33,22,19,False,False,False,False
TJZwLF1tmjYBrRJqG8tKhI911UULbJ5ejAK6BB6kKm4HYGXfZ4Q2dpekzGRZFglv0oA9l7f6naBWog,SILVER,I,55,35,31,False,False,False,False
NQKvKrkQmceuD0iPNqfmhWIWLAQMGvHOkjoZCymV5s7M08njSAaEw5gZPV__HjCs7cyVPax3gWYIgg,SILVER,I,21,4,7,False,False,False,False
xOkx0rEHa4OaFcD-CW0Y2YQpQR383vUQX_Fg8-e9vLtFqBm9ZSbLtic1uJvXWai7KwWjK12CSPYLEQ,SILVER,I,40,101,99,False,False,False,False
hIC300xQCLWXm8ku1cBnlI4wlw7OrJlJchTa2dv0VhrM_WTx9doj2nOp-BbVYy-XDDsAiR_87xuF_Q,SILVER,I,53,7,11,False,False,False,False
Ad9IuImgJOHshq6qRe1RcmuhC6ZLsebtVIZKZAmjwcq1UWtXpRbPPmFaNF-saQQVviM85T3hjo2zmA,SILVER,I,44,30,23,False,False,False,False
US4gBZPx3_fhXVHaeGDBHcFEMUVSuaKrllxMHCEknudG9fe-Btpy9wo2GmuiQgXrJNc1bo4YCs9-ow,SILVER,I,54,12,13,False,False,False,False
L8odu8EhI8d2vyqeUMnZ-q8l_X-f3EaD34zEUSCIGG3mBGio7TzSacoBuaHKXGu_uVmMZawMmV1nyw,SILVER,I,14,49,45,False,False,False,True
4bwRub5XVLL8SfQmivHEs8lNHAAmpkAiPNPMUiPNRjisthvpQ2bA0ugaxoX999wflYQSFb4QxEaX0g,SILVER,I,66,43,50,False,False,False,False
yOA30UydcqsIJu-j04BGft0WsOwipwUhatCETdB2qz2S6xu6ARlyuZ4g2xg6YMzWG5Aj3um7L7f7wA,SILVER,I,56,20,24,False,False,False,True
K36tczqCncLgZE_bPZSAcl8V57ICbTE1cUNsb5w1vCnN9rzf5NNalgBhvWXyJnJCcjmbcfHukzCxHA,SILVER,I,20,9,13,False,False,False,False
Xp43Vj3SSCxMgce0Ybe_MILk0__vbPK1EC_yLyDIcOQtBPuO84L2LQLlPdMSqcSFbWNP2CAz3y8wzQ,SILVER,I,39,51,59,False,False,True,False
MrCx2QSNrazlDnbVYg8fOVSGFSfsRAFlJemtbq9vcXoO03KZloHMFo7N0uYjk4r_NJQzCrqf4NQO3A,SILVER,I,57,4,5,False,False,False,False
smxbkdAxABb1aUliqLAemy7R769M7Adn7fYHjCbHSBRejRknjHkC7Py-huLtQr8PB5nbRJKEXKw-uQ,SILVER,I,7,6,6,False,False,False,False
ro2jZMNtNMLD-xZNrjwYqJ5cUOllNqachF9qTUVpPzskWJB8f43MRn5lmvjq71vwaCXKS8s86zadlQ,SILVER,I,95,10,10,False,False,False,False
4IwSabpdCq-DLZxILDLuy_nvh5lBAEfx6SZFzYGn1tl-Jey5BU3wuqsJ4Jziw0lqAn01RrCSIN2yrw,SILVER,I,53,68,58,False,False,False,False
rm_vZ9G5l6EDZ3Qg6OW-WVyXK7ftr4VcRkRbs2K21aS1XcszCdnmxKaaS1DgVksGVpoLHz_dxMDvKA,SILVER,I,41,12,10,False,False,False,False
b2LcmtL51I2W6sTuQHWvCFK_3B8vrqNtffoVIM5o8dF2mDgrsrG-am3fJZrvyscebNsfLYreURo8PA,SILVER,I,34,19,21,False,False,False,False
6XzWnfZym213hqK50Du_KCz-FHNHFglSeD__edrsHdNeTAd0w9Lcj-quafEoJTlxu_y269_3xhO1Vw,SILVER,I,77,7,2,False,False,False,False
rn-anLHKWZyPsU69EtsR5C1Z5re8-syYzltEHsJaGhidM8A__xhx3s4oHDts-sGkZ8AGi69AQzUI2g,SILVER,I,43,129,138,False,False,False,False
DYkhw9islLA8RElgJ27BgaqkEJtvzPZX6LJ5P8oXsIDtuSGevIAqt51gKeGH3ZM0H8S1JqA23IOaBg,SILVER,I,55,6,8,False,False,False,False
j0YWkj4U-mlGyI8wuqHzDOPdg92CUctM3FcbnIqW4pgm8Sd91x7gRsvlL5YIWf1qtvip87odTxSBhw,SILVER,I,0,3,7,False,False,False,False
rchB1zduBBeJiSnM8hIZLcFtSozrzJmNwCGoy3VCNleRwF8LFrrjyaZ6cRpVRnZRSkv3wlhjLEn7eg,SILVER,I,23,379,396,False,False,True,False
_tODgUkNZBIQ4molaVEChjAL6IYG-vAXvkZ1Zpp1u9M9fCNyt8jMkYmjMj_jzGyXUPkDMeZ4gFtT3Q,SILVER,I,62,8,15,False,False,False,True
OQROE2PZcqg4TSgTB-Mc5QSiM_KObdHysjlpNPmBMSTeilPcrillHnK2DK1TXrHLSSyxlnyEgR-2lw,SILVER,I,91,18,13,False,False,False,False
K10seVQUCC7UN6IjeFgEAkXDvyj25QAlLBKKSbigeArW8LigzE6YB4EZWkDMGB-WQYE0r7d1_AoyuQ,SILVER,I,13,40,38,False,False,False,False
i10KLllq0BTPVdRn806TUmmLafbH94OChQj6D_wic-70Do-F4cCRm1FpPgo8lzuZ4L2miYyM4BY6gw,SILVER,I,45,4,4,False,False,False,False
Tp0o4-ZufTMQ17yThVeoQnxpZKA8-KpU23blaM3dofafeD7HR-KQ7Y9uOoVwyaKRP07v7jVwjxTMRQ,SILVER,I,70,9,11,False,False,False,False
UPNo6qBarDHajUJakNjHJ1cU3zjXV5lHAlT5Zj0Z4ZkYlpsULWjSDSFWkOw6wAc0MmxjI20oFC_HLQ,SILVER,I,56,24,25,False,False,False,False
wAFAzEK7eJ7kBL-ZA9hvs8a197jjKvWICHoELCsdVKAEGUxlC3l5n0BLBSm5OlJo2jSfUo-eCNEDxw,SILVER,I,28,49,57,False,False,True,False
NvHR1o93x9d3jhMfMbZ-axnBuinNxWwbPJnzZGV81v2QwfpL1AOCs7LthPAWXvKYa7WvrxE5MRfj0g,SILVER,I,38,316,321,False,False,True,False
S1nNgloDfPQkNOL7AEV6yHAKArxb9xdhEcc9HaD_0kVC2VNxBiQc-QeBqgPC8l9uufp5H4rEhU86IA,SILVER,I,5,6,6,False,False,False,False
Hdh8vpNncFpRqBTKzkpX0QOPUGbtHPYd6EDwwUJcRC5F6BsD6UX1LT8uKdTjJ-_7Jsesoztn_qyu5Q,SILVER,I,35,27,30,False,False,False,False
c-7RkHGPOi5F1X9ltAsnGg25fPp4_SZ9QGiM12Wr9eWVRsQ84Sy28QmOsBkyjMI0wRK02aWIDIv0ug,SILVER,I,0,2,4,False,False,False,False
BTuQ_t3KVY475UW3Qz8sFz2Qu658sgjZEQ6s-8tK5SxfjCqpDsGuUvZYsHUdjDDuvjw9PEj_ZAwYVA,SILVER,I,74,83,87,False,False,False,True
YFM18DmcGCx6cL6IIxh1-GSaZiTPhyWvpHdfhNAUxZjrIv4W0lTo__KydW-OX4GgRr2IHaHu4bHU9g,SILVER,I,71,45,50,False,False,False,False
rDdOMisb9zagUrAh_3G42jjtDV0sDwbhqC2tqCMlwI5r9ulS1yej34cjE3FItabtSIqXrEglWM05oQ,SILVER,I,93,121,126,False,False,True,False
DW6bBMP_Y1dr36Q0iKZuhbp2I09kLpzWPtR12qlvBKRLvCr4PQkKaMURSIb7aOJHd7-k1YNDkWXt_w,SILVER,I,72,164,160,False,False,False,False
nsJK7wkTZmGsH5zMbqRIGcEpKI825P_W_w8HVyBMcLkuFKMTeMlzSjw7pdvPhcHQ9fx1XoG6dc4ksQ,SILVER,I,15,4,9,False,False,False,False
qlRf08sb5_6WyEC_Z7rHMHDQHKBXyTbOSpTdcOYP-ApEwYOLk-n3IXHddNGWbtQWiIFZXac1OrGVHA,SILVER,I,61,87,94,False,False,False,False
Hkv-_O6e1eNW4CMuunBv64J5XRWDcDDtjESPqXiKJd_FeoU9cho4qHLl32IupU7HBYpd4upBqq337w,SILVER,I,55,3,2,False,False,False,False
HolmNGCZnXX3NhCKWD_tWKXj86Xuu5LMQt7KakSJxrkuWnYZkTjguKsrMCTrlp-FX1HsPzTMamyheA,SILVER,I,57,16,25,False,False,False,False
gdozSnPGsfWvoHJ3fGGxRgkHVglJWA-9PCFzUjdV3ecmC812yKrIbSvlwyNKwx3XhAdZagNjGVxzTg,SILVER,I,50,8,7,False,False,False,False
wyndg9ISE1uI_KbphHtX7tu8Ma0fQ6Ia_PFFcq95PIvDAaE4gWHqiwO7LzGwiymWQkcl9sGcWJxldA,SILVER,I,10,2,3,False,False,False,False
xR0jXpIucC0cQwM2ABwvo28jHr6zTN9qf95-f779N6abXicnIgwuIY9rjEDXTgHdW9JAzt-D4YG22w,SILVER,I,26,12,19,False,False,False,False
VHhIANr5MiFwrxwtbIC9zNly3VZkn6lQQGQsffwVPXAshewD3uMPTXF8mSnX9-UR7yzhhco4lIbBNg,SILVER,I,5,16,17,False,False,False,False
EVBgewo9mKBLMq6BKK4LFm5PuMghHeamCVa4mor01mnMEH26kFISXXmV7FrcDLuwM64nVMiN8MsAcA,SILVER,I,44,30,33,False,False,False,False
QUusAk2wXh8wEEhO4KuIWlKG4J0CbQXsXRVtCIEzDt97GIAroWO-fA0fY9v4YHe9HEYQ_pswWW4PBw,SILVER,I,28,13,20,False,False,False,False
5yIbpBSUEthFfZs7T86JtcJgmzjQKx_m8OkWQkjSj7Nsme7shT5RO_ICimoAqT9qTC2uwZ6J33k3dA,SILVER,I,65,7,3,False,False,False,False
CvbkZuqI-ZCI2sLDSknKfh10Gp1VeWNOMl3hbWruxTJefAXe_CxDShRLsoMKj9lYDPubp5gy47pyVw,SILVER,I,17,44,56,False,False,False,False
F_BHSzp8YjAJ8B73e88bQsJ5ztletDmEWInEvVm9qFfudeWQQ3I9qS-nrb8Yq4MJwETf4McwM0B4qA,SILVER,I,20,3,5,False,False,False,False
gbZl1g1-qyrP30EBRw7QuS771vLA828zpD4PDpSJPSCqOPrHUoDG8sl10qybqIM1_aWa7KuMc0c6DQ,SILVER,I,62,27,21,False,False,False,False
As_A47fmYbtddmsp39_FIvFUEnQ372DQ_yOnlJohzIsOHNto-5n-4HJzkk65D9pvjXixUNnbmHRsKg,SILVER,I,5,29,31,False,False,False,True
40Hob8zeqK5p1cjz6eWBBQYmRqQ20IhpitdApqNKTQ9sp1Mutkfj9DXzpGarUCmA_VomifTJWK3PFA,SILVER,I,96,50,40,False,False,False,False
E7CmhPIcfEfWe3vojLqdychwl_UDoyWmeY5_ZOqFYjUoR29PXAWIZHQNNYdMXQ3lrJ4qymajaMZ9MA,SILVER,I,13,26,36,False,False,False,False
vyaJgBUdCn_t_yeCjX8PFjP36ctGb7Mxzz5cnFpGFAY5wtcrDbrK7P9DeWT25z_6lb7zuaFDHd8-cw,SILVER,I,75,21,21,False,False,False,False
tlXKu0RtyzTEQDvF3sha0YR_GlNTlpSd3kGc5xM5F3WfRFOBWo_e3jsW_BgstnnWIuAbuQdeWxvIFA,SILVER,I,25,6,4,False,False,False,False
eXBBogQc_aHDg0XP1ipJpw3wLQoWCyv9AnPMVl7nCPdY6z2sZrggTMk1DLyuh2d_GOkDYQ275LRsZQ,SILVER,I,85,14,12,False,False,False,False
QpQHmLRcuGZRWL8CfBlx54FDzZN1LzfzqHJxGUsWvPct9lusp2-PNvznqbgEx3K-tq1YQuO46DkfNA,SILVER,I,21,511,521,False,False,False,False
tvm_HD6b_XSNz-GR8OvIg4SupW51CWnVgLGsMk8jYvFcIUPwy0pLIMRLZ5wfqwLxL9ZWRKlWuFOmpw,SILVER,I,5,53,62,False,False,False,False
UcWLqQP7So6E_A2R-VzrVdAZxD4gKa_Qi-zSTDihMpfpMOtKop3VIcbaOGQRG_vEUgGWRRDeiBVOBw,SILVER,I,16,560,551,False,False,False,False
VXFtUb3Srll9r7x5F5K0ivOa9Oz5JBeSVqlsHttqewMh7EAl3Yk7GxumgIWbhRv3afLA5kY_VKtaCA,SILVER,I,30,3,4,False,False,False,False
oOSJ6lLawTwcVorraaSaO05yUE7GwWzPH4KIJqx1o3h7D5aFG-64L6EzZjJLHa8HhV8knq037ii1cg,SILVER,I,70,5,5,False,False,False,False
n_SbwNx9VtjVKJk7J50qvuqr9kTOEGJ0lsj7R6_1OteIp4kM30QSbjdVi2YOrDYBioo9TZdpjiSc9g,SILVER,I,82,4,1,False,False,False,False
vX8zyesc8R-Obyh3lxWhedCItvARzb_Q8ad2kc003TiYpL9VC7GcMJZWSvgwvNv_OEpdQP_qBa7F8Q,SILVER,I,87,16,17,False,False,False,False
IL8zK4KsHThBmwCFkOBYATIcRMF9ZUVf269zanOeBc5w54RSiG8-a_75_ZzxMl1Jwuoufm_PEWVMhQ,SILVER,I,43,9,14,False,False,False,False
H_fyTYcvQvh_HyjK2OEkQSZM6J-yaXzMR1qG7qrM9hTcmppyr6PL3deUV5m3alIOy34FF-33K47YzQ,SILVER,I,43,34,32,False,False,False,False
PoHzc7yOEIFoN2yGV6E84oCDqJ2SKYshfRsenT_Wa5hrks0qdX2wsWw02-SXs_X6vR9feMhbP1C1yw,SILVER,I,22,18,10,False,False,False,False
qgdJ5xjcGN66MPnmt6asHH_3XBjLrXeswI5IPK1tAYgETwBAyKy78KgL-ATZdhkGXcgF88YP8z06AQ,SILVER,I,27,93,94,False,False,False,True
OBZw0nokOsod0WdyjSWlfT5QTLimk4DZmVG7YomacfA4BsXmVXepsx_DIWIYNucHVBCF1JVRAB1s_Q,SILVER,I,21,19,14,False,False,False,False
Bl2fUqw1TegOBioY7OIqOxi8vELro3k3m4XLQlM8FwENYA5QFxu-dc1iraB_Q6T6yQvUnevFRsB6ew,SILVER,I,17,5,2,False,False,False,False
yWF9pWySRV0F0T6cA2BxEmu1e6Od8mm3NsOPeSbkJGib2RyZAzDQfCQAlfoFVBz8OfN2A177Yunbxw,SILVER,I,50,8,7,False,False,False,False
bFLWriVXjGA5y0jc4prtGViLEyFUte582VM8YDnqGTRgHmM6tYrbS_Yd1cEKckpJpHXht8939Jncmw,SILVER,I,5,7,10,False,False,False,False
G5gXBKEip3jH08sJaSGvcOB2A8E06zeQpiDmJLYK58f-Zv0uKqO7wx3IJSMpjkMN0nXD0Og-VQdTkA,SILVER,I,79,24,18,False,False,False,False
DlFXz_vNJcrqkJojS3TNg2_qGxQqdfkhciaeOEcLDqxBfdiwbX-M5zVvbtrHQJGHAdSRaInYL0NGFQ,SILVER,I,36,52,54,False,False,False,True
RRSoKPtiIfn4ujRKz1C2yBsGBFvZAJh3CDlmfrR-DdBP0Sld44aaLaMrpw2sGv76a1_M5oA3SZYAAw,SILVER,I,62,9,10,False,False,False,False
h-32HnLPtznUBqjdKTErvP80jFN3Mllxa4WFRnhiyb8PSXVdBp8mkgSkKyYLhqawSpD_dE3Tx-wb1w,SILVER,I,43,14,14,False,False,False,False
Pg5_5U7sSygrb3Qgi06J2tWpp4HVnwmxYVgXaACOi7WAFM94xawkXihdpNPG5QIJ3NAy8MfvMEVZgw,SILVER,I,60,4,4,False,False,False,False
o1iINf1oDr5bZGr2j_NoViiC3o3cvIP-wXN2HVtdMUn0fMcZYs3GVsZ_KSkRHEnxqzE1CzmRBhaPTA,SILVER,I,50,12,10,False,False,False,False
oyO12-hdrHyy58RxZt8REMVV4JSKLociyA5wEm_isAqLhK5P2fyqaopqSgzWeVNd2LX0aeH1Jd1YXw,SILVER,I,75,53,44,False,False,True,False
Qh9kE3gXhA4bOcb-LZ1-EGhzWqrnTfaybkvuiVcgS38FuLVD2GfT0YEMWXRTcgMHP8_l3dQ37AELZg,SILVER,I,25,6,4,False,False,False,False
Oh8B7X5nc-atHWllsLX-gWL0ft7SoXVP1Z-h6QZclSViQQkXyFfn0mYfCe9MnmPxZRlsSxe-8pQDxQ,SILVER,I,6,246,252,False,False,False,False
N77PR_w5QbHRHZaBt6olRVUv7Gxmi1ulo4yzC2W_BiJIMQ7Agrt5l-J-okZJNDJ0qR9YLUei1MA6mQ,SILVER,I,22,27,45,False,False,False,False
uiq6k86UZzv7JKh7CZu_nZ4MmayqClOigrQ87Sn0LMTUPVmAqZX8R457eSPMqdRVghq9PkVyuWpOrQ,SILVER,I,60,7,4,False,False,False,False
MC6I0H8CbMKEpbzuo2bGC_TCBb8kKTcrfS7J5ckMaItxm1_He7-gIB9xMtXfY1MxvqrGsun29wUj_g,SILVER,I,60,130,148,False,False,False,False
vDy5cLP3TABrpv3WUeCdX0LzVeq06zqRwLu0MbPtO832JFcRNZVdWz0o30ohgwsyBXBVCbdQBMFBbg,SILVER,I,68,13,12,False,False,False,False
BKOEWtskLzASmYiVMWpXyTbQ7LwALQI_ikRaNdo8WXJwpRqGcHgBVnp8-8-WKthGVkbaAqBTI3I57Q,SILVER,I,32,185,188,False,False,False,False
RhvUXXH1VfbJbg08oAoYpEBxKKQdMIT5JBzQ-5O-VKDA1LLEztU6q1k8mFFbglUf94vbYzPs77E1cw,SILVER,I,7,8,2,False,False,False,False
geNJE-ginEqb3cQckRYA6OU2euft8_szZ12nTrY_VIBXYjiW90rWWVuytt21MaWFhGaBundhmo0aeg,SILVER,I,7,5,2,False,False,False,True
-w5adpg8tFtGPbALvEQ_nKS-bRcn_bc5io6Ompl-ZlfDLYtKUvCZbMJH9dwhVB4mPyIx7t2nPjnVZg,SILVER,I,71,57,65,False,False,False,True
KclauR_HLq92d8WtVOG4rs3WPyMiZXZuaMPAvj9m3YieX1AnkKiuKIJeflVKVXk5hLYgs-D5YMXOBw,SILVER,I,8,17,25,False,False,False,False
AbTEee6Dc1cJJ40roVV8xMRMs9-jvz5mMgSBuBik2rIuPvqyFcB49Qli-gkEngR1pfPfRMqIl8QZMw,SILVER,I,37,11,8,False,False,False,False
-UMS8H7YNewTnHmu5OxGw2VpzXndqzEVmK_HQ3gzQJsE-bDqivvt63v_ESfCmU7O3vrkVggfdr_BFw,SILVER,I,35,10,5,False,False,False,False
TKQoAHF98EkE6vjzpXzN0Bxyvd2VxumZ0fHu9gcPRQDCcefZmSDtzX1_PbGxduuVm7H2tj_Wz0cOig,SILVER,I,41,8,9,False,False,False,False
9pZd4zG3avnGicEoFQ34xCQQ49QBGG1FTiKVsJXDTVIVowFrY-2NJBk77bT0kQ25Go0pin-HRvqj9w,SILVER,I,67,10,3,False,False,False,True
ID_mwpgi4dnNrSSRe4MnZ7xNaqwEKRu4aj2V7JS6ZL0GbGTJ3IiF6oCoH99o-GP3o_zI3AAsh1Ewxg,SILVER,I,1,10,5,False,False,False,True
Olbj6mnZb2dX___Ve5u_WRMngz3FXD5I1HBp0Fg_VRHzYKvFTLvqV6srn42AWGCNAHPPJFc7zC7Tyg,SILVER,I,76,33,30,False,False,False,True
MmNXnY6Dg68_Qw-UhcTaQauQgADGLrnjxxhMxvLCfg_XHrWOKj0swLrywNAC8tJnM3EBZMUOuu7uYQ,SILVER,I,20,3,5,False,False,False,False
cMt6pi0XwXmg0ASK44osB181uiEseoQfpoAcJ6aq_tHqos8XqOC_mc4yB-cl5yZECAfZMdYQh3jjXg,SILVER,I,66,11,15,False,False,False,False
j9XJBnenD2mlBzPsMBdDBgZqL7h0jwgQASZFG0130iJbw-g6PhjqgtFEiV0ku7sIbBWkGSjksXxdyA,SILVER,I,25,144,171,False,False,False,False
6wTq77QNFD3mkuuxKDh-PrGSvdpV5jUw7f_bKNOzItCznL4h90n5wLbckCoyCEuGu-mif0TUasGApw,SILVER,I,26,31,44,False,False,False,False
XE19Q5hOZYoieccByamov3wMLP7h9zYxtTg2wSgVgixy5Dl_JsxzH9qwaiwPvRH1Z-pt5vZyWupQlA,SILVER,I,0,6,6,False,False,False,False
55x64lL76GGJ3nBZhXpO2ze0NsYalya6dnc0Rn6rF8KbWlcFQNcoW7GSLb-Ad1NL4MbaLPiVt6FX8w,SILVER,I,4,24,28,False,False,False,False
e6piEYuQOKygdMqdWpqnhMBTf7FE7HKHBy0ufcyq8vbR8NCjNohI-tns55PAeONaCACvHx2_8YtPSQ,SILVER,I,7,7,2,False,False,False,False
gI14os9D2bqA713oqn9bAFLuSRzzRmPlbuU0Rh2Px68Xgspbf2k7eUC61sXwMIome25YXKJ5F-D-LQ,SILVER,I,5,94,90,False,False,False,True
6zE0VelJt9dvpGFQJtgrsEBr0piw9lazIHgOjGUw188SmPNzuJ-b8jtusW-JQRP0Y4crXBqlcR9lfQ,SILVER,I,2,22,20,False,False,False,True
2JFOSmIGe13DrH4ii0uu9MUBMaWBSJ52ex8KE07k6IBcuHYjQOMJrEeIWsE-nUW3oyC4Gt8A11l5gQ,SILVER,I,7,18,20,False,False,False,False
D1ijEZG2L4w6dWy1OMt03jpbQjGCPlsatgIIwuuQ7qwxKRFRe5PwADBEs_XRn6WQLQzy5ZagU-1ckQ,SILVER,I,5,17,9,False,False,False,False
bYz01g_XyXmSgETrK2uMyped0dQQSjDN0uBj2SudTh9eGY7-MaAFXwaxXz4T8JeBBM0oigBgnR4mPg,SILVER,I,22,13,6,False,False,False,False
OvrsZWCULTUoy8mlBd_ecod6wrwMqJQ-j-RqHztXoPQlg7iVTgSL7y25CAe_yiqqxHRf0Ku-NCKpBg,SILVER,I,21,49,62,False,False,False,False
d2D3qNLEUW-4glcCeWLfKSVDi2BDX6-LJ3jqpDs9IAqEDHxhZEVOG24rnQHHg99P70iaaQ8eXW2aFg,SILVER,I,43,47,57,False,False,True,False
goln6IcaykQOx13LsrxMsnx_4s7WcHQn0HReEmeCw6A-WJZv_wpvsfFn34PPZ5yu4O1m2qpU7QBljg,SILVER,I,87,88,105,False,False,True,False
qbWI94JqcnsQXNhZLT9NZv29FUxksnqIdJOitUsOSNMlvBEQkHP0s8RUR8DXba3tD1zaj4SEWs2ZrA,SILVER,I,87,116,122,False,False,True,False
f_E4KcrY1c9M_OvILXo5Ah86iRHdgip73Ng4VvIe6S4G7pX-1jwfBSg3gpwMfIygdY1qn89B7FqHWg,SILVER,I,51,52,48,False,False,False,False
SwDO-CTbuQthi2nV5QMesCYxmQaHv7SJaFefHHVrvNSgmavQCXycv6rmOI4PxEIAi6SBL9KX5UwZvw,SILVER,I,20,8,10,False,False,False,False
KH86FQvV_WGWlF5OPMy60G5b2fAoI6kE5-kQCYyOvsJmGk0v3XMfF1FX_qx7Fqg3Mr9qi0ZRXiYGIA,SILVER,I,27,52,74,False,False,False,False
K-PsOPE6wE5I_EFAG2f7d20U6FnErmDXA7UuxaVMJ69b7qNTy2z2Qa62OBEA4C1pV_L4PGNAJxT4oA,SILVER,I,50,319,329,False,False,True,False
vROHZuVyGr_O7TaHpxwSuAnGOkOSsPL3aHWz-3vE7aiXLPbRLWRfhyUmJVJ3Q5pYOpy_pxJ8s9SYjg,SILVER,I,21,20,17,False,False,False,False
CgqhFxNWd6r_Quxxn2qtRCX4cu9tXbEENnDZXe4JgeYY_dg7kOy5Hf7CrsGgfRLYySwsWyNXiKQs0w,SILVER,I,75,9,8,False,False,False,False
cNsOJzLbmUczUTbJNbKnBLZWhO2_pvjXp5CO3gXPapK8inmSCp1nAGv-Q_RLGnXhL-z4GP4z2zIo8A,SILVER,I,8,37,42,False,False,False,False
UOmnlQAppd_djFZLFMK8vYzQscsr4-3rXxyH06Ga5pRwtk_M5_Dpn9n5qT-GnX3l-31qsNjCHQcmzQ,SILVER,I,55,25,26,False,False,False,False
BT_wARZoqxb8PbHUpz17-Or4ubsedJ19EpZdPIut__L-8wPChEl58D49VUK4WjEocSMujLdH7CxzHw,SILVER,I,83,81,89,False,False,False,True
zaA31_4GVx0qIgjZsSJEeaG7g1LcHNwkBxmTB6tdIXqy1Z1klkZ11yMe7WHpT5-g-37seqnP_Ty_ww,SILVER,I,40,4,6,False,False,False,False
kBK00EZ_M6Uz9U7NjTBesy6rmmElp1bZWaiO5FYc4AwjA1C97lboOwPc80J5TIDfSAxL7mIL0J8rCg,SILVER,I,33,52,46,False,False,False,False
x7agcUizo22oXsN3m66-WVkDFis60134Y9HVaCObGi2SpRmRNgLwC8Mo2lJkcrImEXtDHC12Sy-01Q,SILVER,I,65,8,8,False,False,False,False
TB0WfY2F1wd7hPzCshXF3v8bYe4zQVOQ-2QcxjFol2m4qNYySpH9EIEDpn750Jqb_HEX3IasuClrEA,SILVER,I,15,13,6,False,False,False,True
4WUZEH098xmeigM15rIvSu5UoAz1UBZqDpvPkHIASAQH0dJv0a2ViOSunLbv8J8EkBN_kPsJDedMyg,SILVER,I,3,68,86,False,False,False,False
QThN1cO4apYnDNY1E2iGn8D_60pkY9lg4jfkR-iIcqk-2-MOEw-oIk2j9Y2UUo4pQ-Eov-5JDyqaCA,SILVER,I,2,73,81,False,False,False,False
NaYTBzveqbLB69_y2inhrlh8STMvRcV3cR6luygdO4k-_j1OfD9ygfdGmI71tNnS9PjOdWvuAaZi7A,SILVER,I,40,2,9,False,False,False,False
vEOw0uegX_V2SGg8_XcHI8P2m6V1IFBOTc9uBGcHsPg8FbFYYsYfc5VRIYJ5YZOraKRtIXQax5P_bg,SILVER,I,51,5,8,False,False,False,False
2E8KrLQ7uchfNIIraRB8V7C4fjDboIG3kU45TmLK06vA8AVPummndzClgVT1v1ZbgcpLAmfxmy2GNA,SILVER,I,21,92,104,False,False,False,False
T9QF29U70DG861-5u4K5fkzEjIuyXj8xLicdYyKfvlS6OGsVVBSEvsQrtSxdGS15yR4MXopLgBemoQ,SILVER,I,58,24,19,False,False,False,False
aBAuH26u0IGhu0m2QwgyGA6sr4p5S0PP8N6qtj_1AidkdF0G_akfDPHCArdEjxIMvM9b7hgcMlvrcA,SILVER,I,50,102,92,False,False,False,False
bmoYhwlzDvHLJplloTTuM-0JhGdzo_6_0zQUqkrkNExthmEXtRs1k4P5i_87eIOVjMoypfbhIFLHNg,SILVER,I,18,159,169,False,False,False,False
LI_DyaRrepD7WUhj4E9uilyBG173dmLb0kgVcxLV562gXsDF8jAcNqLL8_4rTUjVkPF81hgSpn4lkw,SILVER,I,91,176,176,False,False,False,True
JWXHAjg4ebCE0L_hjHtsEbRsuYLejnEyzaA1p7F_xm78vXBdS_yIHYl6pcQaNr9I_4HYyOPnGoe-0g,SILVER,I,32,104,109,False,False,False,False
gY6YUzi2b4fgKB9uL2xcvb_tGi3Z2YQ9HTO5vjHvR53IzzeWYfhHIAg6-jHuwsdNoc-PoAS_oVphvA,SILVER,I,30,3,5,False,False,False,False
bKrMYry71UKOY_2qiqjc7Ldvxfx4BVpQh8j2ZXNl_pVRo4eyr3Yon-x-t_OLVM3HX3DKtOQgzMxg3Q,SILVER,I,81,16,18,False,False,False,False
RqkeXpMl2pMk7Az2_zbwegNo1dkBDO5MU-Crwyf8F8mrNCz_x7TwsbAvWsxvDaUoGLcwXqmugjSqlQ,SILVER,I,41,323,322,False,False,True,False
4D6G00MjAvPPb3FceH9MWEJKC2ZinNbE6zMvFRq0HSi7aYaB_NO5ZfSfU7W8eQ-kBz9XIUh0tG62jQ,SILVER,I,35,2,7,False,False,False,False
daJBqk7wbp1w1pe-JuZRsA6EyDDPaetpa2XCHskjOa03q451D7hE6nO9BrJocXwekn84p48Su8XaBw,SILVER,I,32,13,4,False,False,False,True
nkb5svhTm1XykRLRJ1B8X4q5a4zHCQo_l8e6zp-VbGt0kGIAMqFVOw4LBFPVOgAAFwR6qgOMxi1Xww,SILVER,I,47,10,4,False,False,False,False
buWd_O3m7CTqCn_fHurBcHvb1XqrLP0eU_XkivRqy4cTE3S0wVdxKT_ABEOuWGacYGC76jMK8eeoaA,SILVER,I,29,19,12,False,False,False,True
Y7S2HPPlM_QkWRvcul9ZrzfxQZl4MF8J2rN1OqyXeFtB09VeufZd_-QLcGbM2nubymPtgrgSdokp3w,SILVER,I,13,67,81,False,False,False,False
LSYzf4FbEbfmilFKLYQKyiHx_kcQaIk3l6gsqwuMlgXwLfgr4nfWv05481dfajsBr1kmLCmvmEMr1g,SILVER,I,4,149,144,False,False,False,False
iR24UGN0tB7GHw_T_3BedqGT92DW-z_e0ZV3rn2CbK-hfwzNtjKdK5uTGWeC3rHQHkrdrOvBxc7YVg,SILVER,I,50,4,5,False,False,False,False
cDOrilyuDvDBeXYHzPixOAQRa2nCIRMQwHwrwhuZkvQ5qkXa7dFtfRY_fzNAEccKOhx6cQ0tw4ZWnw,SILVER,I,25,62,58,False,False,False,False
IeEz-5LQLDg7mHQx-X5qMJyZYz6eKWi5tDHjgPS3gxN4JFB_IbC3YDpLzUR9Lzp3-nib77aOgP95rA,SILVER,I,25,23,21,False,False,False,True
xmYWnYKssOvgOkuyuIeuboCyGhmHgg4Bywd61IgUYTaHkT81JBnyDEk6HCzC2s_kFI1oyYM-v7pScQ,SILVER,I,18,15,19,False,False,False,False
SqWWgLDJsGvesNDYDl5gq879JI_O9HOSJXKnfA_-g24Iu8ENy8vvsy1s5wYRXY0tI0hH5htjebg_2A,SILVER,I,85,4,2,False,False,False,True
XvENu907W3NtoUua_Ig6hPkytghJLN921vVSy8Epu87_zW6iWWDmsQvBhJB3Kqvy8XhZNVtbdtszXQ,SILVER,I,24,30,41,False,False,False,False
rwvt2d3x0R0mK4-fFkUfy93ofUdi-Ry3uANvitdZKJ_hXq8ZOfwfkn-sAhRLOSMikoT1OVDf0cBROg,SILVER,I,39,270,284,False,False,True,False
oH6vMLGrO15YQQ9YYuPPhJIevSmEMNg4YTF0XxLXxUi8LzxzNx_Q3pJdX3XAqvnaFze38XGqsL2FAg,SILVER,I,93,100,92,False,False,False,False
HlnaXGIPSPzSybFwE84nEf_HD8tL4c5qd0ZUQjyexQNPDYqeJi8QIRSrcuHcP1O2VHYGz-ZaXQd35A,SILVER,I,26,118,123,False,False,False,True
GBZ_72eg6bngNZwQ23hXpF60-O8WuQ70_FSk39fNxkD1hmzP7I_uCAh6qu8xsbmvw2uoTiA5XbtjIA,SILVER,I,58,20,12,False,False,False,False
DBqOtAoCyL-NJgor9dyJ2eYFhT0gIQ1_6LQ-cNBvnrsMmiGk7hYGMqBdC8bQ9FmGNbRP8zrOlvjZCQ,SILVER,I,21,284,301,False,False,True,False
unc1j23h8uqyooQuAb1K0hGJbQ0qs6ty6szJabuAIeZw9HcAhj-S0G5RFFxy8Pgl5X1w4C9HUpx9IQ,SILVER,I,63,70,66,False,False,False,False
1RpNHtGUW63c-opKrzY7Us5zu-iz15cqXZUvnsKIK5XBDGAMsk3AIiukTjaCPZ9524hqfyVHtLeWAg,SILVER,I,21,839,839,False,False,False,False
Qgp5y2P_noiOw3LmhBQU-Gv9onr6plUbWbDBmN4xZIB6Uu94A98R8tOc324ok-Ae1NM1_kw9b5SYYg,SILVER,I,57,4,4,False,False,False,False
cKCacKiqqkbyr4BqU-mw_85Cxb1w0Wj-6FzO8JnW2-WUBcskpNG2NzJ7hQRZ4WIFpqufmeXtQNwUWA,SILVER,I,78,147,150,False,False,False,False
QqkltYmDvX9TSYEx8nRoD_Fgf7yTCJUGrL1zH-v1XduHhX6ei7vszSgUqSGJAfOAUT9ZOBJE4CnElQ,SILVER,I,5,5,3,False,False,False,False
uhKZ5yNs6kowxkAoQu2TP0l0RB0pOalYY0HG7hDHEa_ZyQlP1jCN2QOd5zYkzCHxDn6xW8zP8gV9Mg,SILVER,I,21,233,231,False,False,False,False
TlIoBx3nU21zDf-8sh2IrKycGShRdssblQcH25HWQ6GqPR5-pPbelBinWR4_CE3b7yO4H5XUrUjU6Q,SILVER,I,10,23,28,False,False,False,False
V2i7OJUr2KR_extr8LjkImsSPth3w8yRuuvKY0DgGPLoXaBYcnKLvAE9utEc6Lt2TQbEqJsKs9BJGA,SILVER,I,30,2,10,False,False,False,False
12izGS2Fp_5Nha2HjA5AKclBTNF_EkvqN3xc5pnAftDjl7JdavXK3fkeJEBUUD7tDOt_kOszczf5Aw,SILVER,I,70,2,6,False,False,False,False
PrrzyH-mQahVYkAeIKazaGZUW2LvJlzUXUm8sa2UgWC5jtcV0ZCx4wCVcjIo5xK0QmFZjA6zbyuKzQ,SILVER,I,1,8,11,False,False,False,False
jk9ix8ii-Z8vE4DJvjf1hBuo7XuW0VoHin8p6A7pOcM-NnpVvP9gjCCMeyLBSTqz6cUq5APNG9NNAQ,SILVER,I,44,11,16,False,False,False,False
QQmNCylwZUOkt0pFTvqrPhkt7jrZ9Ojdpu-ORObLGpuYzBuVsxi-XXB5lL6zQq6BBT00b6AvJuUSvA,SILVER,I,12,10,15,False,False,False,True
MjzdkC5Tk89lKUXFdZS9SubsuSM_QZuPDf0170y53hO9WQdRwm0dTHFRht2b7gz6Nu_7AZNiQYeZlQ,SILVER,I,45,4,6,False,False,False,False
e-2mFq1LH1ac9nHEBvk9_EixHHu8Ym3g5xUwD1-e1RMs-mHf4n74KAX5hJn4NiyZoaz9zdpIhPuPFg,SILVER,I,11,67,66,False,False,False,False
cRBHocTM_TQ7tQ7dRbqh_NWDnMYSFt9NgFbT-x7jSLy4f_iYGoE1Ruc9O2HMANcNdxNnPTbgN63i3w,SILVER,I,49,6,11,False,False,False,False
NTDFMSSxGab8PVneg5wYC1GxOMp_3cZgitt2BVKuBa4rN3VYMQ4OtXQ6LPnOqXJmbUzAoD0J45OKvw,SILVER,I,50,1,4,False,False,False,False
jJfTz12ER675hFl0_H4MOYZzOsm4lQ94CzMWUWyGQ1t7FoElxm8tywFAgot9Z8PPAWLzSTB2iV-02g,SILVER,I,46,28,16,False,False,False,False
6RzrR3McUpXi22hJN78XADZ8K5GjUYfc-XLnYNeAWrIDUhid4VEQdkGxbfA6gwhQ5ZeE_49QHEqOug,SILVER,I,47,6,2,False,False,False,False
KTOXUkay7UrG4HXJyxa-GWA9GKZUpNOOUvjE1my728m1WRe_T8Ay2BHoXwA7Md73ohzQ2EUnn49PbQ,SILVER,I,2,62,73,False,False,False,False
Zw9HyikHlcY5fzzCBUaeyR-QtgAkiypVEHPabUqobtUTmbdv4THMj_KPdYqdmXGX6YX_DX6Qwco--Q,SILVER,I,31,70,70,False,False,False,False
aX1egkKYWnFOw1zaJUuzCZvPfXjXwjA0RV-xC3ilQAv54eIFSBFQGSz5KUAJX_6EfIuR7iTR-MnKog,SILVER,I,38,11,24,False,False,False,False
LT5bJ5zsU6UFvFV-GQeIBbH6lP9XDeatOtCps957sCxRIHjsjtuwJ00zN11iMA33e1m8rfpe6Fl1Lw,SILVER,I,71,88,99,False,False,False,True
xdarjTyGf2eqX-IcfIBWzRy30T2Pm2fCjk4XtO43N4taBTPNs8F9BcsvoRwj_bs8uX7FWzuamcEIaQ,SILVER,I,55,2,7,False,False,False,False
1_MK-2euBCydSqEhyz4thiF7HNEXZ5aykRZOPcwXbn-1wpgKe8YB9MsZI9cVOLXOEOcaRKvRR2BHfQ,SILVER,I,38,56,72,False,False,False,False
baG3rogQm9gqValDMPgpcn-4y7yajezjLq2fQTshf4El-qd-015y4TRUHgIj44ffFjFLprFA5E9wVQ,SILVER,I,11,42,44,False,False,False,False
zTH_4J-c4WOArs_3goSo2XBUjGLpuhZyOOt_gCzJJveUUIo4_QQoqrR6Ke9oLDoz09o061aPvxn_Yg,SILVER,I,37,20,8,False,False,False,False
k3CLCB5FzPSIDYRbk3ZVivg3AKrzclvK6srstXj26XHVhPOun3KFF1xLBWFCnk1ARsJ40v-smWkYng,SILVER,I,0,2,4,False,False,False,False
lKL2yLzN211Wtc89IlMq-UFQgNN89i4CGEjEJV6aGRc43od0qy3VLl83rvLcPaqT56QkXxwuKsCmDQ,SILVER,I,22,8,9,False,False,False,False
fJywPTihAUnA_3wM_1K9qNmg79_BuMqRHJqs97gEz7Kgz3BwCwkPcbWB2gKHGklmxX12neHpqdz8Tg,SILVER,I,68,15,15,False,False,False,False
dHEKVZQOkv7cXvUNtA8ZCpPuej3WVhgqkG5Q7YyWkxX5aA8N0KZh6-FAWdRy91GEFCD8449DmIkVZQ,SILVER,I,21,4,7,False,False,False,False
W_0mbFrZj59Su8gWYrBnPlLbMiqpLib87UwDqgUID0wqQ-Kvz3IOKk29imTdTS7T67SfuHHXNd9UuQ,SILVER,I,30,20,22,False,False,False,False
nu7OQ3_aAwK1FHkjqVOdrlq0386M0gRZzWvwEUqpIcOgMM55--83SVvA8RbjFsG_N9nn6cwPAB1A5g,SILVER,I,26,17,22,False,False,False,False
OsRGXiIAktb1xiNiLGMnQhO5A-Lmp8QoM3fGX3PO4jhdpSNJUmRTzFTYnsRNY1dHUe-zRjqcD5V7dA,SILVER,II,75,4,3,False,False,False,False
59xp1dBUxOkWIYAMCpfV82M7XQ0WhXCeNfcDFakkXL1kDyvxAcamd7Kz5JLpTzz9AHuVRdQkA2ZrIw,SILVER,II,16,8,18,False,False,False,False
EGNytlqswrpbtwbYdNVkBxFEPD8OAUjGW2NCHN66ufIieNidWVm1n1xm-qw8HfA3VG3FQb-Mqz0GAQ,SILVER,II,95,8,3,False,False,False,False
YSpczAgzLxlFU3SnXsGdUIjEZXx_V9zLkH6VsTC_rToQuyuqgxU4WDp7s0I0vwHswE9ipdoYELwI2A,SILVER,II,32,36,28,False,False,False,False
cpHKy-ChBq08nN7DVoq0V1eL_hEvqE2QHj80SOZDZHlolxBPo-zOUV-cITB5zvSOLAlE-TrHCquJ8A,SILVER,II,64,233,240,False,False,False,False
7DUIX0btsR-HzifNdvGgX0YnOEXFyX7ygy1KYyKq6a6wVEacobMCQmjA5Eq1rR1jWmyW3jExvhYdOg,SILVER,II,1,46,58,False,False,False,False
UNIF84usMVkAAMXgyMynrnfMuOe1UMitLp9vAlCPiYulvjuzwJTwCa7QDlKYf4qEKi0dszqhWZeiaA,SILVER,II,61,5,6,False,False,False,True
7-gWSl0E8QBG40Kj1BKWHt5qRpuBhUA_E0a6h5hkI0xs6nwmzoD51qg2Ta6afBoHBABWxy1tGWRsHA,SILVER,II,77,14,15,False,False,False,False
Lf14couYthACdFw889D2rIVz7DBcGydY1xBC8OOqXj0_wwXh21NPFGZiVRWw_SArvSfia4AsMypAtA,SILVER,II,29,89,93,False,False,False,False
WvYCMcnBTavdL_A6w8AVUNT_IQC0GnhWIqyhhivp-s1vi8X31-pdU849b1XgVFyOIHR48Hkz3kki7g,SILVER,II,9,30,43,False,False,False,False
rjlEebW3MKRVORYdbJ5riefFUPYOrq8H1c_pnUJ93zAyitL667xPwCVd59p74zUJ1Bvc1bCI8HcY8g,SILVER,II,15,10,14,False,False,False,False
OdHEOeO_Mdw3RgqEhVEw9yklslQ2SAPID2JrKnz3lYIA3goutxbQR0uklH0NuFy-jMu2ZeqSkpx0kg,SILVER,II,85,10,10,False,False,False,False
1-lIiB7BRNFckBgt_LSyOQ4GxiwUnsgYKyHWmBv0eDLcbH2JsZeZIvll1YlfInWiODZc-sRKKODnTw,SILVER,II,35,4,7,False,False,False,False
3vCHgZBq3mzO5FsfaubwLEIDDiwwJ4ktiRQCQQKJ7lVe2JtRCaVarrJQf-hCXVrjyxZfpVhiIuCQMA,SILVER,II,77,137,126,False,False,False,False
tmZFLtZTYF46OqWXGVqSFZ4b2Wt9BZZXQ27-xYNLRQm83ZcdT_9Fgq_10D32x_TZ321_Vi_Wk20lUw,SILVER,II,57,9,1,False,False,False,False
ksBDy9f2wdv4MpjcVerJaakpGxPdhfr2FCrRNwvayiNpSqQoeZvpdLK2JjDOirImd6Uol3zAlNbEFw,SILVER,II,22,77,70,False,False,False,False
pW1xASFPNxeFzbctJqVg9HOzg28vFPanYWtsVtJO8Dhv2k1srIKUE-vpd9l9TP4BpROkXfDZP-EM7g,SILVER,II,30,2,8,False,False,False,False
392NicbhPfs3PpHWs9S2vgGjjy59X1Cv1De8SpreYFIeSFh2sEo2nlELRMv57kvHyrYzRSwVOX1tLQ,SILVER,II,64,19,11,False,False,False,False
H29N0fdhLlV_ow1dWBWbt2j0qAY70jcDMozhM8fP1Hm7Jz2ORWIvttKHkyPy1trp__KLg-PyPhdXvg,SILVER,II,98,21,36,False,False,False,False
AccXoOfko7hvS4Z167NzTaVBDBu8vpF3XtwcFVW2SKk1HhNaVPQjVfdyuS4wW9YCG0TK05-QhAHs1w,SILVER,II,65,4,4,False,False,False,False
3W6jCAKVxAPxIdfMdFHVcZBIANYhcdMikLzqxnUXT_BLTZf1zj6muuV9K_ikOBQC9zW_mictogkaTQ,SILVER,II,97,37,33,False,False,False,False
Bwe5IBFPkArj-UMG-fWzj0YLMKMlBTGSN-X3PjaQfWpQ5BAMoQVyFqDxXmjrrIfVOKBYdNqiIEIURw,SILVER,II,80,65,65,False,False,False,False
Iu74I8WrDh1CnIfd04yY-64Z_FxKCtPCu9QgSEbiHtq9cxarvBjN6_7P_lc3QRV-zR1by-2WeSIEPQ,SILVER,II,50,116,140,False,False,False,False
qJzD6pKD7MANvUPTp5x77xkD9_fvQ81hvg365bj2OTU847AIj7xPkJCA9ne4AnI08Jn5Aq4GzoFO6w,SILVER,II,30,4,7,False,False,False,False
_hhqoS9LCj2dZG-rUlwipBlPEhqCZk4QhWjK3XJIRuni84-h-EtJ0EttpoCJYbhMV_D8oBZiZyILdA,SILVER,II,98,191,195,False,False,False,False
aXz6c9dT8RFrGqdreOt27geszQA4Z4_0-Ep_H-id1Lym_T420XtlvCb1VMV9KUxXrnKF6904XrPi8w,SILVER,II,65,16,26,False,False,False,False
TTJVQVmfz9P9iCU0VbdA8HGIzTe9vkQi4lWAxvfGKErmQQySJIeV7rRsZ--psayhPVOoa59eqjr2wA,SILVER,II,77,112,104,False,False,False,False
5vM79cb2BC-v9NtUq0noIXhUz-MZSa3SwJiFiTJjOjXrx0GeODkHCXAp5bIIyfbpyKh7FHSfpm9cyA,SILVER,II,77,22,19,False,False,False,True
W4q02VWoEZIbVpox5qakhSoVWb2RX6QY8j2pTQT4Dxfy74KPIdNb3YHC7OLB7n-6ZkDAz90vMUE6ww,SILVER,II,10,1,9,False,False,False,False
Xqfw1NyepZCnHZ6RtG_V_6hwgv70DiR1Yz5bsy05a64ffGfIEL7YffWuJtUVrLbqMkyiIkBNmwhjGw,SILVER,II,97,4,1,False,False,False,False
5DehLc9eraH9setPgC1rIAB79y0vaF8PBiNB-yZcF0l1IIya41El5Ni2NL6GbvGFcxX8SLGLeLvHJQ,SILVER,II,44,40,55,False,False,False,False
I5eJAHm6to_63uTvV5DxsaOGgb7Dd1EP3Nys51cCaHefzApXz3CQWNof_gDah0VTMAkbC4_qwHs3HQ,SILVER,II,27,14,6,False,False,False,False
JH7UCsMjBEGe592LQgr72EPNcCibWENFoGNPK7eYTnbvs-OfEk-dNZdTIZww-WKyI-T1onQml8XzRA,SILVER,II,97,4,2,False,False,False,False
9hN8_5_1ICyhGfFR4vwU30g-Z_iuvYQlQE6do70O3h3kTvLWN44gGZnb5aydYY1FT3M_5zYgq94W-w,SILVER,II,68,75,74,False,False,False,False
IxgWhpLtM9_CyaSIVoPEAIpTbiXoVbL6Xhysubs-_A0xDQnvrIbLKBKe5GJmoUtyQgtGHJANezXrLQ,SILVER,II,86,249,253,False,False,False,False
OJTqfW7cF5rzpqdGQ907qCPzCtZMaJNhoD_ulxgrO-L525r3AoKfWRD_0l8QnfclZNM-E9RF_M2NXQ,SILVER,II,52,5,11,False,False,False,False
401goKWKoAHOvB1OX1BDCsHgvE0rVgI64lJT8j9AWrEc-Zapv4UGpIogORPGFwPuA6zET_ZdCMhu1g,SILVER,II,80,6,8,False,False,False,False
busRDEG_kxqp0ryF1TTKTPg7BGFeT_mMZcIeFd5cmxQjjIQHqDViDEapjos_51BfKqHmQ_xL4PKULw,SILVER,II,77,8,6,False,False,False,False
e4bfWE6G0BW6hwtI40j_SIEVEaOAB2FRvAf4dH5k7gvte25FrKsSLchfz8aePDJL5wcf3_ZNxYIbpQ,SILVER,II,70,57,58,False,False,False,False
NycPPk3mTEtHz44JvzTTikOQTkFPsMQHMbXro9dxz7cD2NV7rPqP3eQbwQcerbgHU6uwXp0pu4ZSpw,SILVER,II,11,193,203,False,False,False,False
pDF_pUdSgzW_XClVrSu8na1XFrRu_pATWX4b8UXiXHuJGJAH0hXGwAaS4Ogo9pXdUxPJNN2Qw-ONww,SILVER,II,50,1,5,False,False,False,False
96VPDmNJHPYmGdXxMZ5h2oS-nqek6eFz-6aFf0-AVGEiMM8E--smY7JB2TZlV86r0gQslY235is2NA,SILVER,II,10,173,176,False,False,False,False
Clx4sQLufMHY7NavPFwVFPZeNWO53E5NAHcUUPpzAzs9QmE5k5OrKRNWZWOVLsIUxERtmZQ0IZMH_g,SILVER,II,30,87,95,False,False,False,False
wip9EJEUo0lSV9kUOrmGTa4KKxRqMG62JAx0y_hoTVkh9aDKGp7l_hS8CSaYfJniAmVe26DOgVUvzQ,SILVER,II,20,372,368,False,False,False,False
vVO3ERv0ePG9bWGrjFZ5PVpXoVyORJ5E-A7mQGajsV4Rm03vxWRVculOjXBxY6OWTxtbbA4ktvtlHQ,SILVER,II,32,3,13,False,False,False,False
_lOYJcJabubyRlIqhCruT5Ns_j5TgM2AVmQDgnZiqmGDI1GYbxJOa61NjmqjytOxEnnmkwt3ib5yIg,SILVER,II,90,4,12,False,False,False,False
ozCKUas71t63XQrEkSm-Z2U4DKFFdMo0x0NIdvMfdufu0ENqLiMmgf5O2c3_dUaYWz1UJlc2hPbLSQ,SILVER,II,83,111,115,False,False,False,False
GUCAatONzmUjvwRZ4Mft7jgbLFTjiM1D1JNSknd9wtzaCd2fKTyO-Dm0PobhpSsaIG-jDnxkWjTmHQ,SILVER,II,85,19,16,False,False,False,False
xX3AK4YMKSd5pjS-mUbpbxc93Lq9jFySaOods6qLPEIYbyGihQ1thOCgY-U0bruWvU-Lx2lzGYuJqg,SILVER,II,10,12,13,False,False,False,False
VZTExc7-5UAeiuSA0CVv6NF6uM5WblaDDSYV5fwEBEHCdYDB2CjOLCTv_KmdjB4lY8kDIqP8ddgS7A,SILVER,II,25,129,144,False,False,False,False
mv1OzwQx9GtKm6BxtAR_h6wXwsd6cjrvIzJK-ZQqSHmthzJdfAv_hsTCo8SK7RK5PkAdr8Zc8lj0Lg,SILVER,II,0,2,4,False,False,False,False
nXk7GOjxPw1jUSaVOzw-fzJWSL6ZFz7iAculdtbyWkCBcXkjifLooVgxB3MXRe92wWaKaEdLlL60Hg,SILVER,II,77,4,3,False,False,False,False
hDw43rKwxCkLQxlaKGA7DxsNDAa9HwFT8MhIQBL3e7PQ5VdixCGidJmFfm7bG6Q-6JaGXmkSztzFVw,SILVER,II,18,15,18,False,False,False,False
WFzWnDbshcLalwB60aiyzrXtqoWe2T0LVZGhw85t_E-MTP7JWo42ZOqf5idfGdZVZQ3N6y-uIlFv1w,SILVER,II,80,0,7,False,False,False,False
z_Qw4VHjcwfq_AE7ygcYjvDZvaWlWtZK3BOC0ForUAXbP14Hy6eNa2BbvvX2tZV9BmOw-fz3QaTfeg,SILVER,II,15,4,8,False,False,False,False
Z_ee8gf8KW099RRxibrqM7Yal8NS6UwFahWKz7ilk5ROOoJb0JUCgYXwj3XuMA1GVmZwmxznEyj8bw,SILVER,II,32,30,41,False,False,False,False
xvu6bk-TrL81jbaCqGpF43YnGbqbM9urCA8dGDn89lqugck-haIfnrJfg7ocoxZug624SaFQCh_-cg,SILVER,II,40,1,4,False,False,False,False
BEqPtBnBD5dqOlG_rkIQ_Eg8hrPAAEcdM0yfPs_uTCaK-aUHXcZZKj6c2e3VBHz1g2pavXeKB80mAw,SILVER,II,56,115,135,False,False,False,False
C0LZb34IPLTASOfgSjP450-GVmWFqbVVjpe2dO9Np_TbYlBrhQkwLVT71zKPDfbCaiIm5Q5dv5fMbw,SILVER,II,18,14,25,False,False,False,False
lYxHV82LI_2iWC8nLX8D2IX0oMUMmqwb0uN89njHwr7HLyn68sTFDXi7yl9Y_Ak61mycJVbNLgaGEQ,SILVER,II,27,10,15,False,False,False,False
sj80rSHGUtqtiQl-ChVsexwXb2IUemqRU8KXaC8AelVwKclGAcoIlNURBl8j9HTKkAZxQKLXuZcY4w,SILVER,II,27,25,30,False,False,False,False
HEcjw94boUrqjBUKwp7x6_rdGV6GSP70h5YpDRYbB4G4j2Z8X6pAFHDFOM_NDPvHypVj_5sZoKThFQ,SILVER,II,90,23,23,False,False,False,False
msAeP9H8N7Oze4RF0Se6iqSugC7vN6o3IZc1dENwps_EeUipsEOxD5Ic5FrM3wtl3WAmdmG9BVnmHA,SILVER,II,30,1,7,False,False,False,False
73NvKWRP_VDsbj2QmJfKpt3YotgWNinyUkI1UusFHotcttBeomNNf8IMrolxrLjt25P0R0ohNVCdMw,SILVER,II,71,5,5,False,False,False,False
L4zvCA5RDCF2GICg7HWkqmiEg2974dgw0Rmos2ktB1Yzj-y3Ag_aCr5_UVD81ybYieLCtPPdFGvAjw,SILVER,II,4,7,9,False,False,False,False
fOWRgt9dzVwiPbCtl5xyVG4im7CJbASAvxBst5xx21Zn0_u5it1adsnVP83MSY9Z92v7bybAMJVDLg,SILVER,II,40,7,5,False,False,False,False
paG3rEy1uX0do7xwT5iGLNk0fYj0w_w8azNNrz1OiMJv24SlxEiK7DeIBTkrRR209vEuH4_M3Lkquw,SILVER,II,55,3,2,False,False,False,False
fvWlTiH3ONVrHrpEvnDY3jl59u9CtS9KssOsvDeik9wE8UpReyUf_RRiHUz_VMFNAMy4nF0HIXK73w,SILVER,II,61,54,52,False,False,False,False
8JHBjhPBE6L0qVFgTvxIN2WeKL5mr1RqYhvsd-cNa5kHFK9HxL82-1ux60MWKKANOvTK0rQGdyueRQ,SILVER,II,50,1,5,False,False,False,False
oCynVVr9N-1S-_cQlbSgnKDvh_QzHPjcJy6T7VRoW1oS_oSZHs4IHoq91fYZC6QviRy-_q7FIRqz0A,SILVER,II,21,6,4,False,False,False,False
yfiBHl9G_26fJwFu24sz8QGjphIIBR5Fygc-yaJEBW-N6EbNoxhh0KTN-iLxjlqhnGiO1OTtvdKA4A,SILVER,II,25,9,12,False,False,False,False
WnK1_9qD0LBiBtKvnIDhDi0Zh9cnJBce9w9oMDnwTnRXON29kNpeWrG_dJi8oIfvnwXkbGL2uBnYaA,SILVER,II,5,20,20,False,False,False,True
xEgjyWB40Vet7Y9yMet8MKIAgz4lavDQzzIyCvADvyirejrh3CNIzJINStsP_bGTWbPcmeQGH3YcWQ,SILVER,II,15,11,9,False,False,False,False
06G2H_r-zuLna_2qemgnPq6hgnUR0ZB1i-UohOymZr5lvRTZr2Z8c6dM2vaXeLY5UrMw9P__T7c3gg,SILVER,II,70,3,14,False,False,False,False
tC1Wp2sn-VQ2iAE8ertB4HaXXdsc6M0BY7kQoAAOGMPw_FWHdZgQ5WQjwaFAey8EQWAVVZ9lzCO-Pg,SILVER,II,82,146,160,False,False,True,False
W50iXqwVwcvXq17pfhBJf0dTo-9xcw0ezsDyMfP9Zh5BPsHivev0ML12OvvCm5SZVjiY4jRAQH3cCg,SILVER,II,90,45,47,False,False,False,False
8si79UqKa-L9YWXQ4lcZxEL_yJJnEcu5codVeL-gz55sj5MyFtbm1YPcpJyMHCFOIOnd4YYBgLAMMg,SILVER,II,22,186,204,False,False,False,False
M7OrMw4oJAUOCY-S00orRQTgoOELrBYR5LAawy8qhmiQZCP7crlojcP93orDALBdcSWfqaz08DHzXg,SILVER,II,6,15,27,False,False,False,False
JtRU1nsNonRv4Z5N5U6GDc0oN9v7HMook11eVaElgV75OVpGPtvxSOnWlTW3lAXzRYx4FWjNMOP_Yg,SILVER,II,75,4,3,False,False,False,False
xlRJUTkAxsTw2PK57OftFBJ2Z8uCsvH2S1eVuUg44NM2s6iKcXlZ6omENXpuCVIaP4Ba81sAmGQa4w,SILVER,II,49,43,55,False,False,False,True
7CGaNyZGIvB8o8Va8kUz3eaVZqOrAEaz7Pdn5XvtbvgLvvsiCeBjIeSPxxbsKjva2Hb-RuIUoUMLjw,SILVER,II,44,13,18,False,False,False,False
Yol_6NKo1M9XBYNTm7PPB-hTFoeaaQrV21hEYxYG2RTWREcO4Ry_RqlDiTjX9oN95h76rdmRI-0Q2g,SILVER,II,9,62,63,False,False,False,False
hsZf2COlaW1lVq1K5Geis_8OAow3Kh3UbFz9Th0TGfSQ0NNi-6RjBtLFZUGE6dSqEhMV5i4TWYULig,SILVER,II,61,256,264,False,False,False,False
7MVR1leSurXdjNmSD_HOuVKO_H8tYiX_3nJzIXGIrHlL9q3jkCT6qfn2R6ZE77mykQBQjvV3b6slcA,SILVER,II,50,3,2,False,False,False,True
lAPuF-wT5OZOICqgIW2GBM4IKfIWaynxoq7V-yvzyNytFUbJxXF_pfTFRhPwM6B8kcp_PJUqIWl9TQ,SILVER,II,59,26,25,False,False,False,False
SKXLLqMZy04oi64UBanzJQsFgmZteQGP3YnfzskFdRWKmDVmAd_DIAzkfx-P40inOzAxM_U_DAM4WA,SILVER,II,55,3,2,False,False,False,False
BuoWxhkAbVpmQL_Q1mcvhvJMeqNk_jDF_8pL3Himlp52RJQZtj26EzyupeeG46j6GIKPu-_Fo8Zm4w,SILVER,II,14,16,21,False,False,False,False
jUwa8k61vXtaO48zFsHHIBEkFwHxJShVGfQr2Pb3xgDqk0A7F4UzCZbi0MCTxVOgchk2i5Jr8RTyaQ,SILVER,II,85,15,7,False,False,False,True
PY0kBlIX65Z4oSgn6eEcY8IYFC6DOZ2Yd1fSQdOA8fVZMBwBwUi2SjkpTQqIpYH2UTVVac_N1jCJmQ,SILVER,II,75,4,3,False,False,False,False
bZ252Z4qAOI6PNXCTEGznt9k1mvkav_MS7vR-PXGOYruW2JyWV8_90Qrvyjn85Bd-17Mh858Tu1pZw,SILVER,II,77,57,58,False,False,False,False
FtlWUiTV1HoAjbtY8_rIgMLPTAs8DhCurdOorZVAFYfjHLLOCgqnFdGuGkMqXhYgwr1DQsqGyxUXkQ,SILVER,II,35,5,9,False,False,False,False
JtWSVi4-yRzUEw6OCzZ_J5zNl9rjSHDp2Aul7IcIqH98YmP3ksf0vh6UqAnRTRqycrTNmCOafeFxZw,SILVER,II,2,97,103,False,False,False,False
cYGwNAXMTCqg4UK69nzPwPlfrOOAOq-zEH80vxGFBVtxZiQyJxjPFgwxt9v4cgNq1jVPKNKHXBC3Sw,SILVER,II,10,2,3,False,False,False,False
Ao7964pqq2mAEZCspkD6j_5F9tf-oPy-JZZqIfgpcHE_Lh85ZypCKcRll0PaEjeuPYvGO6qNMv1fzg,SILVER,II,19,45,46,False,False,False,False
E9zKMigDCysjJNzDoA3JZ4oiM9Fa9ii4xJMsEoX_B3ryTZYYF-mTEjX6zHg0mcOWF_ZOccevaUDr_A,SILVER,II,4,136,146,False,False,False,False
yJzSFI39rIJ05dsvxx5rP7jD7fqqh4zM-Pv1dvSFa9haV9GXIDAG3dg4KdOle4J17KBZBYToWDU1rQ,SILVER,II,95,8,3,False,False,False,False
IU6wy3beyT9mZC5XKU7_DzycPNC9MEIF0aPfA3MLgZAfq3dzSmCsWs9hgyK6gOZ8Z7FxuwuXFJrYIw,SILVER,II,26,5,4,False,False,False,False
uF18CdNY929NrDNelo1VVwQyA0Styv1F5P9U_7VWdG1idkA1LjjONoXNB0gmjhKuesZQrGoKwywmgg,SILVER,II,27,14,27,False,False,False,False
YKpTNuI3zf84ceBy3ibAHTQKjjebmBwfIF52SKnwnmxT-t32VmEsxUdwrV2J0AX3o8yKwJoJ8qHmaQ,SILVER,II,71,14,14,False,False,False,False
AgZCO5t_ZhVCreaRlPv3rLutVC_WpFDLiIHdh7NFx2Sxb83mzWOtf6rxUgxtlI9RMPFYvRVjp-tONw,SILVER,II,72,35,38,False,False,False,False
xElaQxMyV3Z_qqXef6GtwIYco4vkU5mvy7BGsKRA0YnKBQ8wHot_bdj5zhuO4V4A1g309umlkQvphQ,SILVER,II,60,2,8,False,False,False,False
XQH_9XE5Ae8000TF0Nc6Yf1p5aatUDDWj6EiuI61Ti8OxDvsgG_vA3OPxBUEMa1OA68fxa_DxF7-Sw,SILVER,II,51,135,130,False,False,False,False
x16C-KomP8CMZWeQrjN5H8WQQcaXSjr9zGslhl3WqTNRFWaN4pL-LKrNmEGSTzS2xeHjXkFgWYWtLQ,SILVER,II,91,57,60,False,False,False,False
vx2SDxbxBd3IXaoFdI6dLLchA2XeKPj5yGdcXbEjOj56II4Tpv0PkU7U-pXCg03xJpyenBhORZAf9w,SILVER,II,21,6,4,False,False,False,False
NLB6stKzNeGdscfdwXp-Jt-TNUZ40_UGORiPbSlx4eZ-E4nIPIe9kYB_16KIUEujh7RiDMJvaPdIFA,SILVER,II,31,6,13,False,False,False,False
TcN7vb-zj5nd3ZifQZZ1xkF52Nx5_gtZ-nWFmAsRKxETclMgKaECOK3_bE8u_LCQv8I7CzGI-PLzgA,SILVER,II,5,145,169,False,False,False,False
wdt-7fCAM1JDReJhihBqU46G79qDpVBPSbKheO2agW4W9XCHiNBAMibfM0pqq8j8M7B13XOh54md6g,SILVER,II,5,236,242,False,False,False,False
X6HgDIUzKt8DTz7Tb7PtD21lwpGNkzqpveYBUTTspWNTdK-di68CvD8rxpHfdqSGgxb0p1Xz21hi_Q,SILVER,II,82,31,41,False,False,False,False
01e3V04eylGi8kf0McxG1PLAMfM9fKg8WN39WZthyOoipGuaiRr51MfdxLe-myPVeRblSWTwB-GNxw,SILVER,II,92,9,10,False,False,False,False
HIKlTY4_3is59ImjDK2puKQG8VYVXuRNapZgQfUfs5809O6pqTu2fNSvH1XhtrCMp7UeRjR0eOB-Qg,SILVER,II,14,22,20,False,False,False,False
Py4aWOsZWrrpZcxpFDVHELSghA1K1t9Qj0QVB45MAUSfhdoaZIS1By7MZRAr-w8kAbXkct9Gr0cmjg,SILVER,II,5,66,78,False,False,False,False
n8_2Lircu5Z8qd91Ivlv4vbZGqwnVeM92pEyPpAWY0I_JTFGqWNnOfQ0fAUiFLDwgvVGaKirIMluyA,SILVER,II,25,135,128,False,False,False,False
gOK-ZNcleZYD07Tp-FUcOt7GhbrZU30vdPyey_fy44e_lT_jbsrY0z3d5S0tf8GljjMHu96Nz2WsIg,SILVER,II,35,8,8,False,False,False,False
2H56PVO4PvqYjRHCyJ-9uNXYAlzh-hx92H_TIwYMquR4GhmK4IZ4IBvQx1WYXjagHo5dX4b5Ty1JkQ,SILVER,II,35,7,7,False,False,False,True
Mv2AWCw1JeFtdgM07w1aC39jSzTgHerkin-YPZo1h0PJMZIAO1Vd329M91demdI2SJj9PEoSMw_mRw,SILVER,II,12,5,2,False,False,False,False
WBzndSaP4Iu2Fv5qU0jvroKKfXeHc4VDwpr5_8Q9NLPClWxZMa0ZWnLG6LXpr4GXAVq8wvtJuAabLg,SILVER,II,67,13,11,False,False,False,False
bi-xuUrZlhndEGD7CBElbm73alWFV-GkkKs5bqJcTpPoTy8Wm8-fTM_HAt1wvM-4wC4VldG_qjnf2A,SILVER,II,28,4,6,False,False,False,False
vmSmbRu7jVVb9nfKhZcQz8CvsxSec4tF7OOBRsDIn-xJvUucfj9V_DYlEYB8Q-Lbj2jQxt0yLQUVcQ,SILVER,II,80,5,5,False,False,False,False
L7_QEQdSnlWs7Ndo2qKDFQ3VUTc5-PlpFQgFPdJt2t1IUx7kYpHxO_RA0uBppU_QctaYpErrplfavA,SILVER,II,75,12,8,False,False,False,True
q2AjuEZN6mnJ9GyC5wmFZECaPd-t0Is7oQkPJ7syLW_p1dGlyp39p86YDE5VGPahpyvoWhtm_QjOSQ,SILVER,II,21,8,9,False,False,False,False
CBG0s6Kn9mzYzyQRoG4st8nxPvZfgwgarctvmtDbR54-6DgG8iM2nVJVvJBMLjJo5aHXpjcErXOmIQ,SILVER,II,57,7,4,False,False,False,True
MZBPnS12NyPYPfGp_FBwsI7YBU8ptAuJzIIX-IxAxDKWq-z5fmvoKJRkn9AJumr_zUVvsnuEKkrHAg,SILVER,II,85,38,47,False,False,False,False
eulzWtD1TdlSr6RJ3ejEu8eQTC9GRXSUKJFFeYv8WWtUsctSGC4BaGwg4t_qRaH3MOtklzvM0kPCJQ,SILVER,II,77,27,35,False,False,False,False
Rjje-AXf1ZD6fyZKhyBGqyRlJem1bUIYeG7FFIStMzfe6zFFJ_1qmr6DWQZahflTdGZzJ3S6_TiYxA,SILVER,II,18,101,116,False,False,False,False
BFL2Njje-j6h7v0mZnKakyGqRpCKVHI6DHZu6y9HvaQ99B1PNn3BCAnyaWlxGx36r-OiNSDuPImT5w,SILVER,II,48,16,16,False,False,False,False
O5ncQ1RZgrWNAIZ_Mcyfk2qGgR5ue-U7TF42fFo-kiHmo7XeNeMLO86pwtHm2LPRa6qRy2nJ_VvU4Q,SILVER,II,16,6,15,False,False,False,False
eVAykR77I4dT1h7E5UhE56xtFlcNbWWyWq-Iq-_LPeidHfT1W37ymBk-njNh3QD5wUMAqEmRlGP2Gw,SILVER,II,74,12,16,False,False,False,False
KlqVi-VpcoAd9-6-9uIkZcGZxdtI-Vkl3wWmBukv0OYgwBQOnnj0N-XRaryZY2GjN0PU7fN38HwpIg,SILVER,II,15,7,9,False,False,False,False
ueCLkB-bT8as1ww0CWardzq6b4_Lpy3UlnZJwOE8AYxBPkyDoB4hV_ncNc0bKyd3sFjOlRTa5uixmg,SILVER,II,24,34,32,False,False,False,False
B3hZCoAylo1iV7RQRot6I79fH9pS7VdlcdnooFf4Ik0yzyVs1mKm-Kk2xd4ZLHHRy345YvtKCWVNiA,SILVER,II,57,49,49,False,False,False,False
jdSqkcQX6-diKZBlMfhnfaD3lnhWgcLiKhB79p34wpiKPp5MqIgkKV3B_2F5NcxhLLnDWw6F8mLEdg,SILVER,II,37,6,3,False,False,False,False
r_U3XmVT4t9I9pg2u8f0atvnmmDyvI8CfIh-8u5e3dBuHul-4H2KbfgOQ7PIVSh1T5etatdET92HkQ,SILVER,II,60,1,4,False,False,False,False
v5gdjVm1yaWz5g2SKPkJhU3YKNzssGVIKk9ZE3mmOwMIDM3oV1xp6y-LBXhfl6s5U8glU2uxENXxEg,SILVER,II,85,5,4,False,False,False,False
Ph17lhz4qXiQrT2sAW1ThA8cl6PVk96-4iS4HYku8FFTfo1nczdbLA2N2TSCjNlAVGDwHQhaKqNM5Q,SILVER,II,62,87,92,False,False,False,False
uAwZaUj6tFOw1PM-_7blMS_dUJpIRhNXRXEjWhHVuBhNqqXnUuZjHWMOSqRQxI07_gxw-1DMkUhgcg,SILVER,II,21,28,28,False,False,False,False
iWOvXzYIHsKphuVbdYYM2qupsXS_0tLItXCBiIStnG-9uy6kdUuOB1RzLEPCxmrbbXaxIE3S3bdLGw,SILVER,II,27,5,1,False,False,False,True
PhqwPZGP0y3mIK402EG0ow4vgo6bUYpGT8FzlbVxf5SOWH3_u6If4ee3r0sberv9ftqB6HKtr4sikA,SILVER,II,13,27,20,False,False,False,False
Ve4Ebjm_mvTZtb_IhUccWHqce0v5wgpRIhWkTFs4Mqd2lRGiE30dUTJIVPOQyIXXQ6vVHWqCm4vGMw,SILVER,II,61,26,27,False,False,False,True
1Qj8ZxSAk9r72ynHnXqsD1PO_LrQ0_oPcqZGUl-z_DMwEad1blAKxgd9C9BOEpTurkLra7y7iXP2gw,SILVER,II,54,11,9,False,False,False,False
chkSbGFDuQ0MpM7t6JW-9p6bKwpiqOLRcgIsmdCSFgXZ67ux6jOVpohHrENq05MZVd2tthg6jrj6og,SILVER,II,74,153,147,False,False,False,False
YYxSRMJQLWBv0Dg_8PiP44P0_e5SrDEjDU2uJuuDbeumGg3-lUM8F1rtl_oTUzAbNMmPlblrSIEU3Q,SILVER,II,34,61,69,False,False,False,False
Zk13PIslphzPBXlG_13mvY8HX0kLClGKS0Z3EQ-7JexWDh3tPLZGY3cXgG8PNULp5IpO2OUB0MNabw,SILVER,II,27,21,20,False,False,False,True
T4bB6wmC104A19-KdN1xTCTDBqsPseYPNKNVyudo9-FeWXU-P6gdHO6RVyum-ZLDpVmdIE3arfKNqg,SILVER,II,48,14,26,False,False,False,False
sdYwndEcXxnRkr9yqf8742glQPNnrhj4DUfkE4iwIWO7A-Y4fyKONY2aHOAGFt1ljs_UGHGF9t8BiA,SILVER,II,32,6,13,False,False,False,False
X19PdyXz6zFqFq1CFPGyDfqdMKEc_dzhgzWz7eIQ1ikONpce5HnWasGZ_G2iukDEgof4701EpettVw,SILVER,II,22,15,27,False,False,False,False
Va6Z1EepyToKHWdSYOKaakeR1H3Um2IkDIWsHxHtEVRyhnHeKUhVmms_t0KwjxkJVYBOEAU7mSbQ6g,SILVER,II,66,109,107,False,False,False,False
Lf63ISuzzx5drY5jlCIlvicCiAS9e9MGE288tnJvSqO7A5Kb5xpwrsfanh5qTh4xHgUmSf8x-JD9jw,SILVER,II,20,8,13,False,False,False,False
NX-Pa6TwMnoyM6jpU1oCyZSr29Lf1M05s7Xg8GMmIw17WtaJRu1hueOmOXXHAf24JOnU9oJPBRfp0g,SILVER,II,0,3,6,False,False,False,False
moA-4x9tahT1NEKUc_lDDiOBv-DXYv6Qv9KltlL13xKmtisYcrS9_R2K6bhx2EknKW8Gi-287Up4lA,SILVER,II,29,193,188,False,False,False,False
ZumY7HMl0w8gHhT2-f-Gqel3i0KVARiUsvqhkRJxViel2exdr-VDeoRJ2yaeitLhSwlQwh__89BATA,SILVER,II,71,45,32,False,False,False,False
LEm8kRKGf-r6a_ZgZ4rXBzn5f52Xq0x0OFnlB57RQG2YqdS3_fS9TOGycVc0YE3I89CaMA3JdtZajw,SILVER,II,5,13,7,False,False,False,False
9zkXY2dp2jXzB-pn_ZRjfALiqGw-vxFHg-eaxlEY1Bdgypenv46mX5tPLinIS9PSOaJkeZNwkTd6UA,SILVER,II,29,18,17,False,False,False,True
rcuAaxO44tqntmNqu0olt_tbDM51XvrmharKA5nswwFDuhV0NKGkgUjexhStas8YJhIKx9pz7fAvMw,SILVER,II,82,15,5,False,False,False,True
zHhKLfKOoOXeamFG0A0ns4ZuKOdxKumZr0tsx_R3kxOenK2D1EK78c1QTGfpONMOVs4WOAzO7EP6Ng,SILVER,II,60,139,126,False,False,False,False
JPiUM6_SIuICZyLj5L5OTGljP6u9vOyQ-YBMZKLgAIVltYaikj6OvW-qsrFJ4evTEGTvC0KLE4pZRw,SILVER,II,90,2,4,False,False,False,False
Kj26dFC_CaXohnsaWWSekSLYZpXixMqzxDCZLHQVr4zUFoPl_DuahgnQR6G6InaXZJ6384uMbULiJw,SILVER,II,74,326,338,False,False,False,False
oiBnqq4mRvUaSa31yNxnyTwMdFxt2a7RtPgG7ogkdIsCWksh_qWO2rc4Zb6iIbLKMaOV2O6YKGgPnQ,SILVER,II,60,4,5,False,False,False,False
70Y3jMQ3zZLeY19oPs-oof8M6vTHodRJzDKGijj53pImsVfdAeWzJtaLGAdWwMw2Ur-tta3g2-iPIg,SILVER,II,34,90,100,False,False,False,False
M1GB1FPQKdIW_uvzXCLYsOclmMjZ01bddzcSFA8hpsNU2Mm1l0xOTf3tnjGyVj2j8BvnKWyj1UWkeQ,SILVER,II,7,9,5,False,False,False,False
IhsCrICokwYXfDCMQ0Xg44M12jHMo73jCltqPm9gdYIkC_fFx_EUQ1gXyP92XGjwjwCVjFVG0se3xw,SILVER,II,6,73,72,False,False,False,False
xz4ftp_z-NNtz9VRANn9xac5p-QisC3Q8uCAX8_8TZQKZ1Oh4d8qksc_nyHarJgsHMjLqZl2qmWR9A,SILVER,II,38,29,36,False,False,False,False
LCR2sWcQggvfiPNWYCc2c0ehXBBJlaJpkkzEYDF8caQ3Yw13zzRsEDbryQEaY1zqsV5iKANtfpvV9A,SILVER,II,50,4,5,False,False,False,False
YFrYMO-cbL88if7o_oOA9UG3NN71taAEUcDT_ISltcLvsdDQDpfGG2dfmAvV7rfBMmsA10hfMX3BAA,SILVER,II,51,69,68,False,False,False,False
IcNjVKORxmEmKWVmwh-1czwq9BVW284TSXkNwaUOGjFNnWMEwUSShOTEDo6D9Njv-Vpdxfmgu_MnSw,SILVER,II,32,33,39,False,False,False,True
M2w2efbIEcMFq0ZgaTFmvfsJzS7pHwU5nCyvmM3-XmSVTryCpqnui_xRZ8msrCtRITDTOjGCjfVVyw,SILVER,II,55,45,49,False,False,False,False
dpv8YKufokXj0XvHiKvI40SX-WldR82QirQHerk0EDYnGWcetF5MNjL2RQx-8GOAYexHk1ELwYK5RA,SILVER,II,97,5,4,False,False,False,False
21DqnDM9uiAc4WC9Fm2OyW_xw-R7Eq9KjM6bwtqWrMyksLMfAdj-7nwaoG_dqXh0MloRa9l7zwGIQw,SILVER,II,55,3,2,False,False,False,False
OataRx-vbgrQjNhFyguBbaZ6rGZo5NSO3nNjmhoVm05coSQG3AbsCDqDTftSwm3i6OpTBUwXQb3HTg,SILVER,II,70,5,6,False,False,False,False
5CHANEZEmV14wQYPCjEk0GXmsgF1S9sOqR6wwv8fSSjZiRxHA0pX49bcFm8zGSUyfsnwZ2FltRAB7g,SILVER,II,17,14,9,False,False,False,False
3StDuQYRHy2n6VZM0lUzH3THOrqmwtQ3meyyZLc4SxSIi4keBOV0d85dbhnHJVWLrkA3ok8jxnHFvQ,SILVER,II,41,29,16,False,False,False,True
PRHBaxdgzPi3OFlWr5QxHuc9U85KsLjrJIyO9lFJg5ccfP_0Vf9LQjlUrr-eQ-mxva96h_xoq0UJfg,SILVER,II,31,24,36,False,False,False,False
H4PlZ-_uTdSZryWRPz0hNRk6ztXfNZun1pejrVW5rbAtnZ3ffWTNhpilBuR_h11z_6zRa4OYYSlE4w,SILVER,II,97,25,9,False,False,False,False
IZ0XPEPzZljtA8HZAj1_zEQfuF0lFymH7RcMD3jdRA3jWgwlClReUMrVZ9uZFIeblVlVVfaaQuoxMQ,SILVER,II,43,16,11,False,False,False,False
Zgd_6ETTpPgxwxNbjlcm2afMQzTKPwAGnWrE7SwARR939gQOZC-n7KeM2LK3n0nFZSq8WFZd6CYv-w,SILVER,II,52,4,5,False,False,False,False
isvwIZfVZSl0CBMkza-Q3BWQ6vL5srvr6h5YERSSpunQFfUDlRbARLri0Gmfm8-I0QW4EzMIVmocxA,SILVER,II,60,2,7,False,False,False,False
QfSwAO-Tamm72DOCVYpC1570TyiTyASPFim_jtktnjk9XY9DBk_sEYSOkdZ30eDECKpipk3ciRbr7A,SILVER,II,51,28,31,False,False,False,False
6VtV_eD1NH4ZhrKBcuZC2KtiKTBGXkXMdhBh6wIdJcH0mAQh1wAmcPFzkxTyTzqltSpY2bvDdttjCA,SILVER,II,37,136,153,False,False,False,False
A3f1SDTPFbE8E1fMlwA-v560OyvhgS0G_InQzImFT1Aq40NfYP3zazFWe6lPPl_YUETpstgyUNIB-Q,SILVER,II,21,8,11,False,False,False,False
diJgd5dpDVqZhN5g4TN8uk6SvFYuc6bcpYbrJR29bbUCLnpMasE58fav1FvGOXXsZEZd5Qr0fdvEIQ,SILVER,II,73,78,101,False,False,False,False
4NdCBPktkOk2gncZPo5N1SphciwawgEZtJu45HY5Ua5XUftGogNVyJu4no0AvXI_Nnkxgs9N1VASBQ,SILVER,II,57,99,95,False,False,True,False
9m2CZW1Z0F4JjeyFRqQcpUT4ZbSxVEKLjREEf_s8B6IeR-Vd52RvhhPycV3ZBhai0nA-8iVCxfGtHg,SILVER,II,87,14,3,False,False,False,False
LZwuio6SsspJvvfZqSToWWiirdWoaQoKwSNwcD1RB4BFSlIEpJfHgg9s90nwlBNSmx4EBHAiNyx4GA,SILVER,II,65,10,2,False,False,False,True
dikl1Plzos6s5kylQhPhJhew9__hQDbsWwuw1w8dMq9VZox-2cU4jMEEMB-ow00wJR-lmcuxL72wcQ,SILVER,II,95,8,3,False,False,False,False
xCVOdJzZ_8AD9kHtKgPgbNJ_BPjGk2QjzFq6lCAKPn2sEgSh61LWMR5hckNSZ8b8E1iVaNNYSORCvA,SILVER,II,40,480,491,False,False,False,False
wIZNUo7yJCojb4Jl8MI0M2l_p7FZ4Uw8C7o2e2S_LOmDY9Pv9gcBgt2GDbAtSszc1fJgHliN-NBOgA,SILVER,II,0,44,55,False,False,False,False
YtQzsXUESJEviAsbwebLtSv1rEr5-HyAgpfoNYbdrB8_0KlyBk2ZZS8-qV2eZj3idN1IfpOwxwGzTA,SILVER,II,98,76,83,False,False,False,True
V8tv4u5GReM9mhVWPK6PNBUMAt6CTgWhNAjDrcP1HLBRPvsZ0Ab3llk2mZ_sIWqLh0PjKNKjDIlmmw,SILVER,II,69,17,15,False,False,False,False
M-1Y70FNeeJwJL5dSm7GAea6kJyGai9XX2mPedYZ-xIgfBtAOEjOT9afMvzMlBPH3_UEsHAQCf_hzg,SILVER,II,60,14,14,False,False,False,False
GVCguUZAiY1OtEmnwpmkO1sTJthQSpzQLao0IJDDsFZhZtJi6QhB00jTbEO0iIulvUkINhuKvJr_XA,SILVER,II,48,17,14,False,False,False,False
CXOqZBDdrzW3XkUzK1zInmISCl8Z2AVgVt8qSEWsJjJ1kvXbXH81_LxTmHV7xB6jhyV-IStE8haNxg,SILVER,II,94,22,27,False,False,False,False
rBU8vtNev6WAmI2Svmq-hxYrdvaRpIyCTuUD9OOD1RogJS2pj2RyE_2GXnaIus4g_Vmd7JX2YH_7FQ,SILVER,II,37,13,14,False,False,False,False
0X_FgKQiB-mxXMXvUBmjB36-0U8_y0QxPwCVPxBBg_1kk31aBzhpkK_c2wwCSij8G95maxs-q7fNTA,SILVER,II,22,67,90,False,False,False,False
cINNr4UwyvIr-2gLmWvO090JnUEKBWemDFbtfmvrXEE8tmXrax_2KgNeU6xfM5eEmAaYFPy4McCDnQ,SILVER,II,46,58,62,False,False,False,False
h_v5pNpOU7yMaeixOU_UJzgJ-XvCfR8xYWIJYVIwVDs3PLtMmNAccp2MAp7HD1gZ2BQ11as_cIoVEA,SILVER,II,78,118,116,False,False,False,False
PLavkPVvSvFHC9MruVUZxdc88vG5fV2PCxe15VZDCzpf1VCZVWgxmUaU5kB-_qo8me7TJfc_h-SOIg,SILVER,II,21,154,173,False,False,False,False
WwIcLNuQYcY_RRkS9_WtHqSrhvw5Y-k-HssW-B9KitbYejaEEfPmDAXNqf276N2xUV0R_vPiDHSZdg,SILVER,II,21,13,15,False,False,False,False
WcgYN7gXdevk-YtPK0uVBuxsknOhbGRuFIYdApWNzhsZ3jUZi37Y41g1Ay3tB0tmtrW4gVaTGVyFsQ,SILVER,II,40,3,3,False,False,False,False
p7PMZiCkDZWW0wtL2WJDLHy4DgJTIu-q9MKfOpZjUxynk_dNbfrZPX2HY22RYLn4ScP2FQcmwPFnsw,SILVER,II,45,20,14,False,False,False,False
lOp5ZaZnwO9fVIrOijIRvkE9SU2fYrrOYeVHYLnx8skP_KPen0aXWlUJSYNzZ7IfnnXqWniXpA9Eig,SILVER,II,52,14,16,False,False,False,False
cwTMK60HKPDsE5S69P4q71C-eDiKW8qwDznyuB5O7JE_-GOBnhxjmXpKu7cINxfAlb_noN5ZL7Y9lg,SILVER,II,75,70,84,False,False,False,True
6g1ri4A5xVfCTvs0Q-27f-HtNG0E12Z0FAcrfh59BQ3uoQxNEpuxfy2TNYofmQbb_BEtHANTJ-j00Q,SILVER,II,43,85,89,False,False,True,False
rCelBvjKPGcdqbry6AgW1tB_KkEuQ4j-fuMv7niSdmv8PDBN-keSvSZgZkov3jI1NIybIsyp-P7AgQ,SILVER,II,47,3,3,False,False,False,False
xT0GD1DlftB4IhI6ppPtcTjEQnzQ3kR-tON-CoAasio8wDGwppdEg-yOoUYUCGYnC7yHcsYE3umdeg,SILVER,II,92,20,17,False,False,False,False
IyigrBSAxxgebgEN7QKh7q54dJtVCkAyEAaZWEcbmnzH9YJOthG9at9MHzJAL1ghbAZ79cYBoH1HzQ,SILVER,II,26,31,31,False,False,False,False
RLUn6cOCW7vGYzP4ALrcQAwR_hoLuG52jBnvSugRPx8Y_DjlSJRDNpQ5k360QsN1QOp_ilMktWg5BA,SILVER,II,30,1,8,False,False,False,False
QzqyF7pLvL-8OQpdaDOzW4WUfGLrsXlLxcKWGvPKrHiwldUPOV8JdqHQ9z2F-n9lc8Uyrh_5AJeO1A,SILVER,III,80,2,6,False,False,False,False
6ghoemur95Ijl-iVD86E-B_8h46dR6zjO8qluhDOqMc7jD15NUZNvef_8B-JG1iJnA4oBnIpx6ASFg,SILVER,III,29,12,18,False,False,False,False
MNXwRQGSyjrsCWNatSOA57hcOuc_pDpIXmLATp2CT-uAJ-dyU6lu1mO8A7Ba4bVNZUcBjypx20k8ug,SILVER,III,29,127,127,False,False,False,False
pr21k6-Z--dLdsl5nzDzs9Sq4MZyUcEyF47NaSG5RagoeMUnPC7T2_LE9s1l21h0BY-X5-a6hwgDuQ,SILVER,III,57,15,24,False,False,False,False
-DXmTQWxtR00o_ZKgRyRvy5Id0q616IkwvzcCnT00L3G4l3tJUwD1d41E5QyuFn61r_DH-i72O7Iqg,SILVER,III,19,27,34,False,False,False,False
BvJ0l76D-wNYipgib5xDmMTcVqm-2crBFsNSOkIS5nqRAA0Rt8GwHRjZdONICH4z5jkl5X1LOnnTMQ,SILVER,III,32,19,24,False,False,False,False
MlAF8wCKp3mzLh84kJFfTGuafT3TnpIrlwBgmkLWrQyS1AGDaQkaXn54K-9H8Sfy4-haMwAlvp5tew,SILVER,III,80,6,8,False,False,False,False
9t6BzD2PRn7vEftviU6MiRtQpiP3rDiDEG4kzmri_giLSxRJUuj4QBXq6mDZaijz74dVWKfqDiqrfQ,SILVER,III,63,94,96,False,False,False,True
Uj2HJPcTF_lO9gkM-lkLxmDFxLcG5mplvn7iO2PcuuU5ASbJioUbVi8CuhfUPrBmR8tr3wexv4tutQ,SILVER,III,30,3,4,False,False,False,False
68uaxY6iT9f-7geOavZ2nSGRxoJ1Wgw3pmHZF2VIvrEc6qZzMYF3xjyEvEixSJu32Uw8qaAXKrIbTg,SILVER,III,87,25,34,False,False,False,False
yMe1KCiW6yyGWje05mHT9lL6ULhxsHY-UZ4Osx3h4p_DNYmcmKmz0vJ3uL5NY3I_-n2sLJxuS0_44A,SILVER,III,17,18,27,False,False,False,False
AAqRneO2LTtc8Lm1GbwNN-fwTCcOtJELQmR07ikbqRkJXZQUd1o3Duh977vfZ_N3h1lIyplP9d_NeQ,SILVER,III,45,3,3,False,False,False,False
zotCbahht9pPjLJmdmHfWqbk51i7PpmvXFPsRomDirKhoJKl0Lbhn3DVCiuoFaLG9vqja06xR4SfWA,SILVER,III,52,6,2,False,False,False,False
VkF-pzpCZGAeZrPKKIbPlQ4vjHLQjcbeSncu43w-4857aTMM_aNFmXg2FBdyL484c1WTNb5llfD3oQ,SILVER,III,2,75,68,False,False,False,False
GAimWl7AvEV_fT-WJhE0VxzYgDbcXwTWDLsp-DK5rn6LpnQOfsN88cPGFuwHhfYem93bzRBVi2VXUA,SILVER,III,53,18,16,False,False,False,False
nI6SfLYyRaR090MgVOaSahnAFXUkwMosOU_dveGf3xKWGy8pMA14dKZnSj8h1rhimnhYd5xNylt94A,SILVER,III,98,71,73,False,False,False,True
qLywMVzQn7_Ah9oVxqCSz_qLDin_OgVcQMZAJ5owgnFfjON8tF7Mcewz_HrjiFZq2aUFLGV7RUKN-A,SILVER,III,47,66,71,False,False,False,False
68xtpIAfA80f-rwXh3PeaUhNMmm07dnmyk30xfCcOIXaQtYf6lsffz5cwbHay1PkMJeydQTZlH5S-Q,SILVER,III,7,22,16,False,False,False,False
GwAeXdQ4mpRChn43crg3YakxqsHWUAl00bFPJIY6wA8mIiOg4YGbvAkPe5cCRGM2iE1ETBTNCYTy3w,SILVER,III,77,39,61,False,False,False,False
rmQE09HRHSHCkTaQzB1XAFmATWwxvq-ztHwqUtSacGgfVSJ5pJwRAIAw7wxEUJffWqxTlCMzoo6qlA,SILVER,III,84,52,60,False,False,False,False
FXQMsjo3-PsCpPSfzJS7hYir3oQ4gcFKCmVVbTuTGjMRvH4EfPFdiG1vYsGKGi4esj_1imsAbFwNHQ,SILVER,III,72,79,95,False,False,False,False
HrfsCUZLvz-rwBYGxv3fRZYKN4bywLrq4rfTQHdyemqt3uWpj14YZAy0zJT35FkxTMQ9lBo7h1f-_g,SILVER,III,0,122,136,False,False,False,False
KlJVugn__xV8_mJtVDuTF_lR4B9BQ5GiB_EFCeQnIzVjkg4dc3TcYDHhcm87n-NqblbIbr8GJadRkQ,SILVER,III,26,110,132,False,False,False,False
xe-UcC-Pn9AS0bNWr7csr0ONur9_f2jp3Xg3XtYwSaElbQyoIDiuiNog9eRWqyLTRQh5zSZWCb5lYQ,SILVER,III,71,18,18,False,False,False,False
QaErZvr2jqWpVvDGUa12-VgSDDeom_1oy4hf3tcl_UqpaettY09zIPZynVkttvfaZ48yFvRORSWWTg,SILVER,III,10,2,3,False,False,False,False
6y_antqFFy4JHiE6zrPKsVP0KS9RwHsw5AoBX14K1MiXbORXVI8BAQmZQvAY2DinbCWyNVu4Lu5kOQ,SILVER,III,95,3,8,False,False,False,False
5AO9rdUHrWh8qSRD2gd3TPn9JFPnPZtDS8GpqrOOv4UeQkZzXMlp0FRtQSDOYVFd_Bh_wCkhSrj74g,SILVER,III,1,26,50,False,False,False,False
Fyh5ZWq0fn0BdPvA0jCbqsYPU7Xt9UXXnsvagHD2UyunrTFqpi-QgtSR9ubYNMaFkJps2Shmn-PxtA,SILVER,III,7,85,81,False,False,False,True
DJuDbINPEAjnCmlAwYvezuUcUBdbKudPfULyig_v9nDDLOpURoB1-iKT18TruSLbjRiC5yonaChrvg,SILVER,III,55,30,27,False,False,False,False
_KLkhZgqjz7b5fqVNG-RFHsYSsjqqnb-uTjhZ_6U7Z1IefthKGN7mTf38Jw6eORheMEadc7aGr0MhQ,SILVER,III,8,6,11,False,False,False,False
grmsMU7T9fZEm-zLfwF2CzCEh8N9s-RBqXmfKaS4rKUZoyxA_fytlOblIKDEaG7m1jqjIGn5kNFT1w,SILVER,III,34,81,97,False,False,False,False
SF8zPvDbWluqtYd6BqFuxS3tGTua-zIrpCSCSK9JXGgrwd8EMLqT9FLdnHBqHp-Y9RM4_UsXThzshw,SILVER,III,23,12,11,False,False,False,False
rL2lkbJgDcIuugmduIEYfzgaOcunOXswYvDKTSz59XfEpPmXTG55CQt4H4oRjqfGLbBwI90x7Q-8xA,SILVER,III,38,235,241,False,False,False,False
3mHPpOhaQbtM6WTUckDz6oahgbTkQwHLh6E96IEHV8OwIY1rcDdquzcJwUdtZyhYafuQ50lKoWPHiw,SILVER,III,56,24,23,False,False,False,False
OqATqOYVVqBqZdIs8UnKgVz5d-posd1L_ankBgxeeUxCnnocIzc96aW8ZkBjTNpdPiAaqfG7THdYIA,SILVER,III,12,281,305,False,False,False,False
ztwr03oz89QYHyPdjJJkbdaJRYNtu0SL8ZYli5fc_0I73moiuamrYJd31pD1VSBpJ6IkYtrYeWQohA,SILVER,III,37,6,3,False,False,False,False
3elwlyV4OZRGG6SeuqgwkwjLtPRiqurjkWzgzz-xS4fLxEuwsDhtEU7iMms1g89iuPrIuKMnofnHlQ,SILVER,III,89,35,43,False,False,False,True
D0KBC4cQHvdND8Hl-me948t-IjAKLDGf6JlIX3jYQgyYhkEfHt7lT9T1HW1Nb-ZYR7rRFY7ckPqT9A,SILVER,III,55,17,20,False,False,False,False
ukPQJ9ReDcz7eI7ktvl7Qwht68C7m-j1_LVEB6IoDFrv7Bnxa5agLWTk2y5d86GaFRGv3FJ0H-2RZw,SILVER,III,97,9,8,False,False,False,False
P2n2Aq--OHDwrIdvnzI-LJGI1-oriBbzP8TevBvPcIlmkn8r9u99OfFfWoUO0HyIFa243QvY5P14iQ,SILVER,III,58,489,490,False,False,False,False
uSn3klNgX0vNdXxUyrTfcIAbvG2dVVyK9T2UCCv_Fs1yNIj1OQUdFYxwAbnqzLqAHWNjPDm7ioRpxw,SILVER,III,24,56,58,False,False,False,False
IkkinZ6IIybZQ1PfDdfqeLjra7Qd0MYTMyhqtBTs20e4wu24DAy-nURWjVySmYVNdabzje1uuvj2lQ,SILVER,III,23,21,20,False,False,False,False
5RozgHvaFIVh6-RfYYODIAFzJ25P_ov5dbF3kJnJltCypDD7Vn7HT-q8AB8bgSybZf-cEEK1rkZgwQ,SILVER,III,75,4,3,False,False,False,False
hfL4rqM3RIktux_Hk08RLpfVESnx95nS3Kn7oWshIyPcPsfxl9GVsgryEoxkvc9hdwSvKKdZmsPS7g,SILVER,III,40,7,5,False,False,False,False
iXfBegWXx_-ZXfgGcSsTeLL6HQo-SBma-hlvWs14CCXzbvZUHnR9YwdfGeMbTNO_QeLh9JM651Y2Pw,SILVER,III,69,7,13,False,False,False,False
6Kxyw-VhNaIodKc5HtHu3CoWZ7jMIbeOAHQLfaKhh11fnFOTGPsBPb97B79UzHUy40mUQa9QsEqK4w,SILVER,III,72,60,60,False,False,False,False
HTnAdrHl8TZP4enVoZMFiM1Xg0IltlCSmIIFo0W5Em1OTTqxf8YzdUaHrjWvOjtdoAEPjuvoWuxcmw,SILVER,III,78,41,43,False,False,False,False
y_TSO8Oy7i-UR9FKr-CGy9z6yBuoLsobFtduVbEMWNxb5O51s3R50XyioQvYCafW7D5RibrsHbfqOA,SILVER,III,55,96,101,False,False,False,False
VA4EEammqdt_7MhXnEfharrYQJ-pXsdeV2E_RqQ7m8riI4E5VrzqAkBF_4GD8N2aiACdAXAdlOCumg,SILVER,III,0,0,5,False,False,False,False
W21DJCb3mI7UFAJAi8OvNx9nhlwLbVsd4e_IZ3C8HCfocc2cu9p1CsSpsMschhooFkvW70_yVuDmMQ,SILVER,III,12,21,22,False,False,False,True
CAPjyGg6W6oTrJ-hanbXZnRurK2PVWvCGAjoPPXY5EChJ8yVQB-0Q_v6BA6p9yQCL7cIOITWi990wQ,SILVER,III,77,49,64,False,False,False,False
JAtwslkt0jc1szKz5FYNpM0xsE390vpGLMFcgPXp2Qzf6oixqijh6ucLRWjpp4jciJbfiToJk2Y54w,SILVER,III,63,175,174,False,False,False,False
UGi0g6OO-4aoQyFGiOhspWOOkTH4j7kmIs-9xgrjeb8KqWptTyId66IoStpeoiupKdX7m4hC_vm26A,SILVER,III,71,30,30,False,False,False,False
ovjmiYuBU6kmYAYqKfBiEBSVduz4KmOJTdLmTniZWxI_1N9etQq5ECGqHVB-mrLshRg5SjQXqt64Ag,SILVER,III,77,91,92,False,False,False,False
fVsb6ij75ZSDmgyERjmQ84LpXUIirKd5gpIb14wjaPkhB2_otguNFUJavljCbxKmWCykL5W_9FUoXA,SILVER,III,88,50,45,False,False,False,False
VYLHi9JlXnvzJ-FWZU-9e_tIJm9wkQKY5cBP79xQB84Hm77EqICfrC3XdZxZe2sw0luzFa7yb9CAgQ,SILVER,III,73,42,39,False,False,False,False
Qbu4kqH6kBy2HH6i5Tf0Dva34qenO509gI09doLBokNv8i0Si61AD1eCaDDO1EdV0FIF62waP2F16Q,SILVER,III,18,17,16,False,False,False,False
BV3ebZMTtLdLVTaOxZmzb4X3V__gsRItIn7STCoYp6REGSV0Mi1ifYhReOiJ_lryrAh-7EYmq6-O3Q,SILVER,III,8,95,96,False,False,False,False
Ed_Csv3wZPhtzxBH8kXKvktOmD3pRtERw5g9bU-9MmA--6YWuvl2bgzhlCw2gpqgqoNjId-868P94g,SILVER,III,54,81,92,False,False,False,False
VBGgdiNvv5eDdGcH9fpiiXnKodr3yAekll4izbRnNs4tY_L3bEzU_3rsWx2biuYoY0qE8c-Ju7ozbw,SILVER,III,52,10,15,False,False,False,False
3xU10uH9xYA-15BgQ8pprNNkxl1Wo-2EHSwaYEv4u85Q3f-jZ4dhGl2YksiqZqfBvepzBf9dHlpkBw,SILVER,III,66,14,12,False,False,False,False
tBYd-OSmgN8M1G4Qt9w72Y6R2-RGAJJnxh7wtoRDsNW8AUADBbX1TC09SCE5weH7hczx92FREVdXQQ,SILVER,III,4,13,16,False,False,False,False
_NV4xNmzkSvdfB6lZUO4o4u_falbTcrww6GiL6MMPZ3D30sL0vjlMbG-iUu5mhcyzZcqNRZdx-hy1g,SILVER,III,53,46,53,False,False,False,False
_mVzQPk08EzMlvC0CtXvNwRQbQlG3GjTnEgW4D7WAtUlS13V2ew_9AiXa-ba-Ho8uN6jJNDVulypsw,SILVER,III,33,13,14,False,False,False,False
56DQrkeXrfJy-V8fTu5uXN-14QMeDrtProYyRhoZzlalkZatGCa2rDo4TPrKDm7RKkNN4OwEfGVdbw,SILVER,III,75,5,6,False,False,False,False
C3m6kjgGmzyjFUvRy7E4DqhCdoXDod_4o0RZ1A-wUW6qYELTZYD21axDSDiK5kkwXjmfGDR9Eb_-8A,SILVER,III,1,4,10,False,False,False,False
spMhjjSleFfM5meg1nUpkjCAJz37aYdG8y5UZB2ygFKQkf_hrqg1R4Rv2kyiGpbdeySbNTLo32ONXg,SILVER,III,19,189,192,False,False,False,False
Yaw8CBgOqDovJcnU9q78f1XhvPdzUf_YP6A0vjjToKdbcdc9B7mYgjsVGmCh2erdF3c2os-pSf7Q0g,SILVER,III,29,35,37,False,False,False,False
vpaK9dm6Orxwu_PqIF_No_5_e35cqn47ylGJUEJUK5ad9SrL-wccq7pGhSx9ntq41GzNKMXkwuRQ_Q,SILVER,III,60,7,12,False,False,False,False
fGg1EPz-8Xb9L94w_JxRGSVmh_nEG4ZTi-ux9wG3aObs6ahT8d--QvZKCjrb56FduHJn_cmFxDX-fw,SILVER,III,66,14,13,False,False,False,False
noWxSJqhCL494qwMIPpGO6gZggVOKDj-SJmri_V1q8LRxrWeryxsEWXAXJ0EiU_Y2x-NYy8GiDhzGQ,SILVER,III,97,39,47,False,False,False,False
wGARI5YBZimx-Rqe8hJUjhm9Uokh48wbPvFPSZ8-SeJbSy_7mXvTPkVshQsVbP4KmIoXGFh0cQj8Kg,SILVER,III,32,29,24,False,False,False,False
GdnM-ej_-5ugBTKah851YYV1GzyPFmGha6oxyVmbM1fHgOX5g93_N70DETkF4paZVC-x9osWyrp5ag,SILVER,III,25,6,4,False,False,True,False
s-RFnyDOtcBSlIC1JMrfU55NKOO04wfRAMYhQapvx-ko_PT2lxC20VdRqO1A-G1O5-cB9DYtLZ3Neg,SILVER,III,17,6,5,False,False,False,False
wT2USVOnupUdk14brd9wEu6vjBLUts-JhbxEAOPSmbXpNNxT4kD0pvPuIu3X7R-Zab3VvmUwxGy3Yg,SILVER,III,13,58,67,False,False,False,False
iTisAeZPNsDAtRQ_aJ5XvP_k9eEWds7mKWj3H0rTa4wI74id_04zSn0r2ZyLc2smyijV075rjU_Zcg,SILVER,III,77,4,3,False,False,False,False
BSgaL6sJHS9bccXj7FFozGGKKVuF-kUqcjc4WGipTPfRN5ihBMIh4IaKF3H4X-hJp2AV0P5YN8J6bg,SILVER,III,46,20,17,False,False,False,False
4KHNMXYjvC7m1uG9auegcR4PliZUxfJRDnB0Z6WjM5jTjERTX6vRsO-mowAZReaGtptliemFrHu1kw,SILVER,III,85,12,14,False,False,False,False
hGBtIsD3-qFoghCg7ASddQzXvK450-NRPqkQfa2gJy3o0vUL9AKYO6lkrryKtodMOyB67hz_OyZJ7g,SILVER,III,66,43,44,False,False,False,True
EQZJPjtYr9qXYYKPWTKHk_BU6s9HPM2M-th7BtPJxLdae2x067cqXge6aRQPF2xV6uUSAxE4vSHo9A,SILVER,III,24,29,30,False,False,False,False
rBS9p_dNRw_EnA_ag6hxgpSDpHRYlwXjp-56BARVR_LDZGNOHvwJVN-uyeT1WWb00wnWzyDfE9phtA,SILVER,III,60,0,5,False,False,False,False
0uad1cikZKbEGwdKXOgNffm_8B-KMM_-foTPUM6d97zqVLg2tkO0hB4jHKbSwpQn82yO3gJ5pM_xbA,SILVER,III,0,37,32,False,False,False,False
2v543e5JamZ12ssUgPyXCc75uainKHQsCF4FfsnDRbxf_xQRMENzvmqKLh9sgSxUHOFgtxzvRfps6Q,SILVER,III,34,12,14,False,False,False,False
2m_8wxUfTZuohJtwV13PUkMlY3_JtKdaaow06cu-KBRy6QIURDuLLwTHuZ0aGick_vg01hAsU-8vlw,SILVER,III,44,69,77,False,False,False,False
RNkIGgfnpWLqrv_s6B7sMMoqDJd2s0rg-x2E3PgO3OcQnXGO9VH8nAun8K8CmGyU4yUchFnsuSQRrQ,SILVER,III,82,13,8,False,False,False,False
DAY62BLQ5Hmkuyj6IgBMSPcswzRtWPPLeScaHUdo07cSXuJq50y1-XkucKREn-uhW2ciww2C6Gw4kQ,SILVER,III,85,10,10,False,False,False,False
CFSbzLgubw6LRbIu_LJLlnwvqGbonp2iudKObfUcHEaHhpjhGQwmBawk3MCo1C45fS0yMjWhLPUD0g,SILVER,III,10,11,7,False,False,False,True
_W0Npwfv8_0LZrSG_fj_jsR_vWKdMkuq_xlTEoR8MiBDWQAdLDwUiQakDcCFjlWqCb3j-1HLCIl54g,SILVER,III,29,26,28,False,False,False,False
npHF3ZB7BuVQthXW9_D2cu0bLhgKK0p1OFoGsq9ar_BqhHVzZ5V8pIWf4eF4oqerpURu2ZqVQ5fXPQ,SILVER,III,4,16,15,False,False,False,False
g3K7SQCvaYc3a3rRwHZ3rjl2h2v47xmevoHRi-2XOWjbMQj2PpMFre0x3f1yX6QIhV2703Oernu2Lw,SILVER,III,29,23,28,False,False,False,False
SXMSgetQqM12Bi2EBg-Eed2Aqujn96cYQI3jcDWAtgE3kLYzHvC4uVgvp_Fr3Gn-3Upo8UPCmUVoxw,SILVER,III,85,3,7,False,False,False,False
Cxf2Sy-KEg8GyI8VFSHweUA2Q5Mp7dRaTaV6Its0SsileTCWjNbJMRhOotHjxeNIQmAG7NfEvja84w,SILVER,III,81,14,21,False,False,False,False
KGREyT8QyhrRLh91tlUT22_KTecP-Tt0monDSdhwinD9XKxiTLe3WcrZr4oe6JioDFqKfYUoZ3lsDw,SILVER,III,55,37,35,False,False,False,True
uixbvItS5DbgzVUAC1MtumOp5dZX73lgbEQVzneE7eXdjObIdVJQhqsObIRDnut4zOdDaK61pYN8Mg,SILVER,III,13,92,108,False,False,False,False
BPNQCjS0LkiTu2aJTyzdeIcffWm88YGl7NUmbmnvg-dgSyGn6SBneFxsJulVZDgJrBpwh8xyZVnczg,SILVER,III,31,48,47,False,False,False,False
B9DtfsQAmqBBWK4Lbv_rlHC_NGOSYVeOdtzXd5CI6wcbPrL5Ejg6nf_2nWqcRMJlh4Oes1E3CtXgmA,SILVER,III,64,308,326,False,False,False,False
c-UwXX2WtBDZmf-aNGbPZvb_QxKYwC0xIqSSUmjilbcy_7yPPP8jtina26zifPAYi15NbDHW6EV7tA,SILVER,III,15,6,5,False,False,False,False
EXKMl9PzLtbfVWZrLIZirvXopI0rib6LdniNSTI3TnCnnCbGDWUp5eIEn8BcdK9ipNtrEJv5-0ORjA,SILVER,III,88,13,17,False,False,False,False
ap_83rNvYGZsPizCiMlgQTJgn6t0DXyJui2Qw21Bh34YMeToT_o5RlovNIFWIJ12eHE6PsDfm9Ehnw,SILVER,III,10,7,9,False,False,False,False
u_UhAL-Y8tC6lFMKEyTRiQ1Y0qPuXaRcEGAQO0Wbk-Zws9s7UZl2-HWljXugjAWPeAomn8PzVNYAsQ,SILVER,III,60,1,4,False,False,False,False
Djc2QifpFUh-KgcbNYr1SS_9WoYzKNvtsh3Bi5ULIe4Q8l5NI8wHOX8SzAKycd9t7edj_EA-EJsBLA,SILVER,III,58,104,95,False,False,True,True
iTFMK3KHxtdwCrXXyRkt8tbRywOrPFKHDlUpqymsmUpIewZhM61aV96Fj4kp_je7b7d7y8B5OTFCVQ,SILVER,III,45,6,12,False,False,False,False
zH0-G6sGPjkhwws9On8zFtXkcopPeMUspJRZ6Iu9DEVO9TTC33d5WXG9A2TaEaDz26YWOwfwv2ANrQ,SILVER,III,24,14,16,False,False,False,True
E4pkh6OCKkbq5ya1EVHc3HXup8-gYOZ43EQZcQkd04bjdlTPcLdPoAkl_bcAoTfxEzmgon02kbb26A,SILVER,III,71,91,94,False,False,False,False
DehHQKxy9j8wogxnWnu3VDTU6puMx9NEA1MFejfhv8DmFX-q8l3C1cnGxPeACpEI97gAJ3fxptS44A,SILVER,III,0,6,7,False,False,False,False
PJXyz9PyTTDW_libWM_lzGkaf5-y1sx-z-cFuDF-m3-fSYQcy1wCGonNPhLT2yD7lJfDYUC65BVi6w,SILVER,III,40,10,4,False,False,False,True
fmHaAOAIQaWcCfclytPs4Vw3mV_nCYrVwH9qIC8jtQNhTJJU-GRS7JoB848rcv_fe48u9k-DbW6whQ,SILVER,III,4,115,118,False,False,False,False
Vy8CTs5Y7oipLN1S2aBMvV_qz2-WE9QkGVzToh_O2Z5zVxPk7iktO8MN_IoeQxhjq0ODUoRo4klkuA,SILVER,III,48,15,20,False,False,False,False
xICwsXrMFUco_qzDsDN-LtYdzZlV2OOMdhSNOochZRVscLQr1YKs-FkLAibHzzmMPriCXAfObWV-Dg,SILVER,III,30,4,7,False,False,False,False
aDerMgWOrWOLxamSjbM2VmrhX67tfOdS9gKelMpLGVEggTO9J_ZWWAIIIY0x7FpZECQhhm2a1t_qEA,SILVER,III,61,10,21,False,False,False,False
hF3L1GAVGQ4NwUp7qQZWbGEOopEqvccWa_kylcCuSWsldGEqVDkt2SATa1uAMfKUfiBFtdkBSbkYig,SILVER,III,63,21,21,False,False,True,False
7y14F3nBUDXxpZu9eb1vi7-gn5qL-434aoUEakLRXgXNM7REMOuPFHFJ9-AeKpLFSbiI0Ws6KDRQ2w,SILVER,III,32,41,51,False,False,False,False
_v82Mum11H-iiM9fUBCNzDdQh_3S36L1cNSXwsDD2bvUvxYK4KB0e_BMJUxfgWKYsWR3WD5PW3uXsw,SILVER,III,90,4,11,False,False,False,False
I0KPnNrlPW2zfR_36ZY0QCON-pYYX_wtniLSzdZY8JbSdG0M11HXQSb6KkC3VGfCJu1kXcjJlXvt2w,SILVER,III,9,30,39,False,False,False,False
oEUWlxkvVNx3r9A9kuGEihw9oRVTLGFDnfv5HxS2k9KSPMSC7ClIQZoPLqYo2hnYPqho-I4SwCrCbw,SILVER,III,66,22,25,False,False,False,False
RWsX22HWBDHSRe_kB3Gc1Ekp2_QmuhEWVuuj1RIkxHT9-5GOuIw2PJskvEADPE-MYFOn95vtmXBeYQ,SILVER,III,18,50,52,False,False,False,False
vB5xZhOXJZaoFFJM94ktI6uyWMluAHEEf5Ty44-SYlLlhWlhBPzTJOrXa9fTdbOwy-kjQGtPb2WiZg,SILVER,III,25,3,5,False,False,False,False
QsrlcIUuQLv8a6vJRrZgYputGkInX4PXofRYXVQ8AP1OiO-Yv1q-e6eAFXCKv6Xmire_jGuyikLuaA,SILVER,III,0,22,22,False,False,True,False
_oMFIEtUifAQCFJj_D-fOgirsz8b2e9osZUV2-abx5v6KHm6ROyuzyCgA_6DECtD7z_OVpsseM6sRw,SILVER,III,76,44,50,False,False,False,False
IVZhtC7kMIeod-u3cS5Fh9z0fhC9LnsUZ5I1kiUJbTgIFjRiAvsPdt4WKSLHhpNAxZ6HJlm_aGev_g,SILVER,III,15,26,24,False,False,False,False
QfRPCprYSgQF_vy29rAcnb-WW2pIeycZi4U2FBnXRKUMpPz-XApIefkRAOoTf-xRZFNh5B-xBX-RTw,SILVER,III,77,4,3,False,False,False,False
AiXAvkR-L-AZppGJln5xDSyvjs3nGGiXa7my77vZ3QOr1rjbHZ8neGoCMInZbgc7shrwq7DZ3VzeLA,SILVER,III,41,25,31,False,False,False,False
c6bH--ygd4jjh2EjEslqWVZCPdYjGHTzb9glQBqU7_B_9WdYmIQMLpH0QWJugCSUAH-GpkqVi3SzdQ,SILVER,III,82,44,41,False,False,False,False
FW-1sW72MfcYt3mcoYWE1PXXaX_tldBxlWnrmPDqZpDt9Krq9Tejz3u-bSesgqJNniDGbiuyx3VH2w,SILVER,III,15,19,26,False,False,False,False
9Cvz6c5x5kdk2mxrGAc3j5GiidTDjZeXB82bFHL8Df1ve3GpF96fcz8055OB_Fr51FIqDHlHtQFhnQ,SILVER,III,47,17,5,False,False,False,False
2oKlpHb1BzchzyRs5qpSR6SANRbNi4lcvOQ4ZF5jNvngPI5mBhhZf1BmETdB6bz70PGxrSzhOMKlMw,SILVER,III,79,19,16,False,False,False,False
zra0Sc9egcLB79RA7XnyRcH7qUBp61fGU2hqVy68LYzKH2c00yhpvMi6ZDOosddO9krUGaqAA8AF5g,SILVER,III,30,10,6,False,False,True,False
nRDdMCxeIRet0fO8nrFe6dzDnbAHAc-FSPcCSi7HOI3HrG28FsXan2DFwOeyT-T1jFBnE0V6ZYBylw,SILVER,III,97,42,46,False,False,False,False
w7M_7x1uhJwF1EgUwgUNOyxbb47RvDsPEa5MdL7mZa92FgzGe7yayxOSozYY1iidyaOiMfKKMko8Qg,SILVER,III,37,50,50,False,False,False,False
ZK9YJgAtAwiR64bkXcAFLUjbhK_iz2QBXDDRZDeHs-fIVgTBtGeElA-RI6QCrKsZ3hizMZK14bWEvQ,SILVER,III,42,13,13,False,False,False,False
KB_2Q3wDQ2xPPc1RNQQRasc9dY-5wGIFlo-IHgrYdOTukVCtW9hr5SzbuiT0RhlvMcY_xjohugL2mg,SILVER,III,29,8,8,False,False,False,False
hiAY3WI6SdGHzQzGm6PWyvXg4WHVHMJK5xHabQzehkBVBakxFwT-37Az4l6FJ2HDlnJmIgF3aa7GbA,SILVER,III,50,11,9,False,False,False,True
98RQLXdAJeOxMHjX3xGctnEG5RwQ4hTXrIHtrhKXr5GwVVQvLyptSgjAqQwM1R2EWuGhfvcuwbXcPA,SILVER,III,40,25,33,False,False,False,False
xC0VMgsXXTV8_GUnT29_CtayFo9Dd2k8C8lMOmrPVHkAlxPOvyh4ELEG585-8rVEGAJkN-h9HGBFxg,SILVER,III,9,194,198,False,False,False,True
UqTY9gwP4wTycXZXhhIpJgwh4YMHJJmWtxaf5q9vne4j3uSAU0ObRo8zN03u-7en8JQ3rWeYEcxuPw,SILVER,III,7,8,2,False,False,False,False
9tgQbR-jWFBAqQgvUZ8hrBns_UKRenxpQhjxo3J2ZJxqnVW54dwrHDpGp1hgPT2RRoYc8QP2nMCk9Q,SILVER,III,14,30,28,False,False,False,False
fp7dXEPwDCV7Pqr7Es8-PuwvQXzWUCukwMqTqcxoBqMIWispRXq95o57J3DC4Xx0LfbjTYQW9dSYgw,SILVER,III,91,435,455,False,False,False,False
qDfN9JCGM7DYgbOCpdzuboQa0hLCdMJNKwF8uFBlCeEPnNmzPlg_723OBqbu9FM6jXdm6m1lfHQg7A,SILVER,III,22,8,25,False,False,False,False
bJu50wfVnJRgliFHQteEEHUC9LCUcf22zcwjFMkg1mbZjH9CAe5mxdOpLWZdNZnX-reiJau3ca_bCg,SILVER,III,68,23,20,False,False,False,False
RpTISgyAIHRuyGt2iEcI-4t_v7479ATsrTwZ-9PxNodU_ouxEJIXmbkn2A3vjE8EISuH-9vpEnvAZQ,SILVER,III,60,37,40,False,False,False,False
7vMZII56FQO6DYbAVeBFmhoSjt10O312f4Mr5WVQmurb_-a2In-OYxNB7FXduhrvhQvYH0Op_3e1jw,SILVER,III,25,46,63,False,False,False,False
SofHMjNqabnZQ1-4Rsmw1oV3-SOe1720KO--QNwqppyaU4nsElKgreCc_pQ7dO6l6hwVbCoi10k_bQ,SILVER,III,73,390,397,False,False,False,False
28qrvCudNWtBLotrJsN180T8TadjuWkGKaQ7Q32596tV_ee0X0o66fHSLkWA7IaMGRpEsePUIM1Jtg,SILVER,III,60,56,52,False,False,False,False
CRrcR_hzPDqwk-6a9g6TNefZUA4LHTq5XnKC7JG6q67vYcGfiAHiwc0FRzKlQGdjoGMq41w8ACR7Mg,SILVER,III,93,93,94,False,False,False,False
ZDC7huOcZRKinhCRH6wWjDH4RkIraC6WvOjAat8YDX5bZvTsK3i86JD5w7fP_sw1QDKXS0qXXNdUcQ,SILVER,III,60,1,4,False,False,False,False
2vYPkEF1nVQWbpSVuVSsEl4DJGSoWoPYMwvRtJwjpYJq9QBNCcyv59NOfgyC6nStn4JJ3zA5RHRsbg,SILVER,III,15,13,16,False,False,False,False
DY3mcU-DVmQOFCWIuI0Jj1tDJUmTaG0nbqnzAxCCP5ZEPFY1NFPllNExRW32fyPlrgPKS0bFwk9How,SILVER,III,31,175,182,False,False,False,False
-QJkYwS0leH7FL7bVPwIEPTY5Eh47mHOM1e12cwopxPdU6UdpWenTW0CA6fAGEwh54WHFs4YJMCWzQ,SILVER,III,15,5,2,False,False,False,True
25ZxwYv0iiiafi0YQaLfzxM_l3hdz4UAqpPnQTsKEESTNsZPCt16GhARR659FoMp3pcy3z7yXMsyeA,SILVER,III,86,679,693,False,False,False,False
Y6S0gHoxdOv8du-octVy8kyXPOEJUpjVwIXod3FSDxj_ElT5ZXSAUrKoHleQJu18b417aGuYK5LVWA,SILVER,III,44,187,200,False,False,False,False
S8vYPyyyd1lRe-w4dVTv0YK9dUDXN2hGiamZfGsVKG5oSQR1Hh4zNGR_9YsBwhiQ9vP_hjblXmTrjg,SILVER,III,1,5,3,False,False,False,True
x8qi5BoyHGqDTw2InoYZqHbJ-rVbSyTp1xhnLus2EQh90lxJd8Ncyxoj3M-IG107aKvdVvGSkYfe7Q,SILVER,III,90,2,5,False,False,False,False
Px0PRPekCM-SZZvsONdOlvKSL5AVNgg_uxMgg8649ZzbMuoCFANjZ1wnKisOK6iPxLlccvlqzfUKNQ,SILVER,III,47,20,33,False,False,False,False
8jpeZSlt4yBzUi-IiuE0VZwXv4ytz8CbVN0owyNrbuN5M3cfyW_wyUOjGDbM09-_q8V1iSeYE74GzA,SILVER,III,77,27,18,False,False,False,False
gjQg2exFXH3je2ispeAVMIY6BltPUl1oiKZfYQUEyCir-aTCyBg-X7jEEcd51Wsj-LPXq4MiYz1fEg,SILVER,III,99,45,47,False,False,False,False
uQgia5F0pWUhYx0wI6Z7GqBKTdrDNNFr0z-KBrDXcMTPe0cSlQ0KceF_AJoXFPFz-bXZjai0KbyzQw,SILVER,III,77,13,10,False,False,False,False
C8b8G5C_8Sf3pvaHJz1IpchnLHhaPhhzsN5AOYma21frxAUiF6-fVNJ6SL-X415eZfoYYlIqsKdOKQ,SILVER,III,55,4,5,False,False,False,False
YeJl1nSwloCIXMEbAANJLhwnu1cf83jMrSwoXz3-kA8_jldkhh8LOmTs-_9SpJG_vEQP3L9g9yyctg,SILVER,III,57,6,1,False,False,False,True
KfNiy7sDEjYcv7yY-_mwcPIvTK-ZchWZOeJRjgd-myHPXiM7U4DwmTgUHuKYTYcrp6H-b0s6FZwFqg,SILVER,III,30,1,7,False,False,False,False
TlzdzDhGaNdkGo6317s3eqlvn0nsPPatbZPVppBbcxezHozR_iLGzFbhkUIp6HuDO_cOE9C6br6YFQ,SILVER,III,9,8,7,False,False,False,False
txCoNaFGQJi2CeWjIgze8ZTenOS1o9DqR5vxwD64nZfaaifZBogsI7O9Xh5EA3GqZ_qVmLObh71JIQ,SILVER,III,95,8,3,False,False,True,False
IVLVjQ3r_U-t2zbGXMIFaHey7B60vQPCteKQHAquXFQl-XWZjZChAG266vcfrCbG54Z94fR9lTu92Q,SILVER,III,56,17,19,False,False,False,False
Ug7cUn66soPc4aEdsXpE0q6bUpl20bZ8v7xkatz9hhKb2ZO4ZSioaasxKvkEg6ZQjcuO-0rUaKBhsQ,SILVER,III,25,36,52,False,False,False,False
7l8Wp-utcy7WP3TRpw1eKhPdPPuRxzp4wdqnFn5CO3CLgb8kpCSPrn3EHDYIvdeHcPb_s9HqzsZR4g,SILVER,III,81,12,6,False,False,False,True
-c1bq4glv9raZyzF8B4ivghKMSI4Er10JVlF7klgxc7X8msKg98kaKbwlYzhBs1DxEIZfdbxkaSyoA,SILVER,III,75,4,3,False,False,False,False
k2Q9ZOGNnClmpAbaBB6OGOhuo-Rw9MlAHlTfkGFIW8M9IgqaoNWyfiik5ALHlyU64_eHiFXMm2hVQQ,SILVER,III,75,4,3,False,False,False,False
c-KjXvaSKgmlOgp1B3lTYTcQhK637Xv49GkKlRzJNvz3MXiHerOWdwbdSG3dNbrKyCzNcrj7PRkg1g,SILVER,III,58,11,17,False,False,False,False
bZPheo5DAgwtw5VRLwmP6DNMCKya3NPvZXyq_RycJPzel3YPDwJHoTwHqWHSsOHUZ1mi6Qg_ABTc7w,SILVER,III,47,11,8,False,False,False,False
VObOJwn7B28jwRzeg-AZlIrBdUmihFoVsPZdhBJ3tTaz9KbagMllP5iULj5NT8yMW4h1eSSz9PqgIA,SILVER,III,87,4,2,False,False,False,False
njt0dB1eSS73vgW-yPJ2jksb8FV4GRjPXnGJEFBXTutFZCnAkb-ctnl9Tgusp71iDDJnEdepxzsCQw,SILVER,III,78,56,59,False,False,False,False
t6PyqbIgTQmPz1of05dS7FOoBg_n_LZL2mqopBOfLsfRDqH_H-UKOLKuxxxigvICyKcWNIgPwtwqcQ,SILVER,III,55,8,8,False,False,False,False
dCE5VH2e6HBXeVSxMTThs9plNBP_dwkIBgFXa4I_AjyXnWRl5l6WCkTRa7WX_iV7bnR8MS92TBwKcQ,SILVER,III,47,55,54,False,False,False,False
EfK1q-J1qihtlo0vh8t6qtKSeo6Sgx_b3MbbVrjbz5cPetuPlbaVoE0s3jOspK40TzYIhICXHMuMkg,SILVER,III,9,97,101,False,False,False,False
XM3alPCcF9CTcIG2tGjsh0p4iSnfkZ3gP-kHiVusehUNXwByxKFjnAUglmnnLJztsuyYiRaaGJvhIQ,SILVER,III,38,31,42,False,False,False,False
KexHoW_5_RMwak27CMpAPDrkSUG07Bp-2g3uXyBwrFHuoGC4x2b-SODSsxy-pIjJ0xeAztU-Mdx1rg,SILVER,III,80,49,62,False,False,False,False
h8uuXx50v1X96oMq4KmLnb1en66GsWJnhVaz8SxVRun_Xq78E4FfgFqCGmJM1vM6VOT1ueR8g1yyRQ,SILVER,III,9,137,138,False,False,False,True
Q5m2LgNBNZwHQOljn4wdf0kZYvZd3DneZ1Ekj2VBGTrNrNz_Oh1f8sN13AecomKkU2EsiR8gj9KEmg,SILVER,III,16,15,18,False,False,False,True
MtSEJtMBRBcQJ0W1xolWMoiTW2u11iaOZj06ycIX4TJJesTcTkzPfykArErm-iMqZg3Qye-z8ybK2w,SILVER,III,12,12,12,False,False,False,False
Xpp1xQJPanlHdDvVP-iqFkVWGl9ALIMR7LOklt_ssVKZDM_ec6CbnU4MmtZtIjp_mTv8wgE_ToMUpw,SILVER,III,5,6,8,False,False,False,False
cdsDVMNRFeZ-7JULlqGF5-YG3VPkV8ym-nzBrH5YGFk4mdsFY6FrHWhnw3nqHz9Xfmfp5w_bPHfqjQ,SILVER,III,0,11,12,False,False,False,False
WnSzgHYKQ3HAqdFk13S2JmTuqJCn0LYq-Sivvz-Rn4j1vV8ZV3hqQfAGBy9yctvdzp6z7TLh50Tu6Q,SILVER,III,27,20,16,False,False,False,False
tI12ZM9ULlJqo1pfKKD9TfzMyWRVBhPFH-UdYx2ML-qOayp-OZqmtADOIgTp3Kd-nHorSW7cEETJSg,SILVER,III,85,20,26,False,False,False,False
ZFAfKrgMIKAmGD4eZjdEbOvNxMFnhECdeIkpe3Y-Ps5KP5CzfREcmZkGldbPFYWyCANqdd7K_LmYOQ,SILVER,III,48,42,50,False,False,False,False
IRM9ScAlOCI3AIXz3rxPim-R4Sf4Ydt3x4CV8lM5qmxlel717TcbDln2LYo3oeTelMucI2dL1Fbp3A,SILVER,III,10,136,158,False,False,False,False
zd4QUiQ_kF7LDKcTpRoWib3YnwJJXze3sVzlOWVON7RQJa_pwAM304V1NBSUME0h0SdTRmvD1NYYeg,SILVER,III,47,8,9,False,False,False,False
msuHEHBGHrObUtF30dB5F7PmIvLGN3PL4kViniEEww0WCXP3aMsQJNJ_S02r8efp7KyOQY-CTop4WA,SILVER,III,71,20,13,False,False,False,False
zDrGMD9LmPrjg07D_4oooQxWJXj52XuR3aPQHaJmkndaCibkaPGUIUJGmVquwhJufkucg5f26Ul_0A,SILVER,III,60,1,4,False,False,False,False
feR1ocdXv_5Icaks-M143zr-4vv_jTeneXTE6KBA1HKcTk6OcTuwRbCX-UhnTTUOas8HbDWQL1x5Tg,SILVER,III,5,33,33,False,False,False,False
kTDQzXKmgMigGoWXS3UXB7lUnXf2UooWmhIy5ahufPD8dv3cwnBYuEjE6phfJjfzmPsOLntUJrvqYA,SILVER,III,97,15,24,False,False,False,False
aZivrY980714AG2IhICJMJK0xV3PCagaD7tIsVVDD5kMq3FnmCVUXTXaNSarnVePsqPXhdUXDeEYKg,SILVER,III,43,11,24,False,False,False,False
iaRQMJxOK2709_TQUze7GZeloCu6zPh3OGCuSiYBt23f8_AcTPAyGgVyYRNkOt7gOszadEmkieovhA,SILVER,III,34,15,17,False,False,False,False
mB55SWZTq9rFrXmz6lSToS9tHeQXxvJ89VxT829rVnB1w2zT9mOl9MXF7EuNGOV1VG5CmO19JONjLQ,SILVER,III,9,39,35,False,False,False,False
ZyD7S5Ms7aiondVLI0nIYxXeHHcpUCMSBaY6RNDyhvzIFSTjFGt8YahU1QsIMFUv81ESiXpl5TT44Q,SILVER,III,37,116,136,False,False,False,False
BuWCIPNzFrXE6lQHWcgU3DwaExIS3iWiA66pWlxbKFqKY2QZE6USIJYJI-jQm7wylNSYh0T1DYb_wQ,SILVER,III,12,5,3,False,False,False,False
2sZiyc00Hpz6fUOUGPMfYDNWMomUmB-TVA1-n5E_9kN_OsSiCZ6W98KzzWmlEUpzeP4w2XYUPAHSTQ,SILVER,III,75,109,125,False,False,False,False
gPpUeycTjPtaPgCOzOqbR-O_opdEiwjAWw0tSKgYhQLviJbex6rAa0MSHsBTEvRpN7KYlQkEKu4boQ,SILVER,III,60,4,4,False,False,False,False
fK5BPK3_EbOqircXrWAKvHlevklgq5xeD_RLdxLpam1HEKoQ423rpe3IZJRfazPq1auersCBry-A4g,SILVER,III,85,10,9,False,False,False,False
8sMkEoRMq4rCDTlt1Jg_-RCh94oOdFa1khLe804vxIIGBI3w4maCcTpFKDKzn6PFON3exwTI7s_pVw,SILVER,III,75,147,153,False,False,True,False
66PyDTwrK04kyl8603bSCagUZUZLLfbMUvwXnKzYcaNmh40G8iGKFflWrEvucSoqsbU-nYdXLdVvcw,SILVER,III,65,18,13,False,False,False,False
UigjKMS1Z0OWxD-A8GNZhae10zBpyPcSYxfEiXvpqYD4I10c5FWaz4ADrYSuhSdWwcxDrOvot_WUjQ,SILVER,III,1,26,27,False,False,False,False
wfa-4XC7oJmltlFujebj8qsJH288QPY16_Hbo-O2O0woAVB2AkcPp2NSx7kth9MzatVknxSJSpZoHQ,SILVER,III,20,7,8,False,False,False,False
LfQivCZnQKLLlt3R2FnPnd1wXvuBrY9C_-OdVdQjhEDx2h3ubToFhnnLc9E3Yq_AzRUeN-btJDGU3A,SILVER,III,17,10,5,False,False,False,False
3mZ-5JKRKScBAeqmJ7kLcrcIddnPhAekCJbNg9pZD5mA9Kug4SuR7ufBBRoXz2SrcfB4KD-wkxfI7Q,SILVER,III,45,3,3,False,False,False,False
hrhBaUid8cQrW_wznAW0y6aWgj99Ays6QduEkKQqKFJtUY8im69_XktEoL4HPLEfjkFw-BeQeEpmxQ,SILVER,III,19,27,22,False,False,False,False
73UFvri1RS6iY_-U8gaH0ee6g6dlGf3_Wwzyi6CgZun71J5kw-YmV3ffTf2dpaWL-WtxlNiuCETNYA,SILVER,III,35,48,64,False,False,False,False
xQLNePEImnuP_bTv1k5t6gTHpSLE-T6b1uG0V_xfkjVQtZmPHIc898F_BLMTz_QDW-LW8MP3APubQA,SILVER,IV,69,39,47,False,False,False,False
Y0Uh1wdKQqYbKereOuxMDNIuZFOvXkLtmNQMvRIiFtF8WJDtMpTMJR14dplJJqBwodjdzCqzIZNTQA,SILVER,IV,18,219,216,False,False,True,True
FErn5ZeVtM3wbKGucM2Nxl83jyKEMH3pbaGIUcnz827RTKnibQTGVkardpUFSvZL_otnWM_L4FtJlw,SILVER,IV,67,477,484,False,False,True,False
0jX2-TqYjMWym60fChibz1ISW5czOGdJAXE3dZ0EqSI8hra_Xp9pySlSRJZWZfD3jng_IG5IVX_xYQ,SILVER,IV,27,8,11,False,False,False,False
V8jdFVEYNtVXOGYohJmQSOECNlXtbPpIyQT9e8Uf804ACV2xG2bCEzZ93mTyW-BHbrYokqFkRInhwA,SILVER,IV,29,6,4,False,False,False,False
mGfBbIG21dsjEkC1RARIM-OWW4SG7JmZZIQUl75ZB-mFioyHFzS29WqBQmtKJTyJjL8vq2R-SeMLEA,SILVER,IV,65,7,3,False,False,False,True
5fhRUc3j96et_W5NTH04EYNuLRN8-k_tOPyjhkxzsriPYTgJO2iyDObWK68qgzkdlzXdykazRRLpzA,SILVER,IV,55,2,7,False,False,False,False
_k8qfFkIH2KHrpiqTdQd37g9LGoJuUtCk1FWNbnzGuyCZrm3ws2KGK8BEWJxmx0uwOsqsKifRYoHRA,SILVER,IV,2,76,96,False,False,False,False
dtewON-iRXplfq6hnps9oAeWhVD9DmpQGW7--DXj2nd2-BVT6F2rc6V7RPLZFMI5_cbnT7jUaNU9Rw,SILVER,IV,89,16,16,False,False,False,False
vr8H3Z2os-maOo1LeQhYlFu8lK5WTZDY3PFYHOwdskEGM6RMCE8y9UOly8WRMxqsvTBYUwi9Ol1JPA,SILVER,IV,93,93,86,False,False,False,False
5Sz4Mee9eTnTr_1n5Xroz61RUnrl7kWJE-FCVguiGboZBtV1OZnkR8Td1Ogh8GOJPqw3SHjmSDmORg,SILVER,IV,0,5,4,False,False,False,False
zNMoxTYh-2lyCYSKKTE1F-9FMFupAqB2VZaLqpJdHXiTggQuq1MgaeKrUNDol5eHCexv5ZDzZ2XJiA,SILVER,IV,20,19,25,False,False,False,False
sDjlmQKDJTKNr9P7yTeg7VxC6-a8D8Bt1PufR_TOsFIKGc2zsLtWSqo5oIX7TJxdE_jqfu6BAXX3Zg,SILVER,IV,90,0,6,False,False,False,False
vT-iDQ-8gTpN4zeOyW04ZkjSL0vTv9kpsk0YK6wn6UUQc0uZCTkJVS4lPlVDXAUlzSHf0yuvg4qMug,SILVER,IV,23,50,47,False,False,True,True
WwPivtECUQHcJzM0qE-3t9jugOVCHfcO6pFJwjLvMU0N9yCCLNtEGi40Q52ZhIz8Qyk12S_5_c5FWQ,SILVER,IV,0,20,40,False,False,False,False
ghjZkUN-Dt_cPdA6DaZasKBCLOPcV1g5_sn9yjk9mdCUh-R_rr2Z1pD8_E7oh1z3oxKWyyz3BlSnRw,SILVER,IV,92,28,30,False,False,False,False
3uUCwChGHBGB-goAFCH6QLRez11B-w0imS4UWYMQ8iv1m0s83PCd6ts3fPI7Ic62Bi8CoIZJklWpwg,SILVER,IV,15,7,8,False,False,False,False
e-o8bqhKqXGCPetPkEoMqYvPtL1vyP-j5LcbunSFJjYtCl_ze5xa4ueCg69cAZtSVDsSBE-ue5puBw,SILVER,IV,14,48,61,False,False,False,False
rnqMzT_eAXf8tA-6tj3bhB2oSkkbvDQ5_v47j_IrLifqhEpHp_sMwDcV0cGK-5sXL6cH0LbD4cm_sg,SILVER,IV,52,6,16,False,False,False,False
TACwlxYhmVT_opw-K2lG08jpcKRn6F6NyvyB1CmnqgIxpKc-e21iyOnAX2AjH6lVM9A3_BGdCz3GUw,SILVER,IV,0,8,19,False,False,False,False
pOzC2YxBSYJkWqGMZdXz_uHQrohl7rvI9owEf1zc2hv_5WHPM38GtdrwEpVW0I5I7GV7LK6ad4brxg,SILVER,IV,14,116,124,False,False,False,False
Xdg0hDlF0WjuRxHNMZsJoE2_UBpBDnUEFwKg3yJ1_X3fxLAqtq7FQciBAHKkj5WFtM6K6yvo7NCvsg,SILVER,IV,28,184,183,False,False,False,False
YVuIKbEtcwR6KY5uC6eV_hxsUhpRUslr4tb9BfT0ACWPiDcgJWHHRoXsik0J_VpYt42IUc0dnqpzCw,SILVER,IV,91,19,27,False,False,False,False
hHPF4a29EO6PbHHrUMSTAZUKmwU8L7rhK3nS_nv5x62gA_6Kx68lyFYWvUXxZxfSjmYzwWRc-9NejQ,SILVER,IV,80,118,144,False,False,False,False
0YBMnwM4jXRs1xI5VBX_HgnvpzG_BV1sNrocgln8rJA0RDxqb1_A0fooASCA5sykcjPAx3FkQTN72w,SILVER,IV,16,62,68,False,False,False,True
x7T6VRSQo8vSlSuZM0g-vuKgYxRoQmigqrEx9TNgFXubWczxYv-U6ssXFBrQMXLe7fx2OTLEO_MhJg,SILVER,IV,10,2,3,False,False,False,False
uhXVOu1eqE21cuqxjGhpt0rxi7tL_MgVwPDuKMHTnJiJyAU5HsW7pAHCzgSGIMWQGcMvmzVqexRNBg,SILVER,IV,97,14,15,False,False,False,False
1eKMnPbXN8t8861p8vt5H6qhwAbvXxPG3DH7OgBk4Lo1fSYRT_C1SxXeU49aVFMSivycdMKfe75T_w,SILVER,IV,90,26,31,False,False,False,False
15SVrojCpwS5gsj7JXuYVnWaQEk_4oXJV2n5EYjhjzitNy9YPy4GkTwlsy--uKvLKfuY6PqUhAkBsQ,SILVER,IV,60,4,9,False,False,False,False
-4UhmcGZkiCJ-TfNmvaEfMe-xQb5HGvVl_FYHWd3lJ7A5Hl3juWCmo6lr8YQUIHFJDsV0X5XBoe2mg,SILVER,IV,55,3,2,False,False,False,True
S5jgUiq20uz-W4Dl33sFAEABoiCIIqugompemfWrhaLRnJdMQL4jVKqxEJ2g87YjWwwoQJKylfoiNg,SILVER,IV,70,17,12,False,False,False,False
hrHT-wQM0cxp0MC2f0owB-80o2DbT4y40riLdeXN25YAJ2srh6QR5K3mPdE927FjlfebSHv4wkflBw,SILVER,IV,7,110,115,False,False,True,False
Zp8roaZTuo28oYRlMWvPZQAc9UIP6rHFdyQdy3vrzmJIptsUnkNybiuc-gEOtQHGMlGXxTb2Jyviaw,SILVER,IV,28,23,20,False,False,False,False
SsTR2gEtB4ovxysiqh870ucRi-LdZLYd_K8J1VsP7AjlslLDARKFBzF0geWxUL-yhHd-8Wwdg1Po4Q,SILVER,IV,79,35,47,False,False,False,False
YjEkmBG_gKXrJWKKA76KVfWunHnpCN_2yDE8GPGANUr5MZuUxB3kdqTFfBgpKItMAFv_YkmWcKlo5g,SILVER,IV,6,159,169,False,False,False,False
cVDTOV_SASJCjvA3SGBW8IQIUh3xPvUL99WgV7kzL6HjUfoyKg4PEE5ntbnQ6cb3uWPSfdth9haHMg,SILVER,IV,8,36,34,False,False,False,False
S3GCbHHTaIwUvVLE7HFsnSQl0nOnMJLY4kXJnsnsOIJfM_Iz9BCsVMRD0MO2eKglqe9MoV2QbTTA0A,SILVER,IV,0,4,13,False,False,False,False
-dJcgDHSMUGb9N97c8C2RUc0YNOuXU4cw6I2YR0Fl0MYyhuHY25SHafklnGDewTDPCTWpwNPJFJFjg,SILVER,IV,63,15,22,False,False,False,False
q5zshkWu9OAZEBdnPmZQ8MZOPPTFJyXw-NWCCePYPQD1FK5fL_DmxbWlPvosYYKAV_x004s_s0D3lw,SILVER,IV,53,216,222,False,False,False,True
N6Yt_P-OVBOPJisLaTxN0Xv8L8qXM_hjP6-bofq6KgwGwbYYT3ZOTqI7cU8inhAYZBIIPVy7_Z43Mg,SILVER,IV,75,4,3,False,False,False,False
HOmLTEPcFC9FrcxNmIGhq5TMc7RpGIVH4OahuB6fzHyHHPKGOeowaKEpWvZEeQqZXZKzz0N8PNcMsA,SILVER,IV,86,15,17,False,False,False,False
ZFPIeJKM1pYosCdutP37qxsj5Wqz4Ik4YS2RfCB080Prb4rodS3v4CmhLOjMHLGZDu9qdPaTmel-Ig,SILVER,IV,0,2,9,False,False,False,False
aEbfKmiopPgwf0p9lRoAx8NmGJ3eX-BSfGcL8oGvEFoWlA7UKym31RW6evCt24aie5Xuwe6ftrIHRQ,SILVER,IV,67,11,5,False,False,False,False
fNxCTSOTSJUA5rcOCImdqPH7BDG7c25H0pIXyBmsZT2KcK7hr8BWP9n_21yWA3SE6lG3mRv9qnLhGA,SILVER,IV,78,56,79,False,False,False,False
Kw0CwoCzz5N-Y04O1uORUFokUU3cHWcckrC6E4Xz1V9PTUfXs4k6NzUumIUaxH-aSzDw257guwrkpQ,SILVER,IV,0,79,95,False,False,False,False
rOgiTfC4s9uQGlncw91rTEueihGsU6lPTYlZf4dAgtqo8trBWu-z0S1-s4rWAinihxjzyMGn0hifLw,SILVER,IV,82,53,67,False,False,False,False
Sa4wf3AZ_-zdVW_wkS5lmpEyyKBkFyUr2qc-7LmUFmxga3WugsFL77t17amzJ905qY-ueF7w9Qip5A,SILVER,IV,0,5,4,False,False,False,False
wugd02Ow34k1goaSAJZG7RNMQgzwoBwYDNh8NC1fmBu6HjN0Hb3QWb0xY4EyTYU__x1n7L19m8l1lA,SILVER,IV,0,56,69,False,False,False,False
kER2rXhmggiVJXEAyKJXFR_qwGj4kzd24FJit5M2yvJaApqE3LTPEnL-tOqD3Tvbgk-hKTrK45z4Vw,SILVER,IV,0,294,309,False,False,False,False
csyW5Xb22H2341aZWxpCqQ3DgAyPoWsjA6Wm9t5fv_RSHqrB_voE3oar6yI4usKxQ4u1gXbCLHFAQQ,SILVER,IV,51,17,14,False,False,False,False
iQiIZqTwt5kJiQVOMmqClzcjdu1LzQNgnu5J0LXbyjCdRhAKh-JLQvJBjSh6vjEilsJaqEM91iFH2Q,SILVER,IV,0,19,24,False,False,False,False
XqMgkCS_6Gb6HEYxquyT6vGIhT4kJR90XdwC2MMo98Iu91r4J1O-75X7A7vfjnzPVabqYlcLm0tdsQ,SILVER,IV,84,12,18,False,False,True,False
D8h7D1_teyRZDBb947lHJR5j2fa2Dk7DCACNJS1jhKr6Dn823SX_dbi2r1v5otmdh2BSPGfmNtXfFg,SILVER,IV,82,24,25,False,False,False,True
qlWtFie6TuyPNXZt6YjaXihqUnl4XBnHCvj2PWA3v5_9V6CGWxiyMcesdgSuviZh9bQXV5Nd-bWItA,SILVER,IV,97,4,1,False,False,False,True
92au4owJGvVxyh39sQ0YJc2MOKk8jreZNr1-PoUs1cuNQwP4r4oRi9RlQj1h6HyK7ifkGjuvO_cEZw,SILVER,IV,94,109,125,False,False,False,False
Np3O4nMGa3k9Nso7Krzr6tgFlL7JYIRw0Epj_pxc01dCcgrX4uUA20uqXceNTZN94ildOUAhnUBCSQ,SILVER,IV,0,14,26,False,False,False,False
a5AFELbny4b5EeHIX7ES7QKdAP-FOI2Bw9pp76o_uo_N1jGpS66Y2Dof7WBfmO8CMFeV4-qiJnYSFA,SILVER,IV,79,100,100,False,False,False,False
M1RosqSv2QoTp7X9hN8bvB7zvMhHhrGIg-OgmCNfy9_JSvmvFfIgMnM-IYl9ffOE_NDTFFJxGFf0yw,SILVER,IV,1,6,16,False,False,False,False
9QfIOHbPyq83GUq_yEFpFA9U7Jwk0DPf6aOvEui7S3bErtXAUn5SBPeSrHni0eQFNlTZQvjpG5aqmA,SILVER,IV,5,2,4,False,False,False,False
McaXGcf64ihN096q3Wn1VF7-0u21AoKW8bFjQpK-F7ma-iVUAoD8iMwIJE53Sv-925e7-83JPTBNXw,SILVER,IV,81,184,195,False,False,False,False
CzAZ2mYbta8hOcabKIoxwf5Xv-Oj5iRdDZEYKcrFWO1cMRV7tU2nMmfndw85BX5oRGWg26fLs2RBsg,SILVER,IV,86,130,140,False,False,False,False
kkl_9epKBD3vxb4HP1vheyYJpi2QWCmrDQ7u0nqIAlHh2TFQ7SwgRGfaSvIuJIkRFBKMdvcF72PEIQ,SILVER,IV,38,37,48,False,False,False,False
OHHRtraIQ6a15t57kxnVS904OXaWAzOH_l0JgrYP9v8RdeK0uIK8-c-cMOgBDD3zv3bBo9ogha5iMQ,SILVER,IV,95,103,114,False,False,False,False
HRgo9fNWuMaysPHwyeV11YLupTxX9-fbQoTW-i89463qWcnGK9ix3NQbJzG99QEeHw2Asu7OR438SA,SILVER,IV,80,6,7,False,False,False,False
C2vc4RLFKzLlFIEjrCptfqWku2V3XdCCU3-Fh3qbuRgpVzt9abSuUSW6yJMjHl28kIqW75zbP3G1iA,SILVER,IV,5,10,6,False,False,False,False
YLEeLFpWGV6g54ZHMCiMq61h-DefDpzEiPzNJnG2IZ0eDValc8FPSg91Hpm1q6IqvInz-fhrnb2eqA,SILVER,IV,1,14,19,False,False,False,True
YNMmcpqBbvrgJiQiu4sSQcFflbfFdg281wC9bFXGKAg-vV1WkyRtlk7W8gV9xC4vLejpGQqJ6dlglA,SILVER,IV,80,71,94,False,False,False,False
tdWt8SSkbNgPIGLHW7G63J_j0YkX8VibO0alHo3mzDgmWGXZTTu_kFdP2WBKtvKq-6TX-NVceHQG2w,SILVER,IV,57,6,1,False,False,False,False
NQ4Fqh7VqIkmqJ4QBWpCBzij-KHGgdcGOaxot_tm6fYheyrc7KaoTAbCviPU0T7JNKeFgWTpv1c90g,SILVER,IV,81,7,10,False,False,False,False
DwsXz5kmEMjLsbrg2kwynP80QQsQ6pNgI19MaiCuX_1tyoUZhfHB8pFZOI0Uz3kkGQNnUc3BXWnStQ,SILVER,IV,52,78,74,False,False,False,False
EdZdylFtV8IiDI-4B9qgvBNk3_tjCyIEDVmlsDk-4FUJmeeWFNPH5e8kIfa_DPcwZo7pMVVa7KKC4A,SILVER,IV,0,29,44,False,False,False,False
AleVe1VaBib9JcBe-faTxMMQj0bbOvzmxptc4UmIe-E2loZZkY3o-sJXD3LjdL25NyYhrw7TN8aWng,SILVER,IV,8,6,14,False,False,False,False
5xaHy3sFkJshnsI-l6e1dnf4i7jEQ1ZAXuZJCqVVOKvGVeImbuzgVm1FySHXApqYUogovTRM69TVkw,SILVER,IV,77,38,50,False,False,False,False
5fXcYKsyK0YPMnQvlLqWRGkCkyx3HVsJUGN2t9kHhTRgEYlDiWiAHn_R9wbrTTzbDUyO111c9dKMRg,SILVER,IV,0,7,9,False,False,False,False
GIh7klypOrLdnxIIBYybLKVpEJr7Liuu5ZxT8xUxek849n3Vn6ELWCxHGDc_at2J897LYmuMvt0VIQ,SILVER,IV,73,32,54,False,False,False,False
kbIXn6YHN6lqttxn7hr6nfTf4387v3PsI0-w42J5bMBfxh4zR3YpXP0FYYhjq9liQb5JzY1q8gCN7g,SILVER,IV,87,4,2,False,False,False,False
JAiR2tTiWpgbZILpZQwNJiSpq2qYt4R4rwzciK7hu_QALadu-iFcXDzfufWwnjC0G8lTPMvm3p40mA,SILVER,IV,90,2,5,False,False,False,False
vBeaL-2bwwbJu8Vaiu7cR--C58HxXmn3Mh7pJ5C2oJe8LI6EZL5-zlzLD5_UbURNhLO-D-vbFznTBA,SILVER,IV,1,5,3,False,False,False,False
_h5JYSxFqhCYKXORJKlJ8D9-22HfQjmFjagwBG5kG0c2lMwKIhNKwG0E1Dn7Y1ooq6BMRK6QNsizLg,SILVER,IV,82,72,79,False,False,False,True
NjvgyHHSVm35ccRDHzVLbspklORxWf25PCeTU3EKdW1wH_TxbQaIR9LNPbi5Q4Av8PZ5cGNhb_zLLg,SILVER,IV,97,15,22,False,False,False,False
wu-Tb5G00_OKHE0-Bj4X32pS9lV1D1hPeATnYFe1quH8DBNI2tZ8snZdjXPIrfEBS_drgiVYVzlIdA,SILVER,IV,30,73,83,False,False,False,False
HO22CIKm_E-tNmPe3fJ0ZKccHMBTrKWFgtkx1fxPugdpgwHXLlkHI2tdJhT-nZKkhmYuJuJScGFS1g,SILVER,IV,89,120,131,False,False,False,False
Zvm_ZhJctXOYHeJSDlqfD5SCwqk9QtieO0-gyrDewx3DEuKrCr23ohwdi287vmqlP16pYvnXow5oKQ,SILVER,IV,33,73,80,False,False,False,False
AsSJi75zAv_o3iHZNFSAb6S0a5DitLf19Z927f8II6iGgkvGKnUAcpHcZhSI5mFI8Hi_hDtuywKNww,SILVER,IV,61,155,166,False,False,False,False
MjrxX9Tfejed6XftSUBfJypIxE6DLYyaGahKeoVf4JXL685f1zU83Gk6IUlcTdADM1mWaOrivtSP5Q,SILVER,IV,25,5,13,False,False,False,False
Im_4bA62tyIFt11bq2EXb5Eyt28yvIFKpku-l82W9yBl8DWbIdtUDFSuwyw_KpxxAsj-Smy-FDDC6Q,SILVER,IV,61,68,75,False,False,False,False
r_3r7pZ92R1Z0HncNCsi5J8bZMTGC5rpPb-GVs2CswPOfgTb1X23CN57DDtrGiJ4yXj7B2CiPKby5A,SILVER,IV,69,184,191,False,False,False,False
cCKEz_7kKLg3BPyWkaN6KjCjDJjNxMtRBFU2xpLwTrSZ-FK1gByk31x13cWRsQ4fvh_NMsSlOV4NtA,SILVER,IV,73,8,9,False,False,False,False
KWUEV6qTq9AaKeG4rPR8SHAmWRnG9K3iz7LiHBEMfDzXv7C1vElEU1MAVo8KaVNgM1DAzQXlJ9MR-w,SILVER,IV,7,8,13,False,False,False,False
jceV6kRPqvix6z99S1Jcy3N3E1jTKuUdXlsjlvI43wjSg6iKw-Y9Mm8q6Yv40Fr_zBSvjo9pKGVKvw,SILVER,IV,45,3,3,False,False,False,False
zBSC0zPgQ1ZQEeS-1md1rGfGISJWPchgCVvI3CsDX10j20rumn6_ZIVowb96P83AmVSHemdQxGpFgg,SILVER,IV,50,2,6,False,False,False,False
V0G1gaWHqbdpnanj7WmDqtrJpX6WIvK0KUiqvk5sOq572aT-WSF7N9U_CPFnZl9VjPzjqVaFDnV6hQ,SILVER,IV,86,57,65,False,False,False,False
oBWgXuqLy2rWv1cUP976j0JhduX21LAQ7UOSO056Njk4u3q4cBUhQ1M4y5SxDiya2tD6p72GFlBNKA,SILVER,IV,0,79,91,False,False,False,False
CHvMgd_BNd4vGLwtqfbfEhsvpGIHr1b4tZzQD5YGax31Y1wkNp6BPDawprFFs4Ev6ZvzaOTc2JalvQ,SILVER,IV,62,88,102,False,False,False,False
a-e5QK7kzvXUu5g_AMxoCxWR38xVUtTkN_cjLx6DtsPTOdAO7FSYFArWv6hkcLJG4SwqXeksCplqGQ,SILVER,IV,27,168,166,False,False,False,False
QBp3eLljwJP9K2C_VqCHLQMK2-B2zbL5uAoTLh9AJ30UIiXsbHyhhbcoXYGp2py_x4dQOvpiqxzx7Q,SILVER,IV,70,1,11,False,False,False,False
WvRnka2-VAyC59gU-odFJvYiXpcu1f83xy5SgmBjJ6hfnMcSf_nJziClcSj_QRIsph8vnD8LB3P00w,SILVER,IV,7,12,4,False,False,False,False
vvp_qp1U4YiA_MbPIbaSv53fLf4eqthkJYITHNVwMY0U5uhSwzJzF0DA5M3t-pPtY_l5F156MIha3Q,SILVER,IV,31,154,165,False,False,False,False
1-hu1vEXR8a1NzgCN970pQyz69Z5KHe9qqfedJCIqgFos3XyfpY9PZuSO274-kocfKIvFck6RB58nw,SILVER,IV,19,31,39,False,False,False,False
gxP9qO7iuTg8aCRMWC-A84qXbQX_-4z8v8LaLxYvPs2qmZOoZYOsLO8Z8ox9XPmSRuim6BOjLlhp3w,SILVER,IV,50,23,7,False,False,False,False
H-hcncOG6pdlzq_Ua8kl8UKj-cb2hynKbWysPbjns2S_bPzxPnhNPX4-l9VSeJM904SbmPBPC7Misw,SILVER,IV,11,30,37,False,False,False,False
iD0oGJXklOKwQMvQKpjx4QzsR7iUXptI_POmrsN_KWuJVLfqO8dc36Bny05WSo0kutN5iAStGMvlMw,SILVER,IV,30,2,10,False,False,False,False
b3McUTpA9Gln79Nojm7zLEOjThuHtZ2_oYQ9uhz0orS7sKMeprxCA5pdS-QvhUDkQLZ87SlUaIeVDw,SILVER,IV,79,58,76,False,False,False,False
OCBQRclJv78gUbMD3saPzETbG4dIq3NjUS0TivdhlDVzmNpvP3Htgs0gZ3lLoj2EubWrTvrkSJlJZg,SILVER,IV,3,39,49,False,False,True,False
_FDNOFA1Ej9bN-OOndhDNnal8ZzBSi4-ddadk8-2vo9Hi2B7ym-9ZIX3fgLcgcByWbM2goLBgujXaw,SILVER,IV,90,2,4,False,False,False,False
uiph8S-wm9ynQeF9uCUJqil3tvm5jxbK2z3ljAOgpawmEDZ5yprT5RmaNbJ3FqBqb_-g80vPswENUQ,SILVER,IV,75,9,8,False,False,False,False
T5CvhF9S7MUGc_8rGzfLG-LYRixlAGngWbW0wF4jmu3ZkUlmX13clfIsbtn99wGogCVZQA2uzqwlYA,SILVER,IV,12,78,78,False,False,False,False
gHBIr6YznNSSjoBODCeh-8wPN2_A07iSEH8vv14hQpu2IvVC_8WSQrN24jNhBUfZ_Ac-OowgtTB9Zw,SILVER,IV,42,21,31,False,False,False,False
uiA3NH3MGrE1wlBBBZvR3EB6V3k-l2ACpwNR9uXAce9sOaA0vb20qKHQcq4Y293HWDJj2DCTS9FR8w,SILVER,IV,35,13,4,False,False,False,True
fI-KjCIyLtI-c_OCMRvZ0BqKbwmilIlG4q-vT903AuJjcabDJbNs792SpZKsa3DGvgjPy8hKZh6Vow,SILVER,IV,71,17,26,False,False,False,False
XitiU1_szAFtgagU4Y_T9eOy9C3Do3kV9q4rGno-yAgG4zUSWI1eYrRxNeZBKFm-WgkzE-3gTGl76w,SILVER,IV,0,11,17,False,False,False,False
kwApMfjjv9GVqrFn3cQIO8M6WHP9rMqXREwIqEJm6blv3heuKYHghq5t-ixkIREUJkWCcAkMFaTHEg,SILVER,IV,40,25,33,False,False,False,False
-SWn0vJomiGv1Xzff_HUF5yqFsz4nmgchmqEjfkE-nc6Pq5d9scXNg0pF9_-HQAJV4Q-kf1j7CoXCQ,SILVER,IV,87,13,18,False,False,False,False
kCAegNqpN4fm5k3qwcULqtXJ1zrW9aOD2Dq4tVlVRYONQw-k3frcubi0bApQhNBH3PSbYkHf0eJ3gA,SILVER,IV,19,21,26,False,False,False,False
cGL6G2xPvxrDtPA8_8ZiHHjh3se62zC6rYw4JHavWaltTiY_XXztYvkvywlqL1Bc1PI-2cBq_guv3w,SILVER,IV,52,23,22,False,False,False,False
ubl2CClEU9q1ygLfhZhgWbn4T7McWe_rWhiDTKjLn2eRrkduw8byNa9FvGK4GT07B87_e0-M9kCdvA,SILVER,IV,55,14,14,False,False,False,False
wsw0fH8959DcfZRzq6ugGDUoIMja19V3Ylp6FH7Rz6bUVpEb-Y4qlbC75Rz0LcpFQnIgP5CMJZCmXg,SILVER,IV,0,13,16,False,False,False,False
mKxFHzC1Ik43cg5A5igOCxzvG6b1vIabOYsYXe-HfMhPsbywSeeD_Z068ZuRb5nXDVbSMfus2Qwbxg,SILVER,IV,75,11,19,False,False,True,True
dV3IHU1YCzV7HeknP_4O0Stax2aJp2fNOPIiB5VffRdMZ44FGM1Kxend7xB5QpGBX210uggdZ0k-bw,SILVER,IV,20,3,5,False,False,False,False
-s1Cl2ndr3TXws8vY7i95-NYByrgrxuMr6cuSYWzXNNl8AX5YIYMOs8ZVRUxepmQNSeUcIKMclmnMQ,SILVER,IV,41,27,32,False,False,False,False
xHGtNDQ0p_EnVAiWcoxIt3c9-gc0P--45uoM6MfAINVMs3Lo1D55c5IAyP9-_lJrhgPaKdMfFFwOkQ,SILVER,IV,78,16,24,False,False,False,False
ehQAmNN4iMGL_35Giu4GuNWIZIkDpNqgUWiUtI6Y23XF8f4x3lEsgeIV1LI6SVFEih__j4aCeUib1g,SILVER,IV,94,11,14,False,False,False,False
BN83NOs8Dvf2asGxlTqgtDnPt6pQOP54mzDSQBwJYQ2OLwJR5t5LQdlLbRw7j13mSUQwMNu8J7R87g,SILVER,IV,0,40,44,False,False,False,False
adMZKgh9rK5d1Jwn1bRjyt-wKfo2bvQgq5AURbJKVqER6-ihLLLwJyARTAtiBDuGfqK5B8OgGaIkxw,SILVER,IV,56,10,13,False,False,False,False
QxeKb2gagweVQeKHh01Z4cFmBLpAJmhPN4-_wLYb9VrsR36SQXgqqte1CIddD3Z1anlsj2w1Auspbg,SILVER,IV,20,7,12,False,False,False,False
WOfBtF9DtvTlP6AOIqs4x3JFO0TTZp6ac1f4Ggdu1jNuGzDon0lDkdStpNWT-y02u-TzHrzBtv4AEQ,SILVER,IV,88,328,338,False,False,False,False
qpMkUtBSBZrqCXe_LTe0b5Lx3u1W7ef0eJPObZydK--HrYK9RQ3vT9HJ3-9auh8RNZjOYHiaInId5w,SILVER,IV,51,53,55,False,False,False,False
5vjxlhATCcQLhrvZyArLzfzlf9BYXw6IfMH-fsYW7i5kOJwUYLB94z8M6f-w0CJBzxCoEjp0YHo8hg,SILVER,IV,4,31,35,False,False,False,False
VW2HzMRFaMONybnnrJlNKido5kOBgsQ5JRpsGIFfJDYTAd0t0bfCDx_iGdjheWNqotZ51MTBShk5Zw,SILVER,IV,80,2,5,False,False,False,False
FAUhr-y1ai6cDamqPZwe22k0682-W-jHsDl5tdnZHbuqtsznU4_7QJtgpT3MZjVk-tykxcD38ToFRw,SILVER,IV,0,8,16,False,False,False,False
s0_Asj7VW_T8MdDjImq64x_25jA73frqjXgcVCHC9zigOd9jIFPJOQVkZ6A10JQxLLbfFSvft5iMog,SILVER,IV,3,20,13,False,False,False,False
3d4O0A4laawf_mrHLokSh8xKGHcSlv9kj4B30agtfS_CudmJ3q0oPYbC8k5Menz3VeOUWzp1Gz9z3Q,SILVER,IV,47,127,165,False,False,False,False
nsLzpNQdLbw9JMntI_l3tV0Fwlr6el-pYUDtXBwDcki412CsyzwdQPkofZuTu8hUM5Ssf49Inf304w,SILVER,IV,54,12,10,False,False,False,False
MUQOeLL0ceGaV8jzBiUk-_WlzmE-8-oPJf1LINBG5rPtN9SnbenDV1jPiPLFN79JgWYCVspASxZx6g,SILVER,IV,77,42,33,False,False,False,True
KkhqsBPIc5HPieYgDMSAYwOntckPOO_8NWzHKejJ7gHevG_HSaBD1AoamR6MhAWbwGcL1htZ9maLkg,SILVER,IV,19,20,18,False,False,False,False
nodN6QxObooJ64unLluq3ORxxWEVcpRejbucRr7u_2PtOCV9RS2mwePF5ZFj96DGDjUfBOFYdHPVEA,SILVER,IV,0,48,46,False,False,False,False
DIvVEPeuwQ6w5X-UZbWm4kJUiu57zu1Ejj9FhTWLMKtTuoLULD_5ytrX7mHTDwzgUdwQqLOAvLWieQ,SILVER,IV,45,48,47,False,False,False,False
OrxR_-aD1YsMRykwTsTZyJqwIdhzMEOq2oQV62lrvAlMoMzhsjHFYhqcMn994hygUPZ8WTA3qB4hGg,SILVER,IV,29,38,39,False,False,False,False
6LXWdHr-_SwPBzFsY01XmGyeYKnY5FBnK4sJPF3E62Y8xa5aJT9_EVFLuKeQTMjAITL2ZJZGbEktFA,SILVER,IV,39,36,49,False,False,False,False
4uYsacG623fTr2HUN1IFlYn89oTNI-oWe9Akd_bzRHex_ioC1iuegln26zxgejPFBu12Vr0ZYTHzTw,SILVER,IV,85,4,2,False,False,False,False
JAJx89L0C5RJUxcsAWkLSm1_KcdZ1ryYsyG-1kDgzs-1uTws0Bp_ksmm27crL3s3jmGGmBGpV6_T1A,SILVER,IV,0,11,11,False,False,False,False
m4FKZKIaBynF3lpSHmnmNQTc_B_4ViTQB1xtEyUWlleQ9zBxEeargjM80ooKWZjHyq09p7hXZyiu_A,SILVER,IV,90,4,11,False,False,False,False
R8KtgxbOVh1u40BJmRKVFwblCbMGmZit9PqJomDtTMz_J8st5RPdgY6IkpbZCM602eUpkLgf8RiBFg,SILVER,IV,88,25,34,False,False,False,False
swDT_yjle7vdbKolHgrXUGVwzPSe_IhB6DAKSgOTK7zzdy7JPwJ_1HJOQMiRWzmrCN-4vbFw8nN3-A,SILVER,IV,36,25,60,False,False,False,False
2fBdcXRDnvOe1TQU5YVATuSp30fDGWdYLuHuNQR_QyoHn7R_XhFDB6NaGJbMFUC_IfhREY-bJxckfQ,SILVER,IV,87,4,2,False,False,False,False
pwtpYLydTHeOHcgcNWPCOQAUMH8Jli0t0DS-HvoUPcSi6LAfN4rk2clkulFTZgHwK1aYYmYJex5bhw,SILVER,IV,0,16,28,False,False,False,False
YfFMUdQBdTktJs2XoqlbtT-SxgY-_kNiTFPaysMqE-qwG7J7b003_Z33M9YCFr1j624uqctGUm2atQ,SILVER,IV,15,222,218,False,False,True,False
FqkONU4Uz-eFCIpXLvhDUXHVmdHf52A-m9N9x3p-cW7meYyC58ArIW3kKSotmuGcUM7f8ZkxPoaVBQ,SILVER,IV,90,2,5,False,False,False,False
eGPpd7bk1BRJlimwuh1XGUe_9bjIIII4XEoSkiuPpUBh6Vm-7t0AIMw5N2mE-N0u6rfJYhAhlXmeCw,SILVER,IV,90,3,7,False,False,False,False
xCrsNvuLUb3_jZvjjjfp_TC0kStK_QyoNlLtIgYoGpxn46agN6j4dUsI2XgYTLI8Ck1BuGW6uGwplQ,SILVER,IV,19,226,237,False,False,True,False
697dlBnnuh0p_0_vX_kHBGac5plNBYuUnWCnis1z4hJxklxtF8Z3ye3Rsioq0ppz86ez6fc3o5YcnQ,SILVER,IV,90,6,6,False,False,False,False
iEUMjiEuReuDSJkvQpLQD6e8NyASDtAH1Thol7nl9ldqywtW81YPjhZXLTbNt6zT0S5-a8dgJMpvZQ,SILVER,IV,30,18,12,False,False,False,False
wsh6qcQmW0Vk_KLfQhCL_LPrsLI8SNasESoznXqkCnhrxlmJAuZ4szphLZSWBY42WeKRE2CIxd6KrQ,SILVER,IV,8,29,29,False,False,False,False
G4VLpyK5wrIOp1WK7NpTH2kY1X-VF5N9CboNCGxGX4xAWTpqTx7zauv13t1iuiMHsCUkBlzi7TGKsA,SILVER,IV,0,38,55,False,False,False,False
YtEO1tc4K1z6_OC1VkQ_dpskF2pQ1dso3V9G1kW0rwc327wm5k4_tNHOXjXtOMLdlHwYZrjUHxIbVg,SILVER,IV,40,30,24,False,False,False,False
e1DW8isVnG_aqA_GuH9pIY31t4Q1oQYp0IKycPLQwEMI5vwVQnFi3MtDqbtaMZxI-HO15-Qd0DcYrQ,SILVER,IV,75,125,130,False,False,False,False
HK87doj1xsHbjVbnzjJcZlPwzIy-HQSLtL3V7Vto3QIJq1bDKkKnbEsxyd65SaZUxw01VsGEVJjpkg,SILVER,IV,58,11,16,False,False,False,False
AjP47DjvtgLsKkbfMPn27jl_ZytaDHqupC6XACh-P66vw58BMqIT8c3RJAd0yL40cf-evXRFnKCg1Q,SILVER,IV,88,9,15,False,False,False,False
qpEbkEKbvLruzFAdwt4OwXVoy8t-2wKWysh42zhMq2GFtLAGAdgDYAdiiZpC0xWICQRt-QlraLYI1g,SILVER,IV,99,52,47,False,False,False,False
9-eFj5mDn6GThlMZ5adWo_9f1hyx7gOryeZ8XZekQKi6aZMZX3C8btY7fC7gB8fajFfR2pjg0YLdJg,SILVER,IV,20,8,9,False,False,False,False
Rs8bXeBv26ScmsWSmEkorX-tozSUXkU_V9oi0gZU_NfoV2qzBY8ZkA0j1Bln3m2F8olwutpusZj5GA,SILVER,IV,20,124,129,False,False,True,False
qHo7So0LjXMcoIZ6jns91HnL4IzxQmptCTh45bwvOO54uKV5-D0wlnr0tUvVBSZL89_iOYS1kS-wmg,SILVER,IV,60,5,7,False,False,False,False
rriFUYXsfGcBGGH_3KL-VqnqSYN1lGzSgp-vHIFGTHti2BdG6eZS5fIbrQzKag4QcthPLI_NS9mEpg,SILVER,IV,10,2,3,False,False,False,False
D8tet2oO3AZ2i0b9-vymBRLHqTTJC78ZgRF-e-i-8RbYIArhZp_w8pe62xB4yGw6Xt2TDkE5eOe0Xw,SILVER,IV,7,96,94,False,False,True,False
xrLa-im1jG5erI5CEzGXPOX9Sflq1-ACNiJhJQTJTI_Z5Kw-a-VXrWi0eZ2VQ-pFRKwsltbt27vUzQ,SILVER,IV,3,8,9,False,False,True,False
_h5XiObEGLJ-4jLhOsglcb3zQLbuWT2mpwjK29h6SDbgDbdpMAwiUyU8KsviC1QftybYtBhZ5CPv5g,SILVER,IV,28,6,6,False,False,False,False
MzQgxmxvN9MTdyRVpnfHkOIVJdmT72ba4hYjLfOQAmuNbe-_oY8J101xdjdSmMoYl0tzo8cXJ27FhQ,SILVER,IV,77,7,2,False,False,False,False
8znoa9PNsV8j16s1y257jRIOvvFBmJeCaidR4uBUZpecme3k9G-UN8LGLrCQJrjyukdNhipmPjMMdQ,SILVER,IV,4,24,29,False,False,False,False
0FrGIJRnNSHJ910iPSfHrvytea47gfpxBhPd2U-YVDZHCUBtnpHEkfc7YuERJOLr5N4Wu-lQe9fC4g,SILVER,IV,0,18,27,False,False,False,False
kIp2Z73UxZ6df2jp2uYDBhIl7dAKNRBt71X4bjWzf9jUAVDoSvh8WvUS2TSO_nYL6UA_2ZLgjridlQ,SILVER,IV,20,7,8,False,False,False,False
Ck7NFadKUS9jpuc4pnN3oHLnVFBdPK7EfFft8HiKf0Ge4nC00igeIAy4QW3hyQLd_nQqCQrl88b3wA,SILVER,IV,17,57,64,False,False,False,False
KthUViyGYjJ7vKpQAJdy9FEYWLvW1CVLmFVblkaxpqH8lEUjhiMBZOz6FvM6uuRCvZ8Yyvk-UvzbyQ,SILVER,IV,42,6,3,False,False,False,False
1MsUR5ETPSbHWUFtPfKHMi0uK9yz64pUkkO0uH2EeSewLNDns9jIlQ1Co4HS4LWcuTa2yzgHK8dJPw,SILVER,IV,35,53,63,False,False,False,False
0EVMMYAFfTxc6VV_Ad3CaR_xuZSfod5ZRYcLx0alxtq_SLTkJ1d7R4EVII8ETfUojaITxK45HkQ2EA,SILVER,IV,87,11,13,False,False,False,False
X3wHeS5PTxJr3PopW8UXPMF0gOe6sqr70uxC_C88wF_Rz1Jr8otuRlUVdsoW5braOaWsiqyCeXNsLg,SILVER,IV,0,508,522,False,False,True,False
9dZywfA74si44XNopazBrN05PRhjhY9rb0sEwzv6HE4IbgJhaKCHlv1QHQ6f3e_EurwEJLl4Z0HgFg,SILVER,IV,57,4,4,False,False,False,False
DLojv46chvRn0-4pbWkQYV6u8ep8z0xW4K74VDDeq3JvQdJfitnuppffwsVkb41ey_Cx-DUs6CcYgw,SILVER,IV,10,3,7,False,False,False,False
ZDK3Es6Q9emuqfxglvwnmnCbFoRxERg-CZhadgGOrLl7GJRQ4BmwhkRS9XOtb49erkgxX7i0jsgF1Q,SILVER,IV,77,7,2,False,False,False,False
WSSzX-2tOqSHBNJWy_xB0zt50ZYKxv_QHN6xeEWAV2a3yExS_SrU6ruRxAlvd_virb_G-F6Fh2E_PA,SILVER,IV,0,228,242,False,False,False,False
qGKkamyCFIsRleKRVaI3VYfwH3lmF1LQ3Lz--FP3xs3qk3JPAf4PoWoW9Yg-fvuwbbC6eDbLeKPbZw,SILVER,IV,0,6,6,False,False,False,False
m_nsRkJsWXS2k_VMMGzNNZQKDfRnQ7WcyvQQlFgoeiOOxz1AUW8tYHvGdI_6zMXLFVoqn5X0f0_cTQ,SILVER,IV,20,30,20,False,False,False,False
YjnWN9VUTtJJC9twFe_BMMypjFlUXg4C2b8OzycWG2bZSenGV3uAmiKoyONkBE8lNdvke4rkh6uO3A,SILVER,IV,29,16,19,False,False,False,False
dG2kpwRWC8KqrAgJebKxrL4Z4jQh9T-nIYWxX4A-mbPT2vOyk8Fv518F8yo6-L-v2_3W3_YoeFXwhw,SILVER,IV,95,25,25,False,False,False,True
yFro5wD82IzZsv21Z0zvUdHk2U5oWLuKXKAjqCt_wzRNJpPlzLdKWez5dLwvEntcn5sXkopcQOFjrQ,SILVER,IV,84,88,88,False,False,False,False
k32MUcoJuN3Y2DtvA81VfVgk44f8upE1pMoOqKHlJHq_77WHI8KNWylkOw52sCN62lVTBfqCmwxUEA,SILVER,IV,78,161,156,False,False,False,True
LPOt__zB4fYFyceI3-qPt4udEwjBZK6pAa-vUWKEpAasB_6r64NCf926bpiq1MeDt7ongR3Dp1gfPA,SILVER,IV,23,15,20,False,False,False,False
rRf2AclLDj9mfdk7eKMulAopyVgYnCPtDZaw-QIyJ7VsK-1MZsiwYWoLjUwXIfooX5aJeYYPa0ZWXQ,SILVER,IV,19,132,134,False,False,False,False
Rytd2q9JO1hU3X5-ppjAjyMSoHTW1AddJVyU3ZOcQbuQXS89JlYznuqrp_r0hMqZacUtaWd4-b9Igg,SILVER,IV,6,22,12,False,False,False,False
bFanIHFGDhSy-jdIAgsjJvxPwgPTU0MezEpv15WoeXYHoOv7yukOQj4UKgI7w-qqZhd628QchkAd1w,SILVER,IV,55,3,2,False,False,False,False
tZU1ce1ujMKvcjGj3FQDKMrN78_5HJoRO_bRg2uJVfQU-zP6O_sj-ryCaICY7f-t0Af_fIIogOy1Xw,SILVER,IV,30,3,5,False,False,False,False
ynw8no7X0zIMkbavXA5sH72BLxUeP5bvHdAhMXWlV80-RAFgSxfxrPeSg4dTozaBJZG7cL84Tke2iw,SILVER,IV,93,95,100,False,False,False,False
BjMT8SnTqt9OIbXK0nA7kabhpH6-cWxJPyTVr0ZYuJ9LZdGT_dyW2gLfFaDGNNiEfgOBxpWCv0tTXQ,SILVER,IV,10,3,6,False,False,False,False
RBk7xnMjxetG7bIjf0safzxcQlSgMwZ-5y_BwVDKcYojB80Zb986UP0tpTEYujKLJ7XXXgwgffRHEw,SILVER,IV,84,16,14,False,False,False,False
dnIP12yO-TBiv-yjCIX-PFtRE5Y1WBmpftc8FNsakJAR4eRug9TfNAlklrDk5RHHEsG8XLMjLCtcMw,SILVER,IV,0,3,7,False,False,False,False
BhL-Px6t8xM36z1K6ouJplohl7bxJVkMyNvZryMkfnWsdyprpWzh7jkulQP-6_L08xAfDU_RimjZtw,SILVER,IV,62,95,105,False,False,False,False
FTferjg8d6b-N_TlOVWrhqKp5iEOd_16EiS-EogdlT7I868ZdLpaM6ZCcc2zwbced-gARjKMsZQwQg,SILVER,IV,43,250,253,False,False,False,False
TWVu9PW6LN97NS8Pf66lWh7d5jPHill6F0FzCdn-vuzrHvBpEEcDIx8Cv6EHj5QtLtm0Qgdqr8irYQ,SILVER,IV,40,3,3,False,False,True,True
7s4FAMkrzvf2xJHP3qlwp7biQkOnDsNyzkRhgjsNTAwo7EG_nvl7wVLTu5dFuKZ8GF_NpCCae9yH1g,SILVER,IV,27,9,10,False,False,False,False
3Rcu2YCm8Y5b1Kb7V-K6ob0tfrE-q1pXUQjhv-wM5DD9q3Oxw1VT-mbJX50FlfqrZWEugGzS4-rm2Q,SILVER,IV,93,4,15,False,False,False,False
CHeBUgB9LiXYsexxM_ScZ2dg1EUOR0C2ij5SIttq7iVtvv7-p6IFjGhOlKFFfITSV02E3cp5tDGX0w,SILVER,IV,53,17,22,False,False,False,False
3A-zrznOnlbrXvl5X-dscYEvPuaLHCbBRBnElhsZVk7lWhY40oIJInXYVfxYDe2L26p5opepb84Rsg,SILVER,IV,0,10,18,False,False,False,False
SX6s6FbdYNuZY3ZzKC7Wj2k_-uBXa7MU-AVhMtuMle_uuTf_0H0z2h2NQbY9V_WGCgXXhnGxXLR2HA,SILVER,IV,37,5,0,False,False,False,True
TnoBykqokPxBTohz6Vv3jWWGw6vUrYm8oEyPzzcDqYMN19KW-4ojqlzlCA06PlyrO8aBTKsKaVm-iw,SILVER,IV,8,22,31,False,False,False,False
pKfy9ydG03MNvSfKkegVguXzh8TPtTyYmBW1ZkQ_Ay4ErA2Wy0_Pr2bgaGx0KoIVgFY4Ns4YaZq8hA,SILVER,IV,68,128,140,False,False,False,False
OoovH5gbwaq1GXT86bHNFZp6BqIKUdP7SLQAu9mnclihn-tWIYpJYqUhkGt5XhlDThLhgZ3K-LQaLQ,SILVER,IV,19,38,46,False,False,False,False
vMJOMJe5fE9alXgxr82zQFBTwpagivBVgmXBlB-xgmhzPMDwOIsVIDqjq0MwTRr1RrIjWUSS2pCP-g,GOLD,I,30,26,20,False,False,False,False
slwQ9ink5FORRK9CuHmO-WYHsC0dWnk67v60MvzgIFG4WfJI__hNGFEaBkENqabAvEliX2siEk-JBw,GOLD,I,15,7,8,False,False,True,False
rMLdQlbIGm_1aUfXiHZ_wLkhpN2L6nk6AnxJs_8fbD7Rnjul45XP446aM73a9iT-w7pR5RDfwhvhrw,GOLD,I,1,6,6,False,False,False,False
BDJCgwMVIv1upiWagrNIpyGYUSoGjyCEsxXtANIsKTOlVp84Kkzh82DffnhVEOVfaw3Q5XgPA36zlg,GOLD,I,4,42,45,False,False,False,True
q1F10_nb1iTCVoe88rINrnkasNspSNCidJVfV8bhJBIKPROP8kCbIM8LPinRd3Q1WYd2_TLAtKdS7g,GOLD,I,59,40,47,False,False,False,False
vG-dAuMZVfk5SGkc5IGmTnHi8f49Uk8vgjp8HMyNw_GbLfXv5Gr9nFSgr1BE0lVSUlwQ6um6ZW-cww,GOLD,I,50,97,101,False,False,True,False
MuFau8LluP1cfkIw-IUZIDj3Ig7eZwiDRmGA5MSFOhXzemcS03a3UgWp-xpqvsOWzsHzU7yvSboNpg,GOLD,I,50,96,115,False,False,True,False
DDuHpcIePd8e8eXvldsHMrLZyZm8OqWmR54_vl5iDA2KzqqOapk0VAkdK3nwnt4rQ13_qu_jj7HDoQ,GOLD,I,68,28,26,False,False,False,True
Gms9pVHxB6ZxIeHJHdFweC0uiabnw-BRfsXvUeyPdXqxTiYjDxzVqTV7lVH0VU0IlLRum5e4yL4PLQ,GOLD,I,4,51,57,False,False,False,False
P02johiSRq_SnK1p-i-F1jFQ_W9_tNS9-7H6Qe1KgbjG9f9nS7s4OjxEkUfEBtKcbLyR-T9-PiYGPg,GOLD,I,64,48,45,False,False,False,False
qL0TM4QWmRetvQrBMe2BH-Wos9xejxq2q-W0HoWTl0_ZFBLs3vptsN3UBzz9Qxm5_bAk9q6YbnDZuA,GOLD,I,24,41,40,False,False,False,False
Nmfx4Uy0MB1tD0ZPb9hZKmGJeZ8ZD2ZiIgFps2NQWr-n75TsK-rZsdFXTKuB4kXw1qnpjaxMzc81Vw,GOLD,I,20,8,17,False,False,False,False
TPbPsjw57qcrA03UywsZOBO5yIRfh9ZKVIDCKn5je6dKdBmMV7hErRpbqNCsTXOnNhLgY1dj5Nnj4A,GOLD,I,13,25,18,False,False,False,True
kcodAjwWjGMunsv7T33sLQgmJccXEZwiW3-Xgyame7aDvpFvqo-7VoBI--XYew8B56CaTFeSygixpw,GOLD,I,72,8,5,False,False,False,False
uW7lqunoZ_4Bq41ljumjAV6lIeJ42La1QkHuANea0_-j_nqqNzMTRwgYc5zzlpqNkkZNsN2wua0zoQ,GOLD,I,45,63,65,False,False,False,False
-E0UDpyWrchcuhEq-wsMR8x1RfraZKk96nvQnTBBy-fpBDjpchjT-kZdnALA3KepPBLMTuEQ9cky1w,GOLD,I,8,116,118,False,False,True,False
zrG7SMzmhofbiYoE1ritXbwqCudNMcVQY3Xt-SEm4klj2jbERYAA7RVEYBC41NtxzwQDeeoZTvJuOg,GOLD,I,31,170,168,False,False,False,False
8KMB3SvENXvU9tNNhPb_P1YVuStjX9wud2_WZQOO0cN5detkzehUPxRhQAnmxH3zTJwIaQZlCZ0qDA,GOLD,I,37,62,66,False,False,False,False
9jEjEv75Txyif3_wed2b9J3uf_vlwDlkGvlZLBKtvV580syKLr_k4Xr7CV5CaX2JcwVTjSihKdBuPg,GOLD,I,72,152,152,False,False,False,False
NcWXa-l9rcJEQJ64bIKygxlU8T7UlZDRFM9zOZngyTGRxODSXD98aqxIV6tRyCqkavg99OSKwNbeQQ,GOLD,I,39,81,75,False,False,False,False
FrHilE_6ZK1ZkoeEO61_CLB0VOvCfN3sQlEz9nk-Tft60YmIY8I13rghTbYpCiB6wkUgaDMgP9zMSA,GOLD,I,4,86,86,False,False,False,False
S0SuCSgfnQ153N2myYXHxdMUqZdezLVadgyeP7lFtu_Ls4WhIwtN98DCib6OCBqL3z3DyxZSohZbRA,GOLD,I,10,3,6,False,False,False,False
DTHqHRq7M8dzv_M8PDLifdROGgEKFJPy1qCAvSUsqUe2mqibj2-hT7YtiBkderkC-MIK5JNyaA6BAg,GOLD,I,75,16,24,False,False,False,False
0hqFHNMKVHEEzIqgp6l_4AlVoyZxkH6sMdl489uvhbRm_o-B4SpYBv3JzpUlSJHqyLei9tfEL5Or-w,GOLD,I,23,194,198,False,False,False,False
1ElvPHcVLQHDPqzYWX3ZUMGctaQz0XC1UPuCwTP8wsPY_0kEJ81_LvtJJYGpMi5CWJBcE100wjDiNg,GOLD,I,21,32,40,False,False,False,False
X_5dv_JxR9o2nXgTyyT03hNkW3RpuTk1yHHGFRB95WpYlbGzrU_H6bT8RsuxjofFvvebgrnN9srs0A,GOLD,I,14,26,31,False,False,False,False
5ASSSJyyaH2CRxZryv-oPMP9L70J8uHadYuoVgWO7AbHwDEC0YA3EwitVluLSY-Gcuk4WLnnRyUF8Q,GOLD,I,40,3,3,False,False,False,False
yezAbPowNLkwotTlnZO_YmhTUqpa600Lpb0OYU4e7x7l-gUShKFCJFYZ_p__wou-PMt-O-2kH5TlGQ,GOLD,I,67,279,278,False,False,False,False
jEPJ0dFLRe77LaiIMHs-g31b0imm8JQUURxHFSmYK9cWuxy9PMp2ABDYhIgYCFjuTkQYItWH3jo7cQ,GOLD,I,50,11,15,False,False,False,False
J5W5lKYwt9f9bZbzP1uFyOUmxRDr-Q3AEe7djGC-nxbB9Vm5UQfQ9UiJK-a_n5GYWGC_Lg34tS6QgQ,GOLD,I,43,50,51,False,False,False,False
zJWLiALSLqjZciXNZoiz1DGCt0NNhvuaBhqBMrU7RCY_eDKh9705-txGdajPqu1K1utf3qYEFOQXvQ,GOLD,I,27,37,34,False,False,False,False
PIYumT6XbIhpaHuAqzuiLlzPKtl3Upwsu9j2rKaj-IQmqwJ6Ec0JemInRCzzEcGzvVnLlF42xUYwJg,GOLD,I,47,41,41,False,False,False,False
t_pIKfsl6UOmf3gMQxM1IiGsvcnXx-WXRlnxk3E7AzOQbNB3fG9G7YEPkFBLFuZyKTouJ-WeoPCy_w,GOLD,I,94,48,48,False,False,False,False
rJngM4HYZJ_2QFmsJjdqki8yLTXT2EIU-6_eg31iNfnfE1sU0eVXjdP5uDkD1xxLQzYpn5b6fpW5kA,GOLD,I,5,73,82,False,False,False,False
uAXrsgDuuaEe6ONS6s-1y5Vi2SQaylL5gtO3MetNrBR2WZC6B30yjVAY0Y6wlRevd6leKXOMU5-Knw,GOLD,I,20,26,22,False,False,False,False
hb6dkLsh4U7aXywSetl3ITwddXW0KsAhxZZxK0Bk3H94Y93UMdwKFLiXFnWhqZDjvqGlTBfwMImzag,GOLD,I,37,68,71,False,False,False,False
7di1qOZsBs8nssyk1wTsm7hTazrgGF4o8aW6E6xFH13-2YMU6g6P8_mBw5qJtju1CHnoM3gh-5zVww,GOLD,I,90,33,40,False,False,False,True
-FkhGm_Dvg5QrDYIq9t6KVT6DOhOcmai-oHLEvIqFr6zlp7Q3VKfy9aI9kuP9AjM3vITJuC82lJhow,GOLD,I,66,46,58,False,False,True,False
V4k5AgrxRtd_P_OvZ9aArE5pXzrNzc3jeNDsccm_bA3pq8Jme5mprL9xj_-k-D8M1nbO1j1KbSYG2w,GOLD,I,80,8,13,False,False,False,False
wpaKgzjnwMZYIUacF-rdIkLWejHfxWjOkeag1fmtMiJ-v8dgvBS4g4kFr11Ns61eNtlN6B4iZ4km9w,GOLD,I,24,172,170,False,False,True,False
MlQSJR7QWx4j-QnIXSUjPbeelIj_lFP1Gk1xqoA5jDTVPGvvv5HEhKsnhccBHdb8nyU9q0ILdzkwgQ,GOLD,I,32,26,20,False,False,False,True
hIpEmaamltmFOUvmzruXiblP-HzAOfe0fDU4NeP7lxj5drvvbSnpjFU7R8PicplbwnP4bmR_-sODDQ,GOLD,I,53,18,17,False,False,False,False
WmWJ4oviLrGnTp1sM41Mp0xz_XnLj1WKsVQfz0gBtyCLsSaTsMBEko9jiVLL4rMs-JQF4R39Vxbkjg,GOLD,I,13,13,16,False,False,False,False
JTpD6ehXbwmJaff94BtxyH_qYaMTHdr50pP75pJydVehkJuMHXkdjD-x7ic4RxSshAM6ko-3vwzi3g,GOLD,I,81,10,11,False,False,False,False
ghYw8womWm7wvig98fdxwxGrJQ0jbHFmkqnxsz0bpZ28aC8i12CvFIrbyqNi9dfYvBfD2qgb6ZkJvA,GOLD,I,20,3,5,False,False,False,False
Dts9k89v-GrNJ8hmUIGMrZrgkLX01t3XEv4RqkVauKPt245dU6SMYytAe9bnjAMDi5uGq_ZL_e5d6w,GOLD,I,52,11,16,False,False,False,False
I5cB_ET3mpPDWyIZLcHU5p3z65UnTFse9DACA2To0Xjf8j_xy5ki2TpF9_oxSP8ONZcHV5FZt0qyUg,GOLD,I,0,6,8,False,False,False,False
3I3UCPdJM2AgrHtU2b2P7VGEgtP0QmYyylag-bQEwe8rTuqU5mmJXFlOkuz7MPFOaMci3kJ5XBtJ1w,GOLD,I,45,3,3,False,False,False,False
LEdE204R5OILBjEIM2EbulObJ_ZWvxrQB_cpsypArkefTFGwVvQbTdAWoFpf23QldAke-JzoKE6Fqg,GOLD,I,21,26,23,False,False,False,False
GkllobYgXslaOvTm-wAF06tGop98NdIi4b655itMyLnhPe2256cOsu4LwN4FgQTlzvUW4jlZezEBtA,GOLD,I,14,147,152,False,False,True,False
UPiWvrtAIonVcQ4iniChmNIYCkExp-MCEDMUk7PNqlaCNmixZFqdV8q84ng7DE5WZdUNRVsScM1gIw,GOLD,I,7,183,178,False,False,False,False
UmRQonau6eVMWsNQ7aAjQptHI4qz4N2X5Z2G4adDC5woeRjrwjQIuGGbDeKxDcF8DIbIWXmWDi39hg,GOLD,I,25,8,10,False,False,False,False
k_cwF0jhJRXjZsKr07xvN2oHWYfz0la2YMo3J0zGJFLA-GM1w5JwSy9Y6KM6JwQymaDu5fCpBwAhsA,GOLD,I,0,87,82,False,False,True,False
HAsqM0BUKzI-3nR0-pzXDdNqG7-L59sI7Ro1kxa6vwVKFzUIOuUt46RurEOd_zAXmyhiJXUZrK8PQg,GOLD,I,71,52,52,False,False,False,False
bzanEdqgev0JbK2ix-qioXxD0pym0tnoK7iL-rjlwrY5JmedQmf1bUSL2iZbJnnZpD5zsJR-M6dT-g,GOLD,I,46,23,13,False,False,False,False
M7j7id2ukj5NW499SOjbLis-UefftFZ3k75wkvsP5F95ZpehrsEcWMPvNfLzmiRiSm-_WIrP1PRMQg,GOLD,I,11,24,28,False,False,False,False
kSkZxGXc8jZiUzs8UJX1wJXzq16kZN1lsb9K-lOc6MCHqqOpJzmvKvt4bbbQLBMYM8YnHpCYGJIInA,GOLD,I,30,45,45,False,False,False,False
bMg3_RfotOFqYU35GGFF-irPkrjvfu6kS8VpvEkDlVXFUVlw4fhJUzs2HeXeivARYANO_VZAtfqgcw,GOLD,I,9,29,33,False,False,False,False
EurE_YQtk3J9qER7z5z-QsjatLwUE7mx4mX5aZvDsC14idfRmrhWGtPJ7k6bT8p6wHV4PzmYRI8byw,GOLD,I,6,48,30,False,False,False,False
iNJF0qoTxhFC9jiYQwIi4W5HQ5mVnLH_JLMCvAIGxmtmqVL9Q4H4ELosWhodFKpU9MVUay2fH0PUIw,GOLD,I,9,23,22,False,False,False,False
lXQBYsKvT2CGcWB10H4bgObNx5F2k4hFtnwtDqiRRLx94QI66mcwxQSJjiLBdCC7xSp6u1s7K2yUZg,GOLD,I,68,34,26,False,False,False,True
fldWxFGMH160VJDibKx_xyRrnEooRcvWiA6i1uDj1FOLHNTf-n0dJ78MBvCqCIxcPnSc_I_cPu4PlQ,GOLD,I,46,33,24,False,False,False,False
ASehOZSsuPp91xu-vKjlMvDzGDZ6tBo-uORxkWYPyfGlBwt-Km7Zoo2vKuWWhPDFX4_GJ6rtENwx4Q,GOLD,I,80,123,93,False,False,False,False
xwdGltdqTVjwktF5CT1zrbdkLmn-QBRJS7UGMYBEg4NNNSLJIPogELP3vEZaD7pQ_X_BI0DTXt79zg,GOLD,I,32,80,83,False,False,False,False
X75QL9IfAYpSnJlpfGc1uDe_tg0HFooAxnWUYoOGWOOQqttKBG9Y_CJyGaLogXnoW0NLbRmf6Mclqg,GOLD,I,7,265,270,False,False,False,False
mLTwEkhb1ALZIGHrt7I9C6nPDzK1FNtLc5lwVejeelWosX_YjQqJxC2krznK8UYrJqjf5HTnZC_2fQ,GOLD,I,0,3,6,False,False,False,False
It452XdFJUbS-_RVF43c9wf6HV3tduSfVLOXRqhn6dvN6V3-5lLbn8ITTxGzOmKpwDGQKCBXTygxyA,GOLD,I,13,16,23,False,False,False,False
s4C27vWZswa8LQdLZTUZ2t5fC0E8Jogg_3GnU1DySCekWLn4mUkRxNjYF-eq_PQssQlMKBRt5pbpCQ,GOLD,I,27,110,107,False,False,False,False
dg4zrBBYAWfGj9epDOXEZRYhW8KvW8K5GrgKYuilZsUgc8WC7SZdg2nFJ0uGUenp9ylUOp1NjOHAKg,GOLD,I,36,86,74,False,False,False,False
6O6mL9x6ZwFKDaek6lXRJ3kYp045UazDo3kAE6LFWoAOqRit8gUTv6u6AjAfcd3cLzhYFStbc0HpAQ,GOLD,I,60,1,4,False,False,False,False
VoxYjDjViIfuRxeyvA8Xk--HbzfUKt-FNvxJmu3iZi6sDBTUsl5_p5quv-oKMWBJbWq4nCTUv1TCKw,GOLD,I,25,24,22,False,False,False,False
IAiFTqI706mtzZvbNUA0VdKiiquhLcX420ZhPXs6Vv8mho2Whm2NuB2BNaLWtbyc27VL2mioJOTiEg,GOLD,I,24,16,16,False,False,False,False
V20b1J5f5lkfqqXpEPRmvku2iXf8zcg8T9XWiLPh5qckWWnNF1M66IyXhsjzRKqse6vlt5legHIgvQ,GOLD,I,40,49,34,False,False,False,False
VL6O_647g__4lN0NugVOhKk8pqbHbd75U9wvi7EPx_ybWH_0AMzrgcnUDPIGFwmUuDvQ5OJNT7v06w,GOLD,I,80,14,13,False,False,False,False
zVNKc5CJzccvKfHIYvpcp3pnu-nA4EZ4_VIdVSyHGeS6XNk5kh3X1tmDDuMU0LCapDnkqW5lXeBPqg,GOLD,I,8,27,29,False,False,False,False
O3muwOxiWjBQ08Vs5PdtckJJUNTHQrM8_-iVbQB0wj4YgtMSyG_BtVdTclLjEyzgEK8xgaVQT8K6xA,GOLD,I,17,9,5,False,False,False,False
ss_W3LRRHRHFaV9ZVWMsNGmRhD1U2O0EnfBKnX14QEcRGiRg5GUqXYYMWaou3XkCnmYAK_-SjzsoIQ,GOLD,I,7,80,79,False,False,False,False
ctQvjtq_JFClUoSH53RY951GywgjCDYRfxZtW9NQjvKcq95JSnxRoh9bTQ_BvSkWOQ4MfNU6-oGKWQ,GOLD,I,67,85,83,False,False,False,False
28jypNvl3dPXiG1koDla0SnAWt7FkXJpMRdeLx9kS9swR5rmynOwFeBroRDCmt0xUHcrSUiQ7trYKw,GOLD,I,51,11,6,False,False,False,False
tQL7p8HGnnY6rWPEoYTFdwam_DknSuYe8fAgMHXQU0Rqm01SMjhvq9GDOHRa18mUOQL-qeF-B-er9w,GOLD,I,13,196,198,False,False,False,False
yoLDVBFzVjj5vqXDaHs7AWRjXNl7UKBxwvARWzs_PlorA6VhqjVCkXn8p0QMKLRCrdLqawmgje49xg,GOLD,I,65,12,17,False,False,False,False
HK4LlfnIEyNpSjk_4JRA8yxWgwbGNZpwjURW7lIRKIAeaRfPDhT6JiAWBpE6fZbR-H7UHp36eFIL9Q,GOLD,I,27,141,128,False,False,False,True
B4NFk_xALjrByKYSwz4yChDA-cOknuQgVxfnVWXfsWTTjxvE5F7niovjJCBu2OWt2VYZTnumc6CVUQ,GOLD,I,69,217,220,False,False,True,False
YlUn5qYLq_4yPoHMOeVycELDjaBLEDC_tNznh7E79M5M3kqeMUbmNN18171Iw6R8N6V6J-n0mYBmhw,GOLD,I,80,111,105,False,False,False,True
8yXUSQ6FiYH-7Vzsoj5D8R9FPX4azKuMsIFrcatuzEhv7vaUxTr6yUW8tN41rPmdY5e-y0oOxLectA,GOLD,I,37,28,23,False,False,False,False
Mqi66kSz0Ueb0QEtG9vo2q8-ieRejBb4-1qHXF1ICNkQG87I3tcfpDQhP1UtGpKuxWUhYntLFuImew,GOLD,I,73,248,251,False,False,True,False
nZgvnQXt9mlKi7il1O4_GQdcjKgCDP7yt9m712TNvzIbHbdVRwQKBJJPQ40bMVhFEmTQtlTLHZIs1w,GOLD,I,65,4,4,False,False,False,False
S5c50IA4RavQUocc8TzNcEhuH1AnihfKYar9xKqPfT9OZmL7f7XwOSADjpixHfwrsra2XGqQRQEarw,GOLD,I,47,9,1,False,False,False,True
4rPF8hG0-QfI0ce_8JxJylX4U_HQDHojnIbBsjWwJOQMKTw52dd2RlDhVvx-QaKrVQs6-Gp2Eu3Qbw,GOLD,I,32,49,55,False,False,False,False
FGmMN4OrCZ8nD0LK7dTw0B_4M5it6Wfek3q1MjuCw_LV2BlGOJ9eQ2zJZSt7-tFXZJediLmHyLfD3g,GOLD,I,14,73,58,False,False,False,False
2245277NFNj9mX0xET0TWFXEZyjQtxJg8VaXjQO-Eh022d8dCAW5J33picodm676VPv9Y73ElviVJQ,GOLD,I,56,318,325,False,False,False,True
p-VeyT91lqw5syJ4H5y-DsfDKxD3ugq8OnYBg0pKpvcZ6FwnZ8fLzpkgaSkbGCAWfiq8zurEDE9Afw,GOLD,I,93,33,31,False,False,False,True
kQurPjc0Ho5UBB1zroy8SdPlooT6ww-dYbAJVd4XN3Tg91kN-9DBbNZb1X7W64QATNqfO3fFOiGbtw,GOLD,I,47,12,11,False,False,False,False
enkAOpQvYoR9VnkWZnLGsbpstjjr4EYqYcgNACcVyA4Gx-JWRbQWY02IJBzApzXuAFJD3eHYnm0GzA,GOLD,I,15,164,168,False,False,False,False
zhqYPGbLVaLswJ_swCnz_RriES78gIac3Rg05UjHexrmaK-HeYXWaTp7xJMSstnUv8FP-RPDtZuNIw,GOLD,I,45,70,66,False,False,True,False
TAhyf0rT8BN7K4ZraDHu-Ax0aZ3VBosdlD54f25Jo7t0LOkXj0JthY9dWvLW-yTWAorFSsAtuw0EBg,GOLD,I,8,15,14,False,False,False,False
xJ9yofXAyEInYcLkU_43CplWoytdacrTULErV25T6TfLnxGsuZQq3r2m644LZn0MwbvNty-Hhmlnyw,GOLD,I,30,3,4,False,False,False,False
0r7xjVrA3soesTqqPpwiAiBcH_o7zcTtWsJa85udStvXc912uf4gSxAmSpHgjJeSOCxjB9dJ9ZttGw,GOLD,I,31,67,73,False,False,False,False
KWO9xjKo26zodfdlzIu5vD43ZVFjPUDEARhiP2YOfW45qaIn5kSnI4PdhZIwgfy5NkUe5J6kPyUVLQ,GOLD,I,63,120,121,False,False,True,True
KjqYrUOkbSJvY1VYBSg3hMhoiiSOYfilnYs-Z68br8XuFmVSGYAuUg5hgrFDGDMvEsJuBmLmIzAGuQ,GOLD,I,71,21,25,False,False,False,False
KtF6DZVmPrssNjOaYOAsScN9cVG3Ugw7N0w2Hl3YIR4zqlOSMWCyDpNEPwq87Rn9On9q6RqXh7_euQ,GOLD,I,31,49,38,False,False,False,False
vCLg5JWdYc7TtQ863tVeHxi8wcvdJp5yUjzwiV2a2b7QcRRfMaQDg2BIhWP1uP9oRAWkGoei8EyNLQ,GOLD,I,28,290,293,False,False,False,False
-OTsdSg8JG5IhJ9J_Cm4x_d8H_hUZ2gKS30I6Q7BzAhLJy2CfC07GC0iCmyRX9UCttFvy49gJpn4ZQ,GOLD,I,15,5,3,False,False,False,False
5Xf_LdQeWf5BNDOBlHKaeKe7xaSdgxy3jEx85GUVSTL1UYcP9GoRGnw954qbpMp5XulGd2lCQoVGxg,GOLD,I,54,123,128,False,False,False,True
jtKCnoS0o6eqpxh4NSqz3EHT2wn00v-1xUjqtsA0xu8qH-eOqpouiXNC9iHbvc_a_RsZIpJSmnyj1A,GOLD,I,15,27,15,False,False,False,False
mG9_zL-pVHgsbHpzcaJ5F_dnq3Ic1rR6MpaOq-nKLdGwCmD0qVIkH022ReBUiaIzx1m_bp1_2MIVWQ,GOLD,I,21,6,14,False,False,False,False
at6UFKtBr_KF98PIBkJQOA7z_HXzyRljfB-afhG03u9cKCBdWGZCSXCnX_B1mpHwO9-C2dytvzD_Yw,GOLD,I,23,45,50,False,False,False,False
wkfLg-ocCkC7Tp5_clTg09pS_fNIU3R6BSEOKCnVRVWIrRoYFeThNfcxIdUhi7Q3c-T6EXPPOxSnYg,GOLD,I,20,19,17,False,False,False,True
tHtofggqTJAVKesSrMlq9pBQ6OaSP5n5H24lSge78oId3G00VF-QZlom83XavgV2YJJBIIEVCV6NFg,GOLD,I,25,7,10,False,False,False,False
vFlQVKgfNWunG4egzrRrwxpOql_HnQSI7udhS7FDwh4VqlNcKgQvDHzXiH1I74UqNl1wY-3MdrXliQ,GOLD,I,45,12,10,False,False,False,False
2gJ70437yVK_6OUhIv-CMCOuigIlDU0xGFfWw_rmijUzONs_H9Bq-0P1D-znUzvKdCJX0TBmzxaZ8w,GOLD,I,84,159,161,False,False,False,True
kVXDs2ptsnIev022bogBTUzqylQBdSapRy2QEX_5p9Ncm-ZCNPvysw2WRvNcl0LjPC7jMV49tyJEug,GOLD,I,10,6,4,False,False,True,True
G1wd8BAPk5H0sYRLvQT2YzZ6Z8bc8isocwBwUBUD4LtFX2y1AGoJcr7Wk2NDvvRIlfjtWdkFdlU71Q,GOLD,I,38,106,124,False,False,True,False
V2JuLvLVp1tSi9JfKyTPU9HXpUHLE1APgA2T2ev05IzDW8afIrqWWWhgb1VJl_q7vEd33swuICzEpQ,GOLD,I,45,32,28,False,False,False,False
6tH3ec1vOr0O6FPyIwjdpA_hHppx0tAU_bc7KR0RNbWdyzzjpK0AHvr4lX92O9PfTq7-VYaxLKdBRQ,GOLD,I,88,219,204,False,False,False,False
XnSjNzsJmpKSxltHM0HwhipSWpK-poc1okErLLrGvYKTTvjeYYdbotGd08h3T0lKFIhexIiy1ir-qg,GOLD,I,52,24,32,False,False,False,False
cqwlSIJ7hDAtpZztVSRMKEn2X22ZipehihKAKz2oq8aQeEds9453ESfcFsmQfiLAzTTObs6f0WDYQA,GOLD,I,33,44,52,False,False,False,False
ywGpUbt6KwYuk_7yT8K5MQm3-cw1QGatMmrxuCKQCiHvDm_0PY6UrKGAN0GTNELKkN5YgPaanwvnsQ,GOLD,I,88,13,18,False,False,False,False
WmtUdcjMwV3YP2di4ZThmAyBkIu6zoaEiLggl64om1-LI2srUIOuHcrvKJQL4777vn08gmZjukSrsw,GOLD,I,51,61,59,False,False,False,True
FR0v3XqDem3TkezyE37h-Io_10zIX6G9RQB3oVs8YpAGCr8_9K7vcWyxuUUVpofPkFoV9oiLiTvpuA,GOLD,I,12,271,269,False,False,False,False
EtJkG5gGKdmtj5EDT7RtvgNKmb3DOv_RAI55ImNZtJUMdufMAlkiEZNa-njaGjub5e1OMecIsw-ajA,GOLD,I,61,14,13,False,False,False,False
ya2M48koTSHc_mPhImIPSNt0npdObITkOp-dXAoolea3SI6wiPsAzyLoLkha6YYZ__q6U5IP8piGZQ,GOLD,I,45,199,199,False,False,False,False
hgrTJC_cd1h1lAD4xax3Vo5SeegvCgRVBhgpa7peTEU_ttprNrTIuiiRMTiR_G83k0LBvwMAOH3Y7Q,GOLD,I,43,150,141,False,False,False,False
a9TL96yAEnnUD0fPozOGfI4pb7wDlgkyQqBopINATQQPKR7GGMFhplHE7du98xVjK2wn3OviKYaMEA,GOLD,I,10,6,6,False,False,False,False
_wlaCnBJKcOz6dY--2tp9EjiGPomYo7pER67Kh4qxQfnQ6soh8y8v4WhaoteyxuDDQmVUDG6B7VCNw,GOLD,I,47,6,2,False,False,False,False
3UJfKXBCDoKyK-2UP2sEuYxB-wkLlK6Im9vxiKC6T7o9OdLtAhX-8gqPLIBi1gtO9UAGDAptmGw7pg,GOLD,I,25,7,8,False,False,False,False
O7nJGNZ8tzxY2g9k39KAD2lQ1JszfDeAJF8Qd1Rh0hbLjynVEwJtGIrGT3Fot_Nx4j7foTAngrG0hw,GOLD,I,30,64,61,False,False,False,False
yQP40UBkRf7m587f7KyEvCR3_lz-cwibQOQ733zYe_L2SPktjKBWRgiRalIksGkVy06t_PXC_ahiXQ,GOLD,I,62,115,119,False,False,False,False
nu7cuQMyb7HX-4_THHn0FvHQkXWv2vMr86dMznSCtdjOif0ugH-4VA3Dlxs9co9K4fxQ48JBZ9PBZA,GOLD,I,49,18,23,False,False,False,False
bOyWQYfZD4gSCQ4E7XCvQ320ZxyI8PJks5ekzK99Y5VYWZ34Mxto_HPgYNVrCfo_E2x9mBWKXsXPAA,GOLD,I,30,4,7,False,False,False,False
EUfUi6Rim8f4PeDPsEKYPjY5HwRz2HpAWRf_WrQreKhO2NCRUzU1nmxGQuVoT8Z5BeuyenexUUZTgw,GOLD,I,63,19,22,False,False,False,True
1CBxAU8PL0flcRUmO7B2qBD-ikyJC7w8phyKyGJCgCPNLZW7vJPyuUdUtB5Nd5D3Y6QZ2WOYgZ7Ndg,GOLD,I,67,188,189,False,False,False,False
9d31EA_Pe2kQy1J4rc_8gjiirsdWyhfKGwEQROjqgz0e1QRFKf4kU7aAZZC1Kc1T65S-LEgi-hKfqQ,GOLD,I,13,348,353,False,False,False,False
M31lUy9ERDZtq6H4s_chd7bPDPB4QTjAoDoHrrhpi1HlL0UGe4E-wi4oKtNdnvW2-QPFzcj_l7PWZA,GOLD,I,86,279,277,False,False,False,True
MMnBs1qna5plw1Zs5DbyEcwxRIAmcAPMI7a8vKu2H5xpN-O0k6ZT54_GU-gc8C29_IUJKqi3Cbfm-Q,GOLD,I,32,209,213,False,False,False,False
QtO4u2dcI3YCoxFMyBiyK7r6seEe60q2i_Bp1YT-rcVc9WwHY8dW6M7RO21IxCyHFMud5hb3pRUCVA,GOLD,I,50,91,85,False,False,False,False
z77QMZeWzby6cOGvWgnItl-xyR8KG4H_ELf7iIc3CD0TyN-Ef4ubjck_3I4qemUCAIjJFwyyW4mMyA,GOLD,I,12,128,127,False,False,False,False
8hfOjnHGsz4ziMRB1wTI8mfHVK-BsrVaNLKLZd_eFIodKOOjktNHan1yFbJLjXqeBAV8-xPf9RgX4Q,GOLD,I,10,3,7,False,False,False,False
-SFPxqoO_htGt1VRy_bFvSjYgUsmb5LRtAia4uE71z32EPjL2xYeATkaOa2rAVBmEXN6x9TkoX9SVg,GOLD,I,19,212,206,False,False,False,False
TWq3fqJ_khBWekXJhbQOU4loIhP-AORO8fEOMcdTsaH8d0TqdEq8zOomJRNwWKrtwzvM12SSBF7tKQ,GOLD,I,8,97,102,False,False,False,False
TLo5QwAWWKNYwbVynuBuJcizAbN-yTbWztvDWmkzWPSCRz5dhKhP7mewEAZfzMXLp5agTQy6yPEuOg,GOLD,I,17,7,8,False,False,False,False
7cEmEVmSqkYIKy3l-MRPO3L5ikilEb5YUIXftNITNXNwICqzoVNK9-w3vVUjOxKKD7dxO6X2iezBHw,GOLD,I,50,94,115,False,False,False,False
V7URupCl0BlEzGseaarGPdyPNOTO-rZS8zyiHnHa85GfKcyLcY9BzJZ7uhTLzc29SrBue5NO-cOerA,GOLD,I,41,6,9,False,False,False,False
c6gyMIkSLX8jKMcrEVvpwlsI1sDIk3Fsq8PnEUT-qHJwXgvzjUghtI4NrvC82F4026FRwqXrJEzQ3g,GOLD,I,10,352,365,False,False,False,False
umhRnQwmy40qzoZhOnJvoMTXaT3ZCAd1MyXtXlGQ8yDj804LEzh07s-olQGgyNrvSkzk2_xTXRiQ6w,GOLD,I,67,10,2,False,False,False,True
zXjtjqaxXFPmDJixVRULdnWf-QKVie8pe2w2IT940amczkU8FslbaOB5eYDQcs_5QmKRtOKr2B2oOQ,GOLD,I,75,38,43,False,False,True,False
8cuN1DMmyJqlnBI51sSEFTo-sIbEZfdyjadN6HNBlvs5a_xecdP_HkwrGnEQhhaa39jodgyIX1Nrvg,GOLD,I,75,20,11,False,False,False,False
slfJy7d1coF84qX7HloutxgX85ZboyoR-hfR0jawoSRWZU8cTQag2eqFWVTbBJsfXplTaXySobKI5g,GOLD,I,10,28,32,False,False,False,False
lJ9zOKEX2VDai4GzK2qkQeSXZrHNGvwopNpFmCz_jaaG2ItjTl_ip9lF90HJ7XgpsdlYrslZPGDdRw,GOLD,I,65,18,15,False,False,False,False
5N-bU55j6VvU-L0rGjRFNWlsvdao7FLWdElDhrxxF0gw6LNZLIl60N-0rSP8sXSP7_eKIKJZopMaIQ,GOLD,I,34,39,38,False,False,False,False
rfQv0iO6pE2nfoMHj7Uw848aFYiZ65rj77adgj2Py_DEynLbzVfEUlnpHT7UfSOad_ZjMlOXPtfBJA,GOLD,I,23,34,52,False,False,False,False
OiJCrkCoWuuB37bSqUyij4ZjsUnH78n6gIhnI5ktRFmkLeSO9kMiEvf7-WhT8pntSPw6C2iBP-u_fg,GOLD,I,11,198,202,False,False,False,False
MPsZ4ymmfTUwyvp40zJmGF4ihRp2T3SxPkrXbyVlnN4nPT-km3aIjqLlUSXyFSJwLMEmMdoQGV0GgQ,GOLD,I,13,164,169,False,False,False,False
O8XYRJV8LvgaGgdRzhZ_9iZmG1q_xxuFc2_cm2LApdlHwbby4WRG_1A25YKVTWH-uR95WllqPTEtKQ,GOLD,I,89,266,275,False,False,False,False
TUr4z-umh-O1zoX6rMXKT-f360tasGe6N2j3ADlMy4YJV_XLX9AvKcg3E4uJtOBK3BfLxbVuLnxR7A,GOLD,I,8,53,51,False,False,False,False
sUbkNnMGp4r2u3si21eH-1wKiXnTxz90kHo67BfzNha1Nz5MIxzOREZH-kjr78QTtW8bZaqQUE5auw,GOLD,I,21,21,19,False,False,False,False
8ue4f22TFaqWjT_D18tepfrJr1BX8BHI89nhvqe7cspqohLeWFCdAQv4_o-vZMUCiAF6eg2RepygAg,GOLD,I,63,186,179,False,False,False,False
tG0doQ5YQyndk7ORQxXf8fNKn9PrftCgy2ofM18B8W0vCMs_v4pydKMEQ0yeI_ntqEXhGdCkJTYADQ,GOLD,I,37,133,137,False,False,False,True
xwwBBi3g7ysovjC5CmWMG2NBtj6aVdptDcrkD_Lv3XrHUKKBg09g0AldoT3E1C6GLTPO2K3vFn4x2g,GOLD,I,26,25,23,False,False,False,False
-RO7qiZ3W68f1E4NaOXzZZ1jHHpxD7Jdv-aBZOI-oUMiwmZnHas7VAqGyHN-fhwv4jwQJggaiDzGtw,GOLD,I,34,78,76,False,False,False,False
1EpfTp-JHtL7ltLi1RocWuC4LNKiDqwUMGPPWp1kgE6MBEpSRBYRpxHj7fT6LBADb2MBGjNAAn8v0Q,GOLD,I,77,4,4,False,False,False,False
1YNlaIInxDBfYRWiUrKjqqK-YzZdri04PDUaHj3uY4n7nwVhv2GaYoRSDUrfssV50ZgwsjCXkRbj6g,GOLD,I,53,50,30,False,False,False,False
ZrzlWF_2iG4ESv2WYjU4BJxf_zZi_l84WjcAaRMpWwHLyWCDVgiHfbrJJFPjvJMZ8kL6DSypXehNQA,GOLD,I,45,70,57,False,False,False,False
EH3IecWMWf9J8LZT4N8sQlok0qxfcPAL4TKEny5suBTnz37cZPWY45kQAXEwZBqcpb4icQvTcq9PsA,GOLD,I,9,12,15,False,False,False,False
YJiCsesEdElfKDFOfqwpx-tC9fPqovHJwQpHKpZQCtSf0tpfJl8gHGeB4fr8hmk3WeVzXBluonkENw,GOLD,I,76,241,226,False,False,False,True
4zixLRqnEY3lXnfQpIg24p7eTpCL8ZJU85OjbgU2hPa-AapoIJkQpU4oFclzWku9_nRNBII18u5aUQ,GOLD,I,29,37,46,False,False,False,False
AwkImDo1Hk1dyXX-r2riahxODrbT6cpOqAJutLpTchjrXBlQYabki6DMrXMTptWFv-GtdngpTz4lWQ,GOLD,I,57,10,3,False,False,False,False
nOWVW_tZvrvOXw7-QhkVBiUrPguS-qYU6cWLLPtBbRqJVF55J4GsAv4VP-B_bXTuPn-A8cDwuIrOCQ,GOLD,I,57,7,5,False,False,False,False
rb3BrUI7P3PXWvxI0X_NiFnxdOk-sTdjhR4Z06SPUv8CNoYAeNZ9U7dSQG5hNKLsvn6ElOExpPRJvQ,GOLD,I,11,19,14,False,False,False,True
qSypzKGAwyPhHaGRhXPTzSlGj2ESdzJsW4Cx_gI4R2L9yBnx1-fys_sPsgURA0PKlX3DdIkQgf5XGg,GOLD,I,60,11,5,False,False,False,False
j0kYVUXTre7M4DIXDpf1S3dfOTV4RKoAgNwxk_UXde2ebEs6XW-ydQZWGcO667C97R_B0ZYpJ-oUIw,GOLD,I,14,69,70,False,False,False,False
xy7-CJEuIGJooQ6OXFiY-s7VptR_nKlsuzgLPlRm8oYJmNDZL4-dCveEO1WRFs3TLAT9WLV1OZmWCQ,GOLD,I,37,5,0,False,False,False,True
Bg96lVo6qXj0H8mS_D0b2rSbMDyDHGMlrd92rojea6q2O8yUP3DoYRpmjS7ZI19DZA4LfMMY_EiBiQ,GOLD,I,45,20,24,False,False,False,False
C9g5BnGvduY3ZmxRWc3m4AfRITXz4kBEj_LN34u0r0f5sP_MOY8F4iIyCQ3z-vdzqIhWfCtCK6czmw,GOLD,I,51,9,12,False,False,False,False
AVldOdSi6GIErlwNVTnsoc85E_X3HnexcEiBrcZvG0gJ1TBnvPVgoCVLLsjetEhmmSI3TyojKuJGuQ,GOLD,I,58,120,114,False,False,True,False
6fUapVi559tpka96TZpFEqtssZNB9JqRPcpwQz5yxRh0_oFjEezRC8LDvejzCitLtDgXcPqYyVGC4A,GOLD,I,11,52,54,False,False,False,False
1Mns_qYiSZeTIaSVFzLRCV1aCzpPdW7-S2DNcmR-JdhUPAGWSkWSJf6TZOpYopDZiKxPH22iULtkrA,GOLD,I,55,7,4,False,False,False,True
do6gMrB8pQvIe0LBJbDl2G5c6hlcSDttSuaooSvzrY4NFi38DbAgCTskNjA_8MUYqJpWh7VOfReneQ,GOLD,I,45,329,322,False,False,False,False
qB_8W4pYPutxU7kJAzzNwWN2jtpNusXty9fHCyRGJGyx8oWHWwYZkMGHE0IHdhiKH_NvW5Awki1ARA,GOLD,I,25,62,84,False,False,False,False
xbia0_cqBXJhOQKPdu3TejyK1-jrZ9hXNaTx1TLfJgpqo_pOZ_F0jN4TtK-0M3tBFrNQumJgfTdw1Q,GOLD,I,51,15,17,False,False,False,False
M0QRsQiCrMaNTI-9NA5NmGkk-Sq96tGmCwP9VmCDqQIOL9EWWqqW8jd1y3r0v7SoHcQ9BLSHyX_HvA,GOLD,I,2,195,189,False,False,False,False
ztELfe-Mu7vURqHT1tA4CFD96c5d9J0fc73PA8byXTyPDVDLF-WB7zQotY-_rD1tFGPr5QS67kUHMw,GOLD,I,10,16,18,False,False,False,False
HtTCQ_eB8vZ7XHM0jwan_VMo9VIzlwC7kl9J7SheOVdgtwrYQ_2rLTMQSoaRENBx0Cg8aqeqme6-mg,GOLD,I,34,67,53,False,False,False,False
6pzBiYgyJfwoydBniXMYGOTGdEBJeFdl018MM0DuXSefGRHtm-PEcoD7IcCkMButdK5sC30-ApfF6w,GOLD,I,42,10,22,False,False,False,False
TtZvWPgyFt8YAJ0QfNqQjdrJ_LkoZOhwsXI1GbLDJobA6QF5VspUDOg_wYubC0M6jN0E6yCzwdxAEw,GOLD,I,8,173,176,False,False,False,False
yQnU_Y0RRx8LqLcObx4fMtKi38dn4dMvEHKN7_L78VsdWCumUgBul00jeZo3M1vailgyOGPKPkCIow,GOLD,I,35,4,9,False,False,False,False
-xVCKffEXEY6SbBDCdQALqEOUFpfgCYFvgRtLLM23kpjsIAbNGPUyANCFErak5_UIOZ3CVIkUjIdXA,GOLD,I,76,189,177,False,False,False,False
-evVpGD_P2FTV0X9EojKOrszNEODyoTWupimLdzzXBx8_HUcvyzn3M-lGMZDKHtIugJ98bMC_m3i7A,GOLD,I,59,172,171,False,False,False,False
6VfJC0WVLewnVFjSX2WFMeeJKmcrc4z9qIeydgqjBgZN6fb52UdxSWzXP-kAt-eyqTF88HkDlQ01zA,GOLD,I,8,36,33,False,False,False,True
xo0ngh4m-TS6NltAwlutTPFeTlca5e8JO0fJ8co05TePqwjMen0N5FENyqAmWWMfeuEwwOHFB_pHng,GOLD,I,40,7,5,False,False,False,False
LAUejIMJkHc6Bj1_sJfcJCGhpcjvyiuaYiP4L9eQT-KF3V53q2yh25VJZAxY0pbYiBxDQrHcpaxCdA,GOLD,I,66,54,51,False,False,False,False
PrJ4YhvsDaTpT0PkZNfNS5GE1ApEo1YBcwYkJai3ScTKEHFUby9sIrw4TJf-0dxqpbIDeWhbECCcIA,GOLD,I,67,97,86,False,False,False,False
i-uhkX3-S4f3e-4WOusmY-Pwv0_p9s9BIMbrTi1CNCseeQvnomXjggcATPO7rqZvX8wG3n293VZwOQ,GOLD,I,60,11,8,False,False,False,False
TbQYDmbMmuF_UuHRIJgVGH-sFo_A3IND4e_9Pm41ccABfSchjO8i0aswmSL9WN22weArWZQrD_Yzzw,GOLD,I,76,32,29,False,False,False,False
NuMoMxserSwC3uCDx7bE1qMmaEz16Tqn2-QJ_fuF3bx1v_wtoO2q4u66Eu-DxxHxIrNumnkWs8SUjw,GOLD,I,48,736,734,False,False,False,False
B3VBK3DMHAcwmovUd3KwPf_y456auDkKijdw5NqvsUE4sKbJrjszP0LUvqQrMzr_V6TXN-4i8WNBmg,GOLD,I,1,16,9,False,False,False,True
3LEVaJDhQnMuIJL53RUBkVVuksfFwlvXuyxme4OEJ9bBZ6TXcmrz8-NQsdNaIY8BqFfvySg9rd9iyA,GOLD,I,80,2,5,False,False,False,False
1SrpNRhaZ3esu-k1hSnCo706y89zTXNfa0CohGJ_ykkmFRPcAMlUZrcOwJSL6qQkK0ZsaZDnRzgduw,GOLD,I,97,11,6,False,False,False,False
BONOnxRkyBKj1WrD4cuz_LEd31gZwF4VQJBKBn8-VAHwkOFF2a8cwQ5eh2sdIVuzTNCEJ6TJBxdi0w,GOLD,I,77,289,286,False,False,False,True
A4CLeo3Wi5vV0_6Rn-Bp9cQt_GCZy-8kGVhSUAUzJppk0jmQHmauag88vevy09Y7nfQBAyDU4G5uLg,GOLD,I,96,62,68,False,False,False,True
j1YgjeYd3Jrth2HN26mGEPYR2PLAJw16yGuU2bxvUf3ZjCxtq3R6lmrtGryaKYEtkTserVpAdeWlAw,GOLD,I,62,6,0,False,False,False,True
PpaOQReJZTmDAzIjioBijHTznF72sBSLT9CpHmluXxOs0Y08rlm5fZG0IHzsnV10LPO0mp2bmVTHgA,GOLD,I,7,11,11,False,False,False,False
FPMyfOPbob9Yc8wcH7x1crOeiw3b8kfNoBHdPM_SiuFsCLgmr2VG2Gi6Arv4d0hZWO5lgZCExtouuA,GOLD,I,36,15,19,False,False,False,False
ACVf3AvRFITVo28FPHnkIN0AWm6FIH8fckkYVl4ghyM8cMNBY5ShuKPzyWTuFbnpNaqRYL08FApFtA,GOLD,I,1,118,118,False,False,False,False
vxq6DwgfkzWFd5Y-9jVm4UNg-Jr680uYedOpjfAwhzdW4fms0XbZC0BG1OwZZTqXz9Teo4Fi_69SAw,GOLD,I,54,229,227,False,False,False,False
KzWSQ0MXj101r7YS2MZ2WgZEjZbI6Et2dBpneap2556BINODyiA_tPfVXOvWZAcPhtinTKL1QRkTKw,GOLD,II,95,105,117,False,False,True,False
x6lR2yit8Mjk8HkdAMh1vbvUdr7JUVsLP38Fe7Ni7kuVirRLx9_NPeuzYQktxrFIGGS47w8nFxIIFg,GOLD,II,90,5,5,False,False,False,False
HrTzfihqE0ZrpTIAMpHW21evtzF0eHyJX8LFlc-Nc2aoxqvfNK1pkR71livZkB-TxvB9NLwVnmUCJg,GOLD,II,56,103,117,False,False,False,False
WoR98b2Tzx0sbW2JF268fmHLuvm0Jo2ZmCVbsCaa5lIUppXQAElokUzh5MP88tVWf0XyULLnu4NR6A,GOLD,II,31,39,40,False,False,False,False
9Jhf4srJ0aY-wdhlpp3w3zxlXypJx-nKqLoaeLGsV5xyZhqi7h4V5cWYLhdul7cx8HNtp_KVJ_e8Yw,GOLD,II,50,17,26,False,False,False,False
FFihaRBKKN5cUJDGmyiMvl80qS2ffaeZvIG6EQWOqkcxbp2z98yyp_Fj1NM2alL9wNSL1ttX55uOFA,GOLD,II,25,15,11,False,False,False,False
xS-U9zfCgeX8nZ0oAxRTMvTqaM39DW5o8iXygzZBB1Qb2JWgsuXT44uTca6-VG7x3yH7X9eCz1acRw,GOLD,II,78,12,16,False,False,False,False
Eo6ZwPkyXbeShjsG1zIT5gi67MIecPsYYzGJE6elnG_NoV-UND0EFyJQicXFVCXPTCWoC0XKmWCt7g,GOLD,II,28,37,66,False,False,False,False
Riwf452cjq6u8YuOO7m6aWziNG2D4MYL_AjTTXLv2UFm7geJhBuOG3PJMlXv-r9sxXpgyH8593KSnw,GOLD,II,61,19,25,False,False,False,False
5NkSpIpXwm8mMjWIFer3a8b3UtytNx8Ll016BqFiaNOq88YxZNp0UPkWpIlnbsOoryCRxDN-MX1vzg,GOLD,II,52,29,45,False,False,False,False
C4gQ7jXx4rcNbmbQKsfG3FS5EtdYNbjlAwJAvrWMYCDRlKYnr2oBToN21TgPvHKdy4O-fvwAWZIv_g,GOLD,II,0,3,7,False,False,False,False
KgAjI7k8LvpG8xB6yKmLG84fNBhKH3Gd_6ZWlgx3LT3lxsqK0YrETjIl142a-VJOVwyA17xt5nSs4A,GOLD,II,77,140,161,False,False,False,False
DxFoagHUG_jOG8y_IErJOh3xiLaZjlkaLQTfWf1qdP6r48ExHzqZyJRkvYxp-E36d9bl_TCovY5ikg,GOLD,II,21,7,8,False,False,False,False
q9qkIfepmQYN-YS-gn-jpHuVqSs_kD4vepc_usL-_Y4xYAynbEpRX3wN97DIwW5iVoRqAaeBosrBZQ,GOLD,II,44,90,77,False,False,False,False
_Nmxl6pzONJbx5XXrfIdEsBv-XDd7oWXZHpb-cP7m7wm2mJYixWUv0hqBpHibWfVVYJenP-zDvQbUg,GOLD,II,25,6,4,False,False,False,False
zFe8a8E9-GyrKW71bGg4kVfUy-RNFa4igIFUn8qzBIcjwfPiRmfn7ANR2ouQhVTr8r_1yoQ1GP-1gg,GOLD,II,53,40,36,False,False,False,False
73BZPq9pU95fwWdzIqo__UUO60mOCIp_5t_UycHYT-_ZDNznd_7rZLhfcAKHXyIB6F7CoJztkk85bQ,GOLD,II,99,61,52,False,False,False,False
azhHVn-3SYcXb1gZEIu36jwg4apBu86QoV-731kX8gnopoOiRQ8woeNwusEQ071gKQ44KS6h8PX7Sg,GOLD,II,74,131,130,False,False,False,False
s5y35uffpxfqa4U71ZDgUN974xSKzn3UWndI12gfJX9Y4I81Gs4Stgt1fmECRf-QuamMencrGLKDnQ,GOLD,II,78,74,69,False,False,False,False
zukOqhmgRJFUp9fndUNavOQS_gOi_IYFS50hXGiML2iqpdKKRxltltODaKc41y4n6NfapXt7-I0GeQ,GOLD,II,45,3,3,False,False,False,False
FQ6dAsO8A0vlNbwBlAuHv7x14tFdmD_k0tvRkeOSllH15Nbl4AKFD7F-Pajxma9fIVld9wzn3wHZrA,GOLD,II,87,17,13,False,False,False,False
FHMu5MP9jCQuhLpGo6DlH2rXEvpO70C_-cxAjrfar0aWNA5vkoRDAnzOdg_E6akx5VT-XMpUkb7dkg,GOLD,II,5,5,5,False,False,False,False
dIgGlTr8u079-94scdO9OG--yQU-t8G71P3vhjfjQ9SSwiXsPiDz1pVkGehYZtKjPFWiK9XkIRfQ3A,GOLD,II,69,24,43,False,False,False,False
VsR456e653h7ehgTVFJ3N5-Ue7855tfki7_OLCyoIzGzxJqqChtQ5wIPDD9JgmhHyeqZTRsnRR2oSA,GOLD,II,10,2,4,False,False,False,False
VEdvdzJVpcO-tlz_j_f_yko2PHq9QZMv5ptwRknG17iIGnYGhnQb1A6SssobvW3BLsRYJGZs-MHRUA,GOLD,II,24,33,21,False,False,False,False
sGe_zG4SYqEwRs9hAk7Hhqm9U45ZJm6FyBAun2r3-XTCCN6anPT3f3K2BNC8igyEwgoJzdmJPZwdhA,GOLD,II,35,41,34,False,False,False,True
V6GQSlRa7VGjqWDYuk95w8DqIvxjEO1jC0RHL2ToZ66ZLpQd6RIe7HYEO_1eFA-GJUW5tlDtEjxz8w,GOLD,II,71,10,12,False,False,False,False
tP6RVL3kYDcY-IDx-PmsCnusdtAltCDsE07MpnJy_p1ESULUN7J_2VAKtky4qCh_InnzL5HBxwGeqQ,GOLD,II,15,30,28,False,False,False,False
e8ztTFX3U5xMDWaSJxMJVDwEhrIgZQ_9Ula3XVSRXbVl-ZE3LieGfSB-FEGgBciyVPihB9xNOS5JyA,GOLD,II,4,17,10,False,False,False,False
Nou8TKDbjYTImpCSTuKCkFSdcLHC3Dpy-BjnH4oSm17IVI1qjxp5vlDjSRbxB-oYskL53TPfzgWFCw,GOLD,II,70,37,23,False,False,False,True
8Z40V2Cilcz-nXgIYOv5EPcIbj4TxxlL4Un4XyPy7ZJxk5Xk8QjldIQf_0gLl_c8mgnn5OqLg8f44A,GOLD,II,48,28,39,False,False,False,False
ACtX4eIkgR6Rmr2OsEpqMy32Ht6UL-A6d17kO34OVNsEYlXXJSU44Ad2D64RHrQkHSSC9_deGmMPLQ,GOLD,II,14,23,15,False,False,False,False
E59jjvssDPQ-BGM-E7h5QSXMsWfIDqksAYyogQxjZ24cn-fnVkoGmOml3MKpOUOlm7m0GwVRcq9oiw,GOLD,II,22,16,22,False,False,False,False
5fSrtC2q1CBL1ROa6tG5dk4T3FzABvCG_UXNpgrQOkwyGoaFesalriW8UuUU9dPuJwUBPX3259f6bw,GOLD,II,65,13,11,False,False,False,False
QjA34G-ruoK7arXZW6LyauryF4Irns_ZBKcGDtSe_fYMN-dAsR749iu2wVXQMsxk9WDt-wYdN29W2w,GOLD,II,10,3,7,False,False,False,False
h8L6vWgKRIEfNp7VCBMs9FO51-GULh_p8y3pM80nshEowpXZUgdT9HzfpdJb02OpBil1gxqwX6RPFQ,GOLD,II,11,53,62,False,False,False,False
Yek6I4JqNrAG7cqbMezjNhJX-1e3nX7UxV6Rm-J9iKdMAee8uKXLL1RS81TKTTYNj5NdrvBcDxe5MQ,GOLD,II,7,15,13,False,False,False,False
cw92ywgrNcpWnu8QQ63cdFNVjXee5aROU63R7AqD7Sywcf18019mEz1nF7dSFYsrJ--_n9gp1XN88Q,GOLD,II,39,24,29,False,False,False,False
R_xV5byRsbEn_99etkJcidtKK43BEa795pPDbg3O_s1gUCVE2br-lTK0CaPVeZhfSBXc_Ar2ezwOqA,GOLD,II,49,116,106,False,False,False,False
Kb-q-bNJm_H_9rPWXwU4XyuNbsW-9Zv3piBZQIrB0GU3jIU9HBZhESY-ExFNJ0--PYBrS6I4Rp84rw,GOLD,II,27,126,139,False,False,False,False
QQj1FMzZdKAxMYH5DV7rRynol6kQH3msTnz2GEMzeAVgIh8J9jSoAhItcZYCQsxHHiyAIEYU8VRzAg,GOLD,II,76,20,20,False,False,False,False
KMVzYvfHRuxk0LgpmhDQNZnMq4jACzBYyZNaoRmnRDTJUhaR5omMr6fogKcDTupHnUcNMMbXbmj3aA,GOLD,II,37,121,127,False,False,False,False
oNFWYIdB-LvtyFRSsS9i_M4rVbgZIno4s1OdtahqPc8yycsyHxqMxfyI4ZRVLe6e9lRBUqKp0ANEsg,GOLD,II,36,448,468,False,False,False,False
IhOrjDN6NO5Y-d1oeH8E1V0tK3d6XgfbuNzhnp4xp5i9CRXxenvxTukgNkT2Dbwx9pkP48s765Lz-g,GOLD,II,14,128,128,False,False,False,False
DG-xDfUnLetUTg1wMfQtyKwpJG-eHcgGNnoTiqaq-qvKMlQfHnNZYPhKrLWnyKYOUsZmL_U8jd-3sQ,GOLD,II,17,10,18,False,False,False,False
doPI0Ph52AQ3scAiHjU9D2UTn8KsbEyLYC0SVOURUqd_VBAdOYtPVUN_MgBwxKAd0K4uTZCw1qWMww,GOLD,II,0,4,10,False,False,False,False
7SyxyjY6Q5ARgalN_MJVmLuKbwU0xH5fqy_TBcmGzdsN5UiP5D__14HqP3nq-aB-2vrDpKJjDuUBMA,GOLD,II,2,74,82,False,False,False,False
wLgKnAEJ7HuzmV3EdZUTIzQ5Jw3uTVZfz0s4RFTfFh6vQoHb8VYy97BZAkTeZ7wqoS-7qnqkyyZcHQ,GOLD,II,18,9,15,False,False,False,False
oycy7Kp98XiYz_zIXZBO6D_BYz5xIa6NRMaxg2QIy4RE9kwSn9obnQNu0pvkY0OKoEbndAoxnQ3e2Q,GOLD,II,70,8,5,False,False,False,False
JU0FkYVv2JcuDXATw8jaVbNau9zApLRw09EnhrzPLSOAnLDDzSv4M2Bb5vqvo3bwjkiLTu0HCfNqVA,GOLD,II,75,20,20,False,False,False,False
HbnM8gHO83a2nFzzD4ArrW5yHcrsRzaCun3jDzVxQ1zNJ15R1sKCKCuBOQtxzDTPf1oQD31AjBMPnQ,GOLD,II,10,3,5,False,False,False,False
OSk6PSgPdet4jrZiCBi788ljEoInuTSLEPpVeBwllSRbtVKDfcUY-VnJc1OxYzC3uuHE1y3qo5oRVg,GOLD,II,35,7,13,False,False,False,False
mBl8g_8sctTTDE_ZA2N4orLsr-WlrtIjwq5zW-uCnyjOyXnhE4lFFaQTKD7N1TvuJTuAoFr6W9kBuQ,GOLD,II,54,125,122,False,False,False,False
dn2Muvvv_W3YgSw8WAVOhaRhIdluslv-K01PbUjD3A6lgHZR5QWb6Gl2KEHIy-x6ozTWM8Dqnqfgdg,GOLD,II,65,10,11,False,False,False,False
assxeQ_FGN6cEKgHmlZZZMwGO4DG2iHW71Cl1-l1K2l_4oHzuDSlMRHdW4dvdLL8SUpImNKhnbT8rg,GOLD,II,55,11,6,False,False,False,True
AUGiXNxdVEolMMm3NqBN3gdXwDf7inzp1ospmIvsgigUMuiV4kW-pmU9mrvPO3q1z2k_K0O_Uv-Knw,GOLD,II,0,2,4,False,False,False,False
vlauk3nGlbwemkFxLmeDkcdTD-oconpE5SClA9PNRjQ9h3OwMLbDxV_5mVcQCvurpzp1i_JURyCxpw,GOLD,II,44,55,50,False,False,False,False
P2bUpSYCeQognWjAUFrVlRgF84cQz_HXDLi6puJqPze5BH3GciNArhIlA5acc67LLH50D2o5d5N7kg,GOLD,II,94,90,76,False,False,False,False
2bvbzrh1VhIBGxQA81GEjbXYAjQEWSNbGvMMpG7APN51hpbGPlor8OkEQdhzUzzIkxEd97gAUODjXw,GOLD,II,92,82,79,False,False,False,False
4rSI1K6TV-H29Y-ZFf_ueIVdSHnOLs6KWN4WCU-omfPCLP9zgIf7FqMCNPmm178aciAeyJ5gzLr_iA,GOLD,II,34,14,26,False,False,False,False
OksZDf9vdcK0d-DQh7ycmYgR96Ib7vyGGWNQqHv1o89m00Boj13iAxRuA4AjGOGfpn1OasBTj4GITQ,GOLD,II,17,136,149,False,False,False,False
abqv_8-Fbjp6x6HvUKqsT-UpXzljLt2VjaV_ZV6bDFDF71QUUxFpYxiXtQBUpxiVwHF3GyPGUZxXWA,GOLD,II,11,39,28,False,False,False,False
zbeV-rmafYRR6hNgjhf_LIHKMjufsug65WeSMu457SjcMtiJ04IH49-gI7pqXT7jrJI_rivKWqWpTQ,GOLD,II,60,39,31,False,False,False,False
_H6OgjErYg2T1benO7eDsKoD4GOQ0Cef0X7l5-LHXdX4JFlt-hV68v38wwdAR_wZPE9j3FbV6TaJhQ,GOLD,II,62,119,130,False,False,False,False
2RSlWUn7zEL6Al4okK0NH3iE3UB_DXyxmKrhHVjffryn5ebpTT9deizVbesL_9lUXytlDIiQL_4A6g,GOLD,II,38,57,70,False,False,False,False
J9MNqP_A41F6Cne_I-lvOAOpIxYMxJlzACicbthkEvvZDj0Oa3kHrS6jnpf7_4QCJS3-I07q7m3TOg,GOLD,II,1,15,13,False,False,False,True
jw0BN9Rtb0Cj0ZBC6-zwUsPjlMqLpwEWcNVz59qtrnGLXHYftLp0j7umREED3wR4zLn-FPA_Pr71JQ,GOLD,II,28,80,72,False,False,False,False
in11zr9Q0jfhoq4Ks7L0y7mUienOSHv7_rCIfXoCV9XRWx2-CLqaY37Ky8M-hR9Op_CuRfEk7Q7Nug,GOLD,II,91,29,14,False,False,False,False
v7wDURgstJhRvn-jO5EWfHuqA40UHibMtZd310eiFYyCAbbXU5px4zFe2g6si881sN6KOATCnA4pzg,GOLD,II,80,53,50,False,False,False,False
7NrVA0wDRPaomYOKhwy0mWhkrlo--sGQ8KUQreXTlsWl208LGtpXVk3t-lU0wl5upvEZ5BUMOsZ4GQ,GOLD,II,64,488,496,False,False,False,False
d8XKt8dWKYFXSpibA9ERzZogvio0NDgN72kf18PWGHgJE3Jk4hctCGhkYg-Lei0WGUmDzdYBjcf2Pg,GOLD,II,48,219,233,False,False,False,False
PgoBcEVxKh5etcmIC3X9ymY9l7k8vlHenvXqS6r0xHp5fYc_KX04IgYidstTQ0nD5KtPzR_QGa0YTw,GOLD,II,5,7,9,False,False,False,False
oaIqwviqQmbvoKzrmCj998feRN2N3LmN6VyRXnIzybSEDRkrGER3pzhZ8tBzGBDc9sSZf3aPfvt3Ow,GOLD,II,63,135,135,False,False,False,False
4xV7dMMFlrBOjXntWaKvdGB_WG-G9v8xPSIbv6VQnxnnP1gEKaTntudrAPehrZXtkP54REch56plJA,GOLD,II,5,5,3,False,False,False,False
giyEYCJbDdRGV6JYo3g2vPa9y5_jHr-pwNdwWSjGT_zgWEsdeztH7nv5LCG9tSifuC1VHv8mqcvZPw,GOLD,II,67,12,6,False,False,False,False
09f8efCzdTcIxlkc8nNdc573vo33_xDoTrVk-A3iiF6qOAM5B5b_bbytIM_s3IBqPUNEXymWE6eJ6g,GOLD,II,17,58,52,False,False,False,False
qQvcActKTXZ1MaUGzdc1T6yztLdQU6MnPvDKMLsxDHzbmGSLCPyXuwwXNxNnV0Yk7dZG5CkZsJdXZw,GOLD,II,97,4,1,False,False,False,True
YfUcybMMZOQHfmgx5FDjjHI-faT1gY70WO5NWzpoA0gxOZMmN9DxKCNp7zVdmFkROrlyeD79RV0oww,GOLD,II,27,51,40,False,False,False,False
5Z6C54cMF5BLkkdPGoPpxzB5dXKifk7w_CiTN_SN5ommMT6GNf9vCSV-F8BzdvaJ3u3oe6UVbZa8dg,GOLD,II,60,3,8,False,False,False,False
5Q8Az_kZfX7bnI8MBadjcRuG6WcOBdqOD-Ok3xCzOkgBZrVE5f1M0epiArBUFgx_RAPb-dI_AjprmA,GOLD,II,74,30,36,False,False,False,False
Shzs9uNDtWl1HTpgvoSlj3YlaGQLRBCECLSmb2urB8kBA9Uf2VlXFQ9k7qhIRglgtD9SqDycWPX3LA,GOLD,II,50,4,17,False,False,False,False
Dwyin33woMiKipQ7Y3o9O-ClARTNnCj2TpQ8I1FdJdDi34X0lbCmtrzGKz61GskNjYuT0QG8pf44cQ,GOLD,II,11,19,13,False,False,False,False
BdHSL6mibePNy0NSJJVJ-M6qt2ofKdE45GqoKerrJP7CbUzX--bHvbIZU82n0W6xAIEgxQp0RFmNkw,GOLD,II,85,4,2,False,False,False,False
ZtiXvPcr7EV0_sv61Hn3K8_JuR3xT8ea67kolXEQ-gSNN75RRFdbkjqlHFYP2LTOXuSwJ9RENIgToA,GOLD,II,10,51,56,False,False,False,True
tCg9pY2nNWjU8p1X8IdwMdPzVFaGMNFllOhcLc39B2mOMlWrsHeROUp8d1q9CXjAS8-AHqkkNHksmA,GOLD,II,69,87,79,False,False,False,False
t3J4saUN28nacL-mN3J6kGC0CubkT1VUWrJqWPtAd65ywb3qYn2BEQTvJ11XLMAe8VHo8TPLP1ZXZw,GOLD,II,73,27,26,False,False,False,False
PJ4uZ0Umus4IWbf09w2Dtm2jE1Eqe_y9YHXLn7XowP-6wqbBvLdQY_bCrYBNj8PgI0vSujrKaIt8vA,GOLD,II,92,152,145,False,False,False,False
23p17_bRk_MiZICT3CggZZhNsdhhNayD24tgBCG7npY3-xCL-F0GpRsB78LK_MRRg5Sj3sKP7Zlj7g,GOLD,II,55,5,8,False,False,False,False
7GWPaxFHu4U7e9NPww-NRVNhv2uHcR5xKo9GacPnhSzOX2VSPzUJphWeT54N0ZS0bktNcMpjg6Jknw,GOLD,II,98,231,231,False,False,False,False
Bb1RTafQE5IJZQq16UtHiVPo2lyI-jlwbh9CzNkWhPnpZoO2L6upaNO0ChJSzvkvXr9rPRI53Sv1-g,GOLD,II,35,96,94,False,False,False,False
dYJxmGBpwyiD_UPNz8quhdBUKeTnB-DjBL6oPR0ZlJGFVG7Y1olp-WMaaAj-Hfsn47MZfJVk3t-KVw,GOLD,II,62,17,13,False,False,False,True
LtcbdclxU_ObyG1638IKOv7eHc1ktjvI9p1LhEorqUgiwxwxidDb6OyWV0HLs77b6Is43GgbotswBQ,GOLD,II,90,418,415,False,False,False,True
zTfCbA0UXajreFjxR3aRHS0YO8_DAiwVhT6H07uc5wDAQplPdrdvYjM83b2gFbGxGNtCZi-lTCD0cw,GOLD,II,2,5,4,False,False,False,False
raGsq41YDEzl9kLyFEV1P0rWJnl4BkIUR9EUePzqtsq0WFkihGkk1AroEM12bPFsWups4OJGSxoymQ,GOLD,II,62,85,86,False,False,False,False
0cWlHB-MkOeEBHOYwr5MOLTbFdRZN4t4dFPA7spAmw9QpvOEpfdbfMGu0e_bt4hluBaeZ4zoKSFtmA,GOLD,II,23,62,80,False,False,False,False
sLEIwXcRGGHpJCjez36vjcVUffqfIz-YPpNFb9-LHDaotjGgnrxekLLOjLJ1m050lt_K_vfcqwKz_Q,GOLD,II,2,16,6,False,False,False,True
12zX4RKrAkqmThXWvnFB5jTH0vLK-Y1TaTVLNkLfUGMxG6pOG4XFME6KZcxSMQnD6rJauQimok3XZw,GOLD,II,22,45,44,False,False,False,True
zXn5YIysUqZTdeyPcrLjcGLmfs96NuxxI62m2bryaDxBYhN5XG9i2tUOZ8hbxxovwbCbqwEQ_Rig-g,GOLD,II,63,24,31,False,False,False,False
NiM9MLcqzIboCwN11Y7hIs0rVKKub51LXa-yfjSLWaHGEiN7X6NCITbcri-D0MkqjBQcaEX5e7mvng,GOLD,II,54,30,31,False,False,False,False
0L8bfkCpoEDTnq7xaDFPuSHNo0TsdtSdzCA_5rcLn0Ks4h2dbcRA3pJJ9CF52pcwJFBzvNp4Pq5evQ,GOLD,II,42,12,12,False,False,False,False
_K35DbL7FcXe1Focc8eMAEulZk_MxELoURrsO22ZtJcKVArvkXg4HB0SPEuM4Jxkf-blZcBqPtxakg,GOLD,II,83,55,62,False,False,False,False
B_WyfHfNzyjcpLQ_AM6LIoy1cECEi6w8vKI3L-4SQe26-HIWBbIfuivFVBXQTj7kLPNfXzZFoRQbmw,GOLD,II,1,78,69,False,False,False,False
Wez8MuW7v4-oQ6MnJszTYttg4z4KI2_QCJ2h-Dh5-iEwDsXlto7v-czabd4z4KrR0y4007H_vY6nvA,GOLD,II,61,16,19,False,False,False,False
EcpUe9xeEBDygE8huriINzt3EP2rRkIy0T1xhM7VxIxH7b6iVkDPZLVRE1pnO9fCdFIrukRAt93BOA,GOLD,II,98,39,34,False,False,False,False
stk8daTIlU0r79_6jpzzgxO553nwtXm2fVssL8acwV5fZRO63SEVe0lvCBL1Fup3AhO5FmCQsQEX5w,GOLD,II,10,3,6,False,False,False,False
USPysugm8W9Lg5uALN1jK_ecLtsKhiur1ZPZA2WO3FfOv5FhlTy79t2jg-9NS1Ee8ifJSDZaP8iqmQ,GOLD,II,10,2,3,False,False,False,False
GiLfwMeX4sXCGhjk_nwCjxrW5GTgvycF9YBVOi_FzVNvd1yKHGYCZ5pL6DUywY-cegRdK2QyTRDiXA,GOLD,II,97,4,1,False,False,False,False
y_9GJHQUEZE9Wm386Zf4_V8lIYlS3gtgHJjKJqdyjVOK6dpKhfkbd843tbyoIKSFVP-o8eD7Tx75-Q,GOLD,II,79,146,155,False,False,False,False
hLIyNJvmrHmDGs0ngmxf9ZkKBSo2b6bUJ7GKEBXn6POUiyKb_KXMc0tPdWUrQ1RzAuz0SlYqCBPvdQ,GOLD,II,73,18,21,False,False,False,False
PTqOq4oIaQA1O5y8Ej1SX7efCzFLmH4ubEgGyZHwlGPTwkgGM0SHyO_pRr4GM-YMYeY95dqwshMUiw,GOLD,II,38,36,25,False,False,False,False
BmXiezYkgtX2lTuZIYn4vSeucvrEeHUb9XjjQpAsZvlfIF7xOu9Mz1OAHG3YiUJIdnbYaiEofrAEKg,GOLD,II,27,73,89,False,False,False,False
LjZg3eRjERexdDwb1CtW3i4ycz_P66Wgsjl6QRkQZ5J8fMqoyHDQ89MDUIZP57F8MtH_UGGJ5ea1qg,GOLD,II,9,28,39,False,False,False,False
4rnLq_-dXrqgP8GzT8HfaF_7BNO3wC0tkezUB_EMBHYYIYrm5fvD72LkYG8yWYgVyH3YhQxUvCBi5g,GOLD,II,79,60,57,False,False,False,False
e8UPHO7goaMgNFC6KsJvozQHhFHk7Pf-9fzD0steUeCYgBLIw3YrQ2L3wPcz9YjGkxttLr_SOB3mpA,GOLD,II,16,91,98,False,False,False,False
_q-YTlpNKZeMcHVlQJGytnLeMe7eCDI4YZ9Yi_WOVCexVuIB3MqGU8yYBIdVmaTfTWTLrNFGr056vw,GOLD,II,17,24,12,False,False,False,True
DUxzOKYCcfLmsdgqkoEykdRBM0Q2peGzguOPgNzG_pWLdxncFj6jj_iMMs7AX7kwBv6wOGPRmOGzww,GOLD,II,77,39,51,False,False,False,False
KDyYlk2l3TXcmSE6EI9vzV-PVXTPcOM6euN9BOnqiuOUpiHLyRkGRXWcvZ1rkPLFPG9q7GxwQ_5owA,GOLD,II,95,8,14,False,False,False,False
Q0aLlapozmbVYtlrxNXLK7WQNymt4qj8IZ6MuPk0VugaW2qaSeKC0IKn7QJycPyYqVWDbgiSsfMx6Q,GOLD,II,20,3,5,False,False,False,False
gOuHFaHYfa4kGC9jsORr868TMvvwvccxi1lPX4BiuflbAvF-d-vV8kPKDS7JRIL0dVAvitjQr352eA,GOLD,II,84,48,58,False,False,False,False
luQ7o15lwPNGGYjE1ft10lSjIWkGYn2x00GZSaID8Uq4GjZ5-xVB2os9FGZ6qP0mUUyGDOhQafAOHw,GOLD,II,21,14,24,False,False,False,False
FnXfxIOZxLQTPWeKyfJM-SbwCgKrAT8jO5DS2Z8bubrMq6F9mDC5G9e-Z-LLMNj-rC5E5l8FPEBLHw,GOLD,II,10,2,3,False,False,False,False
RmYOuLfRSqirRizDNgFUT_NHEANOUYMzSbWo1tt4BMtN82y1qoH0D_GfFJ9uL9GLlEo2GDLeYCyofA,GOLD,II,54,85,84,False,False,False,False
rzspyx7kOu28qi4f9SBaS2SxOpnFjblGhVgd4fVLEwdKbhEsk3mdExxq2hz-uBdil-B8Zonad4kKcg,GOLD,II,21,14,12,False,False,False,False
eor6g1kfJRekXITz6qnaCiGzWe4SzxlWFCODZSEc2MAPENh4SS6Yck5rfCcNu-uo2zfmoqYFmzuevA,GOLD,II,70,53,62,False,False,False,False
8GQnf8A-YrTdhAjXBbBQIcCfwbLIaz-xeju5ponq51brB9pmJdIMrG6h8Koce2q-AebzBG3jc4S_TA,GOLD,II,82,324,320,False,False,False,False
8RzMmpUnjet3Z1pIACc9H7igoIcFxeAlkf7GU59aBsJwQpQ3sU454Vg8LLuqhhVG4WA0TKEI0VbYwQ,GOLD,II,52,19,18,False,False,False,False
8-LX5Qo-99guvSbpPB_EAm8uCVqT0d2EVLyyL5iaOMMNT4c-UV97T4MJ2QISF6Ay_6Nm1tIx141JBg,GOLD,II,38,167,150,False,False,False,False
ySwjW7O-qbI3OHn64RtoQi4c4MHTDGnegpSKE_Mqj708d8gvC6AJleEkPcnlvnwUPmQpsWCR0jYgZQ,GOLD,II,35,17,8,False,False,False,False
aXdpSzxTR944SbvfFhlfMDVD0atX1aNBTOO7GtUCuiOAyA-_Iaoxx9PnhN9IAzMlKUKOGvOn9-Noyg,GOLD,II,15,11,10,False,False,False,False
w8SM-D8Prd9olFsJcsl2R3FO_8-JNpFlaiD-6S_U1wNEME8gsBaoNQ9pYCjBye1EwsXTjwPouCOM0w,GOLD,II,13,26,23,False,False,False,False
Cc8j0nUeR8ITXFSbGCK-vZZHi8tjeCl1KKvt7gjNnwyejlOhV2uh1OHzFr3yw0BzGEzdPq3bh56How,GOLD,II,38,38,35,False,False,False,False
LjIMGBw6cmi80qq6EeXRaGV8o_Ewp5NRHm1suvqKw30Qe7zZM2gyja3MnRpTfb5YEpzQ-BT1CGEJAQ,GOLD,II,13,30,27,False,False,False,False
9k2rJnuu4WV1heOUvsy7WSoEwA-EJeLQCQWWeKUuLGzvuqi0RSaW3BqLg1K7_P2zb27_98Hnv-fZig,GOLD,II,20,12,27,False,False,False,False
KOIR8XkX2QwwuLwJlfrwcGxUtaq60PZutBbNDwauwCFYJDsYeAAe55xd9bu1wJZm2EmWOceBGQleww,GOLD,II,77,12,7,False,False,False,False
aaoiJfJ1tZ6U7s5Lx-xzB7tEM9jWhWZsmnIadtU3Yhoq-Wy9j5scPoYNVqNHD87kFGYxrsJttZjxiA,GOLD,II,75,7,3,False,False,False,False
aDkzu_kIKGJndTIMCTFG9b57K-zPMB_KQaGLGDnjblpawyklyfsNpZnBwsmrViC9uowv_xygn6PI7w,GOLD,II,10,2,3,False,False,False,False
M3xlh77wQLaBpjFP__Eo7LecXGxg1a0MXLXF6fbKjTki4V7ztA0XEyCUEw6zpaC0eLUYwojmUeWsOQ,GOLD,II,70,4,3,False,False,False,True
MHA8ne0eKM3ZIJLle52NsW5YCKcsw6Y04BGOUOH2HH_Hn4hdgSSujUX6QlPd8BXlCUTtBM3HyAZSnA,GOLD,II,2,61,69,False,False,False,True
Jui7tUyC2pe7s7NzBlWaG3TWfokGrH16NmYLYyNRIch7as5BDuR3aCrYnVxDIGA_8kVbU00N1nYrnw,GOLD,II,97,208,219,False,False,False,False
vseosxvzJIzSE3a0byP-cFdbChKLROyrFLLrsPGxVWc9aS98Loj9dJuZhwFQ5EQ_qKakhaG9ZSqVIw,GOLD,II,45,6,2,False,False,False,True
fkcKzxPH4eKoFjRypMC_dIhLNqv3hSqUuxt3ehILhYDAYliMk3oPvTZkWWi2uU_TAnMik6n5XfJg8g,GOLD,II,72,60,56,False,False,False,False
8i4qXuUABuhmhtIYR48jDXXTXuJn_i6yQbjsTDqhu56w4WvWN1JqNtd0RzFgwFdmU-Ve34CP9-4Phg,GOLD,II,90,95,91,False,False,False,False
3SkY1w3vn5StovkYAWUie9EqOCoBOdKBxNE-AzTMbujatP6iXToWIRFyI1oMXrwWa_GyDbuiK1dwdg,GOLD,II,3,66,71,False,False,False,False
i0JSSe6oYzPaHX9Ka2hp9aLWbLYMVMtFPb3FU82vq82V-hyl40badkAzMTNeqE2w7ITcD9coJVm0lA,GOLD,II,0,3,7,False,False,False,False
iVQCObXPBiEfVuGUjkIUd0e0KlF8sKRY4KJuayXb5udRELdDIfeN7vBHzwLLLT2z96JH65YtVizedA,GOLD,II,0,121,118,False,False,False,False
aJBeAgXRvp3smyddsIk8pLep7Ty9iIxjdelQudFCXvOeZRGiXFA1zB7g55l30WpDzkPjyoheeAcIoA,GOLD,II,3,137,138,False,False,False,False
PRpxT96k1A1VSRSYDA37RPjTUMqI7Mz2MjN0ypgGlWqXPu00cJZov1vr-7NJE3eK4OoeEMCle9tRJA,GOLD,II,38,51,56,False,False,False,False
eoWBM-pRcCFShmENGkjxrrjhPxZmUAO3IgjwDJ20E_6qMFfqR0q2qD4Fd6zve9zyk0ztO_K9A5E6HA,GOLD,II,63,17,21,False,False,False,False
hKaBFLDyPChoMlmOjXwQEjxz2ogycXiaHFinbo9BlTPIx6BZ3IMtGvPDQX9qTv4rmtv0LoXC8kGTDA,GOLD,II,86,117,131,False,False,False,True
VDJe1MOlqy6t6teK-WwH6gjizkP7PlV3QQjBd4t-3SGxSUDkWqcO-qCi8U8x4C7UESEuPOlDE3kMog,GOLD,II,96,65,64,False,False,False,False
KbW8W1kDnfwemlja1B_B-S80jvPlq1YAL670uJWUXAIqGcubr9Bh5xdS4xV8sFTRWmAImkFlR1oGLQ,GOLD,II,44,155,152,False,False,False,False
dk5qxKmWeGXEsEWTZaXYvwUbwWnuGBo6cBidLVWFhlCWsYyGMrqRFBsAk1Z0BldqnMt0FVotpNeroA,GOLD,II,96,175,165,False,False,False,False
H3wMAYkgQSBOhFiHRp1RiguyjjSKJIMQcpdCPcp0abNLvcIfwNLcJ-jFnz0Gg1piJKA9Zs1MunXx-Q,GOLD,II,85,9,17,False,False,False,False
WawVzsFOyPM-nKpU8qOU1uaYihGO8X5Ph9LuwY23DmvOdQ0qjEUzfIOpV3KONy9Q-4seLLrFHc8iFA,GOLD,II,91,4,19,False,False,False,False
8pWa_MWq96yBgYrMTTX6it166UvwhrE5-YBT3oZ92tM5GHEp4HHs07gG-Us7zqrg7TWxU9C2_J-qog,GOLD,II,90,4,5,False,False,False,False
yGtkUszJsYX-u8v_J9wXGn4HeuPCVJABZgU3WsJVvQ8w9l8QOCmQhjzSNL9FEB2u2H85RyjuOm-28w,GOLD,II,14,30,24,False,False,False,False
YJJX27lV8TpZT4tnHGvWXwVTne3WgO4M-ZWVsvW_c57nJgdzYkbH8z6bm3x89ueSSzzPyKq56EtRDg,GOLD,II,72,16,9,False,False,False,False
rxy3Pzz9ytl20BBYaq8aWKKTB4NKKBxk9_i0om-xskw2Bh4iqkn-2ERqCkYNzycToej3v0NI4RfjSA,GOLD,II,75,9,9,False,False,False,False
WqnqkYJ1lETjhv3ZTSwLKzYBiK5FRwrzYqc2zJgOTq5FwjoiT_Z80qr-gqKOjJ7H3pYH9OOGhT_8HQ,GOLD,II,61,304,280,False,False,False,True
6qBuCMzwX1Rh2AsOPL9ohgVA-_ZbG9uFbuAQvPL27xpX37FAGGXJUvos3yIakMoObigeMztslV28gA,GOLD,II,58,94,91,False,False,False,False
ajbBRmGIzBRcv5bfpzsmUEuOVCKsudBD_L-kCMcB1HRmZyHGGD1F7cW5WeBpJEV2mmRvZb0r7-p8rw,GOLD,II,92,261,275,False,False,False,False
mBenzP0j6CAISwHljtdDJvBqg6EU2Pi1YA6Ji-Odi0ZFDVAdcjUTa1ssa2_5jdfEjqj-07glKSrGYQ,GOLD,II,25,3,4,False,False,False,False
ymzdYVH8d2RcjLfWdspl26-d2FowUHWSTYhvpC0gSX97wmNXT9gmASYta6XgCJn9GGbreehETxdjQw,GOLD,II,81,32,45,False,False,False,False
S3aigehnQK2ks5EpTIFFqbwtEbvqY95d14uj7A9dQxP6QyTOn0U_n_tryLrN_wgfC5hrPtq1CiPfbQ,GOLD,II,87,17,12,False,False,False,False
R-eZU-twArVZGE73TW72kj6e5vZdLvCxsqnf09Wi-jBpCcbx1LbIDJ8odZQoPA74M3TC2k7R-lM0Nw,GOLD,II,0,17,9,False,False,False,False
nEMeHx_XoTsKEYhzhjw6TvABd0-mxMYfByhBqXeEYUkwVyrFm340pZ8HuYUupTawqSsTQ6rL4TnSFQ,GOLD,II,27,177,180,False,False,False,True
VAP5MrDxCiEu06BxDaiRGcKOq5_Y0VELKoOFf-YddbYa4PVGbeS5VT6qMR33FL1EZibMflM5QNVw4A,GOLD,II,84,178,181,False,False,False,False
TZJU_z71GAFBGZjZ25E_19NMZsZT-6bIQ-5wZn7atmZrdV8GIE9JGf-5cNH-IgvPPJkPTMMVRJMhFQ,GOLD,II,16,86,85,False,False,False,False
ol8LuV50JATndxWHE-lR0PcZaIr7uysdHHr9wRaYW4-ifKzQcqNYZeFqi8jgewlp01SvyhJffcKJmg,GOLD,II,26,66,66,False,False,False,False
XwSk9c4t3dRg5mzf020Y0V4Hqm8Gzl_iqea2BlaM_yeko57daw6i7yRewHJV4g0dA6gz2n5r_Yjy0Q,GOLD,II,11,9,4,False,False,False,True
ALOaUDepUZf7eXuBeoWDJZLn4696pFHGE4yxULLZMk_6il_Db2NIrhStyQ2AWSBaWYE8rR7r-BDpZQ,GOLD,II,40,39,36,False,False,False,False
Ve_cUU1anmDzhGxhmFQiYCOT6QH09Pz7LjfiK7tV7P52FxU3gXjCANdvWDjSe0Q5IiiICjYRoZUsOQ,GOLD,II,95,211,203,False,False,False,False
zZKwwS6ym30vCEkt4fvNCWiuVJd0TqpKdd3KdkRk2l7J34a-J-g86jpi_z1JEEv2_5Jy0bFVMuKtiA,GOLD,II,2,752,752,False,False,False,False
NDjap3dr2Z_3dwVgVrEcqsV0PGu8Qi6BchDInOpOjVQ5V7yUw8FUvmV3aFLBcGoXves8xcyjPUp8IA,GOLD,II,90,2,4,False,False,False,False
q42KhsVk2tGEnps6IMM0GjOy_hiEFZEAjPhWoA8msBK5Dob5lbLodpNHjjvAkSfEGCBDvpTdBmLoYw,GOLD,II,67,20,18,False,False,False,False
iAa00CCz7cDCJDldvIyrHxMIX8p_3VEWyoHuOqgpKLd9CKUTxO34XKPog5Fx1BCCNsRjLjQ9UBMkJg,GOLD,II,28,15,15,False,False,False,False
KLKnqFMe2aclIUWz4q8PImzofY7dPacca_-UZ9vXlv9sW_ospCkjtLfxF4yZoiYvHF_y7zPSTGIotQ,GOLD,II,65,39,33,False,False,False,False
Zqg_0B92WI2sLsZO-1gNit9nirCewI0uMz-Q2UF4h9Iu__MVIuAy3wl0s7TIa8RCNfx3XNo5pGfZtg,GOLD,II,41,109,111,False,False,False,False
ISKyv5STyIdPAKSyyaLX3JWt-oiXPh0QZ-pWpDSmDauwqnDfEwfYhj-fqHmU5MELNtqfaw2o3xKqtg,GOLD,II,83,16,19,False,False,False,False
cPktBU2e555TZ7QriFCXWcTWlmx0WcccGh0zK0py6XcHw1WvsUnsRXY3RrBskCNUoZi1ffleCURJ9w,GOLD,II,4,16,16,False,False,False,False
7fqQ3zA1juIbD9nXIDVPnI9lSElKw0O31yhmbyZP-AiOVzNOYrBC9uou5Tezjm7FjF_ULeBT4a0y4g,GOLD,II,21,36,38,False,False,False,False
PaLTcbZcKUZMc8tumMMp8Ct5a14OeQmY2sFtvqHXQHSSSBL6z667x_Wb90Rpn1aCzSxBhb4aEce5Kw,GOLD,II,11,5,9,False,False,False,False
0gkUfmN5bAbPoPNPxieuEIiSQQ72Wo0pLJ-SMMX06FWl76cksoV39AaHlKq8t_K6a5Zt1-TU8aAHhw,GOLD,II,82,13,10,False,False,False,False
dXo4hB8VwUN_p14U2kCrcEKsBjZ_C9d7xeCypdecAkoefDu0KxhcWXK9w_hWtFO2CkHmwM8EzEwnkg,GOLD,II,12,20,15,False,False,False,False
x1VcT7LELlphFjMVC4EunPbY9Dk4arcnhPpa2ArSIycyKdQbGY18qyj8FzMW47rcysy8kU6bTi7T5w,GOLD,II,75,4,3,False,False,False,False
fxHdTQ5vadxZC14D4o-GPQ-e0HHXd2hfdc_Clw7ZHZTqxxEhNLCmLG4-0qs-y5ocK91twbAzL2EsSg,GOLD,II,43,116,119,False,False,False,False
B5yQJYjTY-xA8hp9S5nN_IFUxlcchi3tRdjNeDR5BNQHZ6s5VzEY5gzV2zhTSbchU4ne7SMddgnCcw,GOLD,II,75,283,293,False,False,False,False
3ijeatpS0IoKHH3Jhx_P1hSbKwB749peghBZAyXIouHDsm5hDnQmIZsntzaD4OV_bS9BNv9uipi1ag,GOLD,II,41,112,121,False,False,False,True
xBGCY9-cvj-Rkgnvm09R0hntiqdPfVoFlCASM3G8oOAdB1ZRf3H42K7u47HOzN7MEe3ZxS575YyoXw,GOLD,II,84,30,44,False,False,False,False
W33ll-OfT752R_-vG-672YQWZBYz18geVNkENbbsq5cmv7xpynuyIQZzQm9KaP4Eyweu_ZU61QegYw,GOLD,II,40,150,162,False,False,False,False
MTKrF2nLu1oFPDXGBkuu5x5qL2OsZ8vZy1ZyRAGm3h7_lG-62qorqEwU1QhUhnJeTquLtoEzCyoKPA,GOLD,II,39,190,196,False,False,False,False
IzN3awWDQVYclR18Nj0pip-5FXKXdjiVkDjzoVmSSsTPJmfSCOYOFm58pq49omO5PE6GhnUafWtbaQ,GOLD,II,48,43,50,False,False,False,True
2GLGVvD7sOy9630-P-rzj8yjFmWuQqZsLZLUyKNEwWvx5L8iCksA-kQtPfcdCI2m_Oej7217jYHeyA,GOLD,II,5,119,109,False,False,False,False
_GdJ6IuNlV6NRbuFGv0QowAKbEX7p-7dr2b7rBi4XylMlelIxO8t5_uq7f6-Jr-xm3mNM-l2zddy7w,GOLD,II,12,46,42,False,False,False,False
8cmqSD6NzL-jDOmRcZDiKs02wnLo4W-lQFD6-LFT74ymEcCGtB52OQgjNLdIgHq21FOGd5Uwyy8l3Q,GOLD,II,38,27,32,False,False,False,False
2nEGFGRI5emUeN9osWue8N69nnTKHB6caMuQ7BByRnGKBDZ5m9oe2F9rHTNCuPY4Nbl2aslkPpGZVQ,GOLD,II,44,115,116,False,False,False,False
KkboPrIch6f2g3fMZhbcBznUSRTenCCUc8LOsYnIMRuimh7LFqg9kytcMBfvG8_Hh0d9BeQcekavYg,GOLD,II,47,6,2,False,False,False,False
Jn37UlvvcW8G4P_Paj5ZEhe1o0s8ugm1qU9RxevD9f9B0bMgQ3xwZSgb8Ce3QjQM08CeGmWkmtIUsw,GOLD,II,4,105,114,False,False,False,False
NdWiIxuyQ_IOgmLFF8LxgqOMvXei1GbJphwoA6sz-Lqzvam_ZXzbo_x24Z-2Bc_jVqz4fzYZt0fvyA,GOLD,II,58,196,174,False,False,False,False
m6ITsIpYIFLXhfSOrdNlzv_PwCX0X6i0uDWjdBzT9fcrhQHLH7oaZ6Hupr8IvG4vxCOH_VTr2etfrA,GOLD,II,55,3,2,False,False,False,False
DTkS-an-lI4AskSRTSI2Gxv8btTQxrYaXxbOWRugVIKsJ0QxZ9bL25eTbfOye-_u5j5PlKyH_Sy6Bg,GOLD,II,7,30,27,False,False,False,False
TvFsPgJpgrHGm4aZBb9lRuJSfoYNcnP5hKHgwih9tu5nodoDkagmwqFqW2TcZp9qL4RgxLr745H9XA,GOLD,II,61,8,6,False,False,False,True
EAG5J0g_jhI8ylf1kYEt9FsecMVu-_fgfBf-0dUyEvhAqfhRHlZrtNKf0aPQ1ER5XFhLClVAt7yg2w,GOLD,II,86,20,11,False,False,False,False
ZtM6WVhlpkmwUGHBvDwNv7tkBTP_YtjOBu0UJOPbPtM2MpmsDUBJSK_Di-MtsEvMneSJFe6OiLBKcw,GOLD,II,57,17,14,False,False,False,False
nSGqW-_gT1uYIKN_IZ5a92QZALA-gj9fK1zJKJqi_-FmAHWW2W14-iln8v4feB7ClFEbFtdjPDY1ew,GOLD,II,57,20,23,False,False,False,False
7ZRlnjjtysJlGFRoPq2dwDi8VKHwlXlOD2IlZQmdLADEfVQPL3oTgoU4M5zm2-MQDWVoMoKU8_w6HQ,GOLD,III,15,27,18,False,False,False,True
ib3Kbcc78V8UrSdwx3EmzFj92Kv-kytq_VmOsNb5VMmRwsfDE0Rj9t_gmcWe2bmFa7QmbaDVBHpRIA,GOLD,III,75,4,3,False,False,False,False
ZitOZFhwteFYTf-mO4F54kLxU8B6aj2WVnk-4o-eb9B7IKdiguzx-kyxJUOkQzSi41uaFLXqBUH6dA,GOLD,III,14,128,141,False,False,False,False
razszHoSQONd0K7D0JEClARXZ4-SURWPJStGgptxQXEPIoEXWj_SyuxDMnnIA8qO6pE8wUED6C0VzQ,GOLD,III,15,14,9,False,False,True,True
7eUyetiPYX3s7nm68IaeVs8cLeZONlxzXGgY47wAITzanXSrm2fYaPxWe92dfib90OgBi2bj9kUPag,GOLD,III,35,35,40,False,False,False,False
ManzbyeheYZieZcI1JIhSA__39YrbS4mqE3zaPNd6sRaBbqM1wTnFo0z5RTA5USSpF6H8b7O8SULHw,GOLD,III,60,4,11,False,False,False,False
K-vpH3WOOy2y4sQUS6jRNWAbi9mT6ZZYfP71erzI7Y8JD3HvD_I_A8QkDnCf7pJhrQyqef3yBg4uTA,GOLD,III,23,161,171,False,False,False,False
5m8M4Wgv22UgQwKZScCLilnRnRJoSp3VPqal3LzfPk9YrJ8yJk7-5_n0pqX2lyZTWgiKnLxJIy2oqA,GOLD,III,74,532,545,False,False,False,False
jz1Z1i6TPSlrnnL0Cd2O2LcESj1J7Em-f3hYTgNDeO4esgmUXpLL_IOQpzpA2iSPwoNUiDcDScn__g,GOLD,III,13,68,62,False,False,False,False
keCEgvJMyqf5aOzcP0a4J2DthPnWqYrMPYYeWAsrCtj2SOANS79LfSOLL2coFJJ-2qici_s1BzGEZA,GOLD,III,1,109,124,False,False,False,False
wyoO8AGAFHvmGmKqWymlurpyyhG89UVY4b3IaHqlzbINaZK3lD7XAcDqvMjfjSSlEB4V35L6Us3LuA,GOLD,III,73,502,489,False,False,False,False
w86sv2BV4U_QBG87p5gbcz0lUrmLf4yKmWGrh59GmtV7Nq-GcHYKO1osR_oh67mUf8B5N7GoK08Q0g,GOLD,III,2,165,175,False,False,False,False
EmHMpYCD5zhEo-Wc1II47j9zH2r3KedGx0TSO7JfyNxV-db0EvcMuobH4p5hUSJIZprcrnPaGZVEJA,GOLD,III,76,28,35,False,False,False,False
GM2WPkT4Ab2ItEYnayHawZ8pvLH_De4-t19L7e2oFu42UI8t5u81pbPDbmKoZhaKKal3d6xrN_Ms4w,GOLD,III,29,7,11,False,False,False,False
phOa2oz6djdKnL-qn5oYISgP6HTRpIgZW4HrqhRGkLjyNrRQqXdWP6e4t0eo6AIGVww_XrdQK04TTA,GOLD,III,10,3,6,False,False,False,False
AOyVfjzvzfGMrprd8P-RXQsWrSoRaEo9f96klChXm48LqTel4gMUoph-UQynzDPH7wim1um6YBoteQ,GOLD,III,77,113,114,False,False,False,False
XZ2NeRJyhlB_EuKkVsl3iqSYFWqlQGmHF40GSUbalAAqJlGO949zsAUwxTqSelUwWWREB6ugXc2x2w,GOLD,III,98,208,208,False,False,False,False
rV-6SNEWQLnEXTK76OM54DczwdIKD4HIXq420G8kCTaEqS01JvnEmBZAZi0IDYQ-ZnUOiBovZtbbBA,GOLD,III,74,25,21,False,False,False,False
Nrauj_x4O6Ihpe75ywchFpmTaKQj8uwjtU46rgJoORpap6pfDoCIi9KvOiy2tXaY6sLx9KvC9NcRdw,GOLD,III,28,241,245,False,False,False,False
YkRzMeFDuMVCdwsrwgB4tA8JakBaHT_EnRjJO6ykd_4c5lF6mfSMoXLp_XVtbYf1H2N3sEZ4TuISTw,GOLD,III,24,88,106,False,False,False,False
ux5-o_AQJ_jy2WDpLZI0Rb33HbKKUIAk_Qhak86m1sj1zq6iAxVuJ0k3PhJSwRk_WP8e-E8VTWGo3w,GOLD,III,80,55,55,False,False,False,False
HANkrrVh6gAR1x2PHfEuZGoWDsozySHYWvaCJrSQFiUt2JWLyOi67IZgCN3qa9v_J06p7RBUd_SpsQ,GOLD,III,28,109,106,False,False,False,False
5mhRxpXRlt5NxdaJjE94ys5qx4nvXo694SuMlqdApdH8M6rsPRLBWskLXTImMfdv3TI_ILY2Mvpkbg,GOLD,III,80,7,10,False,False,False,False
tajO810s9Vr5Ob8C7Dm7DlnXDIBwbCOiiMljO7AnOsDVnXl3wkZ1Gkdau8_1st2Fn3PJSr6MxSdwJA,GOLD,III,31,8,10,False,False,False,False
PMqbySd2vx537Ba3xNsZTdyLpGgjLo-iVZrpKIbUvyKO_3orwdoMSg6S-o_BeWmmnDLHBBDh98opvg,GOLD,III,53,22,25,False,False,False,False
cy1Ng9rWZFfuwzVpg0m679PnamFoaZyzbuvA4sR-1as65GLEDU6n6wmu_srR9kbP48XI7gTjMkO7Gw,GOLD,III,28,89,88,False,False,False,False
-RGS81RL85-SQltba4kBaJR5o4_Jm0YbxodTOdn5GzYwtxsb7Z1P6s1AuT4ny6Tp-XXDxnNF1l01cQ,GOLD,III,33,27,36,False,False,False,False
z4VApRtCTbvvK2_S_g7N2zF01TzTDucJ0HZpjeGGNDoEV5GGZSIfLGDUJ9HRKt1Rk8-kq0c6knfx-w,GOLD,III,11,10,5,False,False,False,False
-q5p4MW284toLTY_gC9lsv9bRS75Cy_YnF9WtGEZogiAdiO3pRE-DjwF9XphFKSQghQk-J1-VpV74g,GOLD,III,99,53,57,False,False,False,False
4Ctl6RxXE335yVe_Y8w-WcFf0QdVEtfyIOaRCMHSGTPydHb-ki_I2yRxssZkwJA7yCs_fiINILrtzg,GOLD,III,84,38,49,False,False,False,False
57cL2ISZeQ_mm8U_yNLoLNlegXc0FnD_ipNFn0xxzQmyOyLV0N5Itq91zV5Bf1i29kj7RvxtzZ0USg,GOLD,III,56,46,47,False,False,False,False
ELSCiNsFdWYW_e6N5TDkGVNQyA9NkkFzBCGAPR1PTepM3rl97s2nxiodqCp34y69TeFD_ZNO4h_ibw,GOLD,III,65,11,14,False,False,False,False
5_aAEh68HHCwRA070-tyIb5Jiz5SuS09gE43qqNrCsl96JU0ijypICMirZaEOHn36y0sG6jiFy94Sw,GOLD,III,52,21,24,False,False,False,False
g6BNhZz6DB8icfWj4YAHUal-fKvBzBSw_MNfdfBEFnfgF2a3UNTe3SZKT5IlRbC6hV8q-ya2tVRW2g,GOLD,III,55,3,2,False,False,False,False
HxsAY6g6IwGgN5PYuMJXkhv36RovsjCC_8RbLLZuggLEHGqN_7fomcSzmluK3Nh7BQSQ4KHEv0_ckQ,GOLD,III,49,24,29,False,False,False,False
ttGyS3UuksnNcWUVAd97Gk-actwio3BLGM3kJTmzBuujnGWVonUpfKY7SXhe5H7h6IaAGUbQJMfW9A,GOLD,III,79,105,98,False,False,False,False
EOe5Uut88rT7ZX-g6zt9qbLOXuZ8hACaJbDMtKdwaiN9IAljsb0Hr5vWlLf4TG33FVqCU1965lEwaQ,GOLD,III,60,0,9,False,False,False,False
URP1cCBTVYWesLofbnQBMkdwcruLIw4pCghwr0nCPFltQjuLhRsN0ikloGzJVRHmYALSn5fkdaW5Mw,GOLD,III,53,117,134,False,False,False,False
vVzMNFbTVaSvu3dYaqU2vslYIrvEEMiWY0iTgHm5D0ZOc-l6dVSzrYraS2XNU7Fwe-YTYctPgT6u9w,GOLD,III,90,49,50,False,False,False,False
I-AZL-dz4bfCsnzoxwlYa9PhVOXByoizEMpClUyxaGVU_6-7S-1sUhdRlEtVC0xJHbMv_6rmbscaOQ,GOLD,III,38,67,70,False,False,False,False
xXnU34uCBoHZUJ_94fk2fOpz_sIFaKQjTLDpWW_RTh6Lre0DMWftD6PQeT4Vj09Z815UanSQXm6_Bg,GOLD,III,55,3,10,False,False,False,False
saNweMc9zjZE3QN9VpU58S7ow80i-__8_NEEpDrwQAZF-fiL7o2cOc9THbu7s2GxUTxI9rT9dvfFbw,GOLD,III,96,31,30,False,False,False,False
GRlyj8imX-CwBhakUs1fEFtBnN0P3EKZhIiFOPQT_XlZ3fRcA0Xp-8CCxtD3Oo9hTdt7u8OTI5DJuA,GOLD,III,34,315,322,False,False,False,False
FivqnirUzXTfDo4-i0kDHB0FKuKgDB2qUGX16uGM80DwFNvVf7s0CRjzbuVU40EDralpW4f-XbM1Pw,GOLD,III,37,19,20,False,False,False,False
NmnovMIwmjxwYYL1b_XG2V0CdzmWk3qtbs8ZGye8C6lNSmgWNk_6_8wTMqyizkC9AJBBROPCfEMw7A,GOLD,III,1,74,71,False,False,False,False
sLVFTKePo0VUp2Gw-nPlvMTGsc2A_kpoZsKSfAah-YSs-4-XD2QU5JNlA3-FsayIHCAcjFE9jML_Tw,GOLD,III,96,36,41,False,False,False,False
wTZNjfFHkJ0cjZlQ5nlKaeWPjx4bxyJ70sZi7YnarotgE60sifgfkVwZ25hqqzz4NFIBpAgO0Tdywg,GOLD,III,83,159,145,False,False,False,False
f49KqxXzPsg2U3avMuMEDTRJ_zKZ4ZJunSUDv5TaQafeQSWJsXRWZ3D3BhsB-f39dXh4_GdIRrKQWg,GOLD,III,3,33,24,False,False,False,False
o1o5DLse3JBnI9LG4uKHmV6O_v8ipkX2s6zlOu4d3J-yiGcFXO5_Ew_LujtoVlSMJEH7_48zwCXMqQ,GOLD,III,20,56,50,False,False,False,False
NPgvU6dDmm8JPshNsynQMGYXjUuIEV-NxZpecKdlkXzHDS2qEuvYKkhi4RtISAVn41DusgCjZDMafA,GOLD,III,4,46,56,False,False,False,False
Y6qvHxyBQZMTPF_fpX_Kg2JKC77Ex2dmkc0h_imAhuyhjvXUtntdFesRcvdG2hAORvF_rOSFnadfeg,GOLD,III,64,39,33,False,False,False,False
16py-4U7ShCZVWxiAUuHpV7SJeEl2QyjxNISUuoCOgYZAhLjD9YFx2SBWqqpIVhH-HTRtX4-j73d9Q,GOLD,III,6,48,34,False,False,False,False
rO5g_DGsZACmCMbHLqw6FHxefeK3eHfOP7UO9KGAswSCfx6yVKz14SGyxe1Xp0x0Jr9LUuhFiz-ACw,GOLD,III,31,20,22,False,False,False,False
fIwTrABJm0fbRIKm9-X_5iBvu3n1rMW2ndR-MIJMYLKfImH3q4fm1-9pM9k58SQLW21beKNs9INSLg,GOLD,III,83,94,96,False,False,False,False
pknRf_kZeALloOemgcDlWBfFPkMVG0ViVVSD_o8Es1Si3C08xyNYh4ISLQiWAlo5-tLyJYwgvZwuCA,GOLD,III,29,269,285,False,False,False,True
FHxbgr-GuuZN84oVWBuGtbDZVC9TFipaWSjPjWbFpy0MpTra9omal4cTnZLc1eZ_3dzIAoshmjKIUQ,GOLD,III,56,16,10,False,False,False,False
vhMICvwZTotcSjGhTFrkK04gwdI5yL5MzG_iCG5cMoFezDV28LTnOEEMSqEPi5pqFih0GDkQ5_D5-Q,GOLD,III,45,35,41,False,False,False,False
auHPqd_sLlJe_dxt8BbkDoqwiSeJM6oEIrK7DMgG7EhiOSBKaGyAuWFhzNQ7OMeZLOMIzHa1XgHPbg,GOLD,III,56,118,127,False,False,False,False
Ks0BSNAMlaJI5_4ZKpzpQHBcWAKc4KneoI6kLcoBQZUyRB_e5u0EvpnMf8NyOq_xUTsrCu9PZqRp3w,GOLD,III,64,170,165,False,False,False,False
ba34-ksSFs3pQ5KHLj8xoJE13DGvkk2EJ2uz4qqZiuEOeGzIkCRrq6TTf8lDf3dp2W7QLoveGfRj8w,GOLD,III,32,415,425,False,False,False,False
0iC6RXu7JAWrTGfb7HofYH_x8zTG0M_b29k_NY1qfV1-BcJf0j15davZdNsAC_d1unZ267Kfnx8Sqw,GOLD,III,25,19,9,False,False,False,False
BQjUNk7XAuReTl519421wbW1zG6wP1iow6jaaEBM5Hvc7Q2Y4GrSBw2CByiLpeqt6OoF34vlr3c6OQ,GOLD,III,67,33,31,False,False,True,False
yNjFxcgUhkov3T2Iu5gDxUhEo9R16ecCwChR0iNwAvP2bwrsaeD_A6rq6Z5tbbqujxL0FoNq2yKBlA,GOLD,III,73,110,108,False,False,False,False
If9AkS7GFLWG-kLMvbcIKbp1Wv9CkqpTUV41wVu-OMtXxVATAcNeGfzEJenLBXhrfw99-9oR1Ppdjg,GOLD,III,87,145,141,False,False,False,False
McRtcuGQ9X0OOR1RtIJYoTUQMCnq-4GxTXp7tYBJcaR9wsr-iM7PZUCr3Nl-VFN9qbWacjdvpJh0Gw,GOLD,III,89,38,54,False,False,False,False
1snd0CWWzJCcRwqj4ywOqWu1usyuEY2N3cMgJO6OIc3ho-toigT-eQPZxP9rzT1NE4Vt4518xVxl2w,GOLD,III,7,28,20,False,False,False,True
nvMCdkVeIpgv1RWKdQIaydOj0RQthlnOPza-Qv7ING7bxzVO3RRXbCEFp7q1r568o6pQKpAxNBQ1hw,GOLD,III,1,15,14,False,False,False,False
Wi0hDonjRDShJuhdomvfpBQTOONIYGvvCwKPffCbVS2GSorsgE3o3ZlHcYuyNCLI7a3uehBP_giI3Q,GOLD,III,1,6,6,False,False,False,True
UcGZGonB9KSbeBxAv-7Zi0e6kGUabxI0NA7kSXKg6DYXTB9eioj022zxG3WEdBIeSHoMAhXf7SOrCg,GOLD,III,67,5,7,False,False,False,False
M6mKBlH_v2y4EnsIo1ApRgO3gd3gUC01dVzCbWQaC-bDKYqQA_Skc92drFGmxt94KCs6iV1fJRfC5Q,GOLD,III,60,4,4,False,False,False,False
uiLtIC5OoyABlEsdshDyAsf1QtyYBn9Rxw3nYhoxhTRv6Fd0tJzMAxk4Oi3bX3dJwO8U4yNnVwIb0w,GOLD,III,63,15,17,False,False,False,False
BfizII5ssUK-ot93vcHKfJq3j-sFUroBxTVgZ58B4JzA8En69DZpfceA0bRqf7S-h1HsDH1LvawGmw,GOLD,III,23,52,58,False,False,False,False
twUAr48JsKb13XeHr5FybNSi2oThXa0BAUzlVXVdfCrRc_xGMnUVtg3XtWNfagJM5z6pxpyOfrQKWQ,GOLD,III,21,82,75,False,False,False,True
vgZPtNPxPhlMVrgC8KD-MDNdub9srPPBVp_BjtmEHYRHmTB-EBVzOWafHUem6aQbyxEENVYx7kEt9Q,GOLD,III,42,69,58,False,False,False,False
-Q1IqUMt7L_g8KQJDzKhj1rcA8AqB40sZZ87-4tZr6nqbrpB8UxnAHVhI_DJFvwxZKpdJMcWufvGqA,GOLD,III,97,17,18,False,False,False,False
Htwhj3Ekt200EGfLerDFDOzoHD07aQCa-1TM4Q2ABIVe1FRkQI0w1bZNHIZCMkZJydVuv7d64mZj9A,GOLD,III,41,73,80,False,False,False,False
zihaiKX_GY-8l0oZ2jhClvPCETtvbeCe9vWQbe-2wy2pCXkCXSqnkquZ7C73HmSC00O9B8gS-PjpJw,GOLD,III,97,221,221,False,False,False,False
bP9dVM8RAJa-6fHeAd8MLjfvvy49xx0Gjca7ZxrUc5i66huZA0Z7LsGQUjUQWUXxuwcDseCfNjtf1A,GOLD,III,68,19,19,False,False,False,False
DrNqou61_WBnjp2cVBKBoqdqfeGGsL84z9hRjKWUVGNp5Snq7F4x-QZaddftkepuypvgnDKl3oi07g,GOLD,III,64,61,55,False,False,False,True
HV125xRHcX5gk3J7YcJIrp0WwRdBjOag9rKuMmCDaH125DlG0BuJMpOwn3YI1zCghI5MeGoPuPdPUA,GOLD,III,41,58,47,False,False,False,False
XW-2hm3fitYH7v-aJodA1vZFXQRlLL7WhbTTL8l5plGuUkV581qleHPPhcTsssSrTnAuVd2l8t56vw,GOLD,III,40,10,6,False,False,False,False
yhoCqJ3PtdYsoPcgSPoBZ8vAxNeXnFGQahnyJhHKsHkwYahtCZZrTaEJ-JWNZmblJGxxH2xoNMen_g,GOLD,III,67,328,329,False,False,False,False
UkMoGvROMlmAITIGBX5vOe_RZ6BlsfxvyiaNn8VDjCK-CcLlYIzjMET10aEwrcxPL6GjGBbSLdzVxw,GOLD,III,29,22,26,False,False,False,False
pCTejzSojD5LliB-7F3Pjgb5ou6jqdR7zyaACXggf1nRRJcD3whFcnaCEqPngKpldhH77-2Q-8Zi2g,GOLD,III,65,9,9,False,False,False,False
bgsjdjveRLut2xgY0h58geY4BMHycBsV9vX5u18SMC0X0EGitOUuYXJHTxPIBLwp63Tnl4ZyiLNCgg,GOLD,III,79,19,20,False,False,False,False
ChWR3RQMiBsYDgMuUmN-6UClmDkKG5dIvTID9v-4jzYrQL3cQdjxJNI03qoqdMngklY-DVuilhcgMw,GOLD,III,60,41,44,False,False,False,False
6VEo2B0YvrmJ0mPDm3w6QSFNkb949tgfNSZcB6vafuJ_8FR9MbTHPxpR2EOokIi642BHPvWU-OFbyw,GOLD,III,97,4,1,False,False,False,True
YPU9Y45mYQgz5-IfQw5hssVTg0i-k2Q9EDF9wcjdTzYXoQW2gBPgbrx4zELjhqJxsORSULmi2IxmgA,GOLD,III,61,22,23,False,False,False,False
d7oo-vvrIInUr5ShHydvGemzFxUpEeXeosU41iGZpDrocV2k9UgJk_MdLubvVIedouK3My4XqTVX9Q,GOLD,III,96,15,13,False,False,False,False
GrdLayWmrDduCkBbATbNbgXuWswU0dMkpno4w2AkVJLSufrY7iEYriwOkNrFGFoKT6g0d3Wt9En1PQ,GOLD,III,56,138,145,False,False,False,False
mQjd3jNa7wBzN6LbgCYsKXqgfY9yi6Tc90hSZ4vgiWppsfHPtEGvdMn0OqfTB13xr2lrvsKdUiipyA,GOLD,III,79,99,115,False,False,False,False
g0SB6IZOtIV7DAP4ZbHWrfow3dt5GlHFmRidzJ8Y-Q-htAD1dDwsfauPLO1pfdeWuLNR8dW7M7RYqg,GOLD,III,73,115,116,False,False,False,False
n9IgG1tp5hHVkCKFhDM9TeL-byP1BlkI20az69XanMO4l5pg0v7U9A4FNYMFIsQcXbQyxaSXCsUhZg,GOLD,III,86,19,23,False,False,False,False
UcBOGNg85H8_ALrw_svHb1nJjqUjbTOTGD6qkLyCx2ihC01rFt9z4cgl0s5Pk0_MZ6mZLi7qWxUdog,GOLD,III,66,39,31,False,False,False,False
QYKa41OSZaN-rCJpc0-Xlsf95AYKWA-MA6Qh92ivzY_RS9PsjYlTUUZNnq49QYRWt7hLHTW_-zVC7w,GOLD,III,3,6,1,False,False,False,False
UFIX2gwj7f0B8AYvMMQa7aPgSu1Sqt71vREoBpjQrR36hRqFwf8NPo5ZVwLdgilPuxc3A3MAxhWWew,GOLD,III,30,132,131,False,False,False,False
_X-RgG_X29cp7AFkVeDnC_K8fuJS2jiOg-utXqzwsRKPYNeTxqDXuBdvAXXnyWH8r_myo-MeIh7NFg,GOLD,III,81,387,387,False,False,False,False
aaWXZHq9xPRHtYTRHfk91tLUAKnXlS8B1cLMXG-OkjPqriT2-azoTgMt1ggilwxAGbCm2CCmOBFfPw,GOLD,III,14,64,73,False,False,False,False
VJyeIC8mduA8fYbChm3WR8fXnQsqc_3Ff6epZ_4GdCXvtG4sSkxXPtWf9WC3Mk2XYkrEEoig1yUspg,GOLD,III,11,52,53,False,False,False,False
YF6aaJrb3NNZWJ3fGJWdOSuVHGyDYjxX0CWwOruWKWfmzAOU81D7vvOVMNcXk0A3H0SrtkzZZbmlxw,GOLD,III,55,3,2,False,False,False,False
KZdKJzpTJWN0vuzWhl85ywNwLeQIFKujn-y5b01C1ols972dvbrYJN2T8Wxgjt7kXiw2v8EqWFPHGw,GOLD,III,60,23,38,False,False,False,False
AaBUb9smwqUf6IEV22_ovUwRoNw4xkjZyPaoZIZrJ-NhuveR7LZQ29M2A0HiMUnIJpP2Tj8gw-gdCQ,GOLD,III,30,166,167,False,False,False,False
vKHohtEm5aKgPcf1XhZraESAAeGeFWbwy5educvmkh8QoO8DgQ31xwHoReKrSaCbut4FJWavPKjEog,GOLD,III,56,45,44,False,False,False,False
puQfQ-b0PVbLEyxgvSC7kNeCgRYT1XHKgZOMKDfOcy_qzpRsQFBgs5HpUmDzsJOgMQnw-BpgFpTcPQ,GOLD,III,18,29,37,False,False,False,False
OowsQZwM6jGcZ8s4Dc56RH8En0nw33AqoevGmelVtm0QTXz51RsV8MJ0Tv3JkZgSmInCSfXHYnQwhw,GOLD,III,40,7,8,False,False,False,False
DXydRL9KAqYCZkuI-8BhDm8SFJn_hNYEH1q7LBgbFma4fuyfduNsAY0xAswRvZKrZu5rbN-CWoXiqA,GOLD,III,61,23,27,False,False,False,False
WO6sKlYCrEiGVBDvP6kyI7wKc4IxU2nXZWOp-_UQuf29MX3zTh5gVzIDuz79uQD84CXzC4XCNjotpw,GOLD,III,39,80,86,False,False,False,False
m3Ip_gw5_NNNcibFdOhfzke0zbtBNn9gHzEeg1Z_17jPHYMe1YtEAorWbOrPq94ThC1bsSO5udG5LQ,GOLD,III,54,168,174,False,False,False,False
r5ivFqL2pM5iSoqYVsysxhuPek_0EuV4MoEE1mynB-Q8bC88s3Dxdwln8LDeCsXnNuNM4LfnPHkIUQ,GOLD,III,18,81,103,False,False,False,False
0-fVocVPh22hi2TbsFUI6nPp8zsO3RH5rMwj7-1bV69mh20fV6Vh6iZccJB2s7rQFRiq9nM4MSh4Zw,GOLD,III,94,27,28,False,False,False,False
P2BH9O9DkUQibHWCyvEoBt3MjWme7nKbQGWIb6tdH5GF__BW8kt0QQmuCe8tb082BYcxZuSAV2CKVw,GOLD,III,22,25,27,False,False,False,False
nfXPMZB31wklOcZUPwndIRNzAd9PmFgVeOW4RuVuoOEEslStfMcX0dmsThdv9X-yVtmGRQRUi7SMzw,GOLD,III,43,104,108,False,False,False,False
yTwCtf6QkZRQvutqkloBjxCQkG05iUlcfkhcmHgMz4FT-ghyN8nZHaU6Tq6xwFvA_aJxCQApcrAJag,GOLD,III,66,104,119,False,False,False,False
FOSi6n1fLCqJPidhd8yl420kNvm6KXAQjqju0wJGlk0ooCYfiLYaZA5nBhAORIqrn8Kf9u3SAlJ6hQ,GOLD,III,91,20,35,False,False,False,False
tOkUP2VHmDucf7sgB02PvEYrBR-JcJ1bBolzKQp3J2aJNtP26tBWDeE2WWsdfHeMpLCd_GipHuAkNA,GOLD,III,12,14,25,False,False,False,False
d-ReP4sD4CnTmksmvxx3Q69vsRdq46JVRUalSfM-ELfbvv-ZIad_qc8f-8hJ2kDk9SRAfVcUwJAj0g,GOLD,III,79,24,36,False,False,False,False
5qRN4p6eOj1_kdDyntiO1mAGXotEiJqLBK0ieoQqlHBtDhpJHpr6rovzGwV37PHka8aOeXI7Ciy1rg,GOLD,III,75,17,20,False,False,False,False
u4dQXz5e-TRG8wsQfE5hI68_69mjAVfBfXjAvFruN-szvKjHeJOX0yh0Xuz0Nr0c04Fi9LPTe9ExWA,GOLD,III,6,129,117,False,False,False,False
CNQmUxbVuMQ5xHtTbQ6QJCxoTXU4WxXrmo3FaJeS_uvyOnNdTBaZINQx7ln6v7Ewp1ITaid5s48-GQ,GOLD,III,11,45,36,False,False,False,False
HgLgThndi_pNfm1Q1u5oLC7H-04zWyr6SKx0N-5Y8Vsxw5rdO1EsFX5q9CU8P-46-kQA_KxoMuFtSg,GOLD,III,86,40,45,False,False,False,True
m-Yb-cESCzA7foKy7kFu3pCbIs5WBm6ZUn7JlCfwhBo3URbSh2TBlE1Vx_Z--8e4qhqHCFAVHAz26g,GOLD,III,2,24,19,False,False,False,False
wN-x57N-E9nhk3lFdQbKpcYqmzLd24nLt-4PFE4mzuH0wgTnDt-dSLQOEbxlUsrVhs3QYaejRiH-Gw,GOLD,III,88,386,399,False,False,False,False
zpFuWFzQk3OImpMrL8-47fygomwJfnZBvZHHrBCuppPQeyVf-hv45UPG6SjlR6our6RFABioiuOPJg,GOLD,III,13,19,21,False,False,False,False
d_iKrCd8NASJGzgRTuj1fBt-BbdN-EmW3vYtkcoPWTTJo-0QqkoRTrpw7RRu6zq0W4yd7QOTX451SA,GOLD,III,37,6,3,False,False,False,False
sb_-hjnV6_I2TjGyKtck_a6gckOER0Rc2y4p_O9sVEyAXeqchsct0fN3L_U3MAm4SD5H5Hp4JeFuaA,GOLD,III,84,79,83,False,False,False,False
XxJqPDeXXcsHJvHZGjjfWMrWcTsOGN_i2AOvvJdHpFW2tXT2fur2ayMK9Q538fFEV-yr0hPF17wZww,GOLD,III,35,5,8,False,False,False,False
xc3dxr_GQlh-TC3remLMDIYH0clIQ50chXWZQzbaaGBC6ZdRJG9G76imtrLbe4yca2ihcwkqh2IibQ,GOLD,III,77,35,25,False,False,False,False
P5KF68c-rmaGA2YAWR5wKDNrB3R5-SVkKMxKa_mBLNf_reKUm70864e2RDR0EG7648G916qjO6OT8w,GOLD,III,18,12,13,False,False,False,False
pXpTPx0_iBTM9QDTF2AXDiF9Y-hCYdoHUmnAmMLHYqaETN7V3Zkt5zpTMDDXzXQchVlnUqzHLA1j2A,GOLD,III,55,61,81,False,False,False,False
eIwL7_ltXl1BtXKu_jV4iAoRSeFOoYwX1i69ePOA8yas1UCVlJjWoIKRR78vLwvut69awrjl1BZz1A,GOLD,III,20,92,78,False,False,False,False
sF_oWVAAVsvJUIFTnyLmGXP49ZGfX-r61DbHXdAjIb5CwjEskOAJJkAG7WOF0dZa_79-NJ9ZhWJEpg,GOLD,III,73,95,93,False,False,False,False
m-QPDOZsPqRkrnaz8p1HJj9MFnqL_cJxMiUZ9ASWp4H8EMLKBybkkf6gRuqYe2xKoYbDNNiUV7sedQ,GOLD,III,31,4,8,False,False,False,False
x0o35Pr1otlwPeimruwkvfGS5EK7Bz9IFFazHhFCwVP3TAqoryia8u-LGwguwHypO8W-C7cZbgXvsA,GOLD,III,88,22,26,False,False,False,False
SlQwa_64ja97l-3p3ol5ceMJ3m7umhfqcxP543goQBKn4RPs6kwsQ8lcjsTJD-7jQhmCeBpsyn8gAw,GOLD,III,66,31,35,False,False,False,True
hu4aauKMqmZRunvRNpls8ynI_VvmGuR4EagIvStHbIZuGCyviDs8lXVl_MaTvgSJQTIq_o2psfh1wg,GOLD,III,16,98,77,False,False,False,True
EDVLUQUyNpYhg8CIOWvRiMKHVALxgMKkfvbke3WRDysVWTb3VWcSAvsPrMti-BRGRoS19TF_IBGolg,GOLD,III,67,164,157,False,False,False,False
nFp-24oLQpLcDnEhK9-o2m-mQVSAxHLwQa9j1Im9g-HHSB6gHoanvbrsnmphvsXkssApuYcAf8fBCA,GOLD,III,3,49,50,False,False,False,False
aq7VP-U0rQzfxwq5QaK4m_0f-qsDCTME2jebsGm95WNwS8JeV9Qs6R-oxas2zP1XTzBRIIIuVk-K-g,GOLD,III,95,108,89,False,False,False,False
amjwIp2qshvtCMhno0b9zzScvvbs-cFDKDr2Vr8GziTqWvvYdP3Jk2baEt4sK0TFACac_zdW18Fcug,GOLD,III,19,60,55,False,False,False,False
vq3B6QImLBaesOq5UKFNkYEfuNl7wyr6bmzovsUPsPTVv4jm8axZC6zwNyalf_93nKgm_tH3aqnsbA,GOLD,III,6,51,49,False,False,False,False
qgwR9Q15qfk0bP4-qEYVS_jS7gly1GO_JdXOb9POEyYeIpDEqeIoSpYh4tQG2sX7QecnckmZcnzmBQ,GOLD,III,1,135,137,False,False,False,False
HMFw8cKDvtlsvEVujfTSyhesDtwndWGeIq9R0Dv-YbSP5vX8m4Iix8eWH9Wt4k3iMJ73UKOptnwO5A,GOLD,III,67,157,139,False,False,False,False
G2c6aNPyw3pZodZb-80w7xjJ6jgKBFhrQ9J8RL5JCwTjFxIitEt1U1Q0H2k5TWPhIHxa4IaF6tJyZQ,GOLD,III,50,33,23,False,False,False,True
8msbk7SVwKbklr_uOKRbinHKueGgsmyBadHFckHt12hDrKf-uz0VOwq3I7evc1yL4bNq_9tI6_TPOw,GOLD,III,14,272,281,False,False,False,False
k4oCs_xBP2cqIpQ9cDOnA7ty3n-cOgXzKguVAK1qaP9SvtcYnkyku66lhmNyor7LCUX1aTPgCgF6oA,GOLD,III,92,164,169,False,False,False,False
CkdMd8eoS0iUTPXZhjJDOelKMhRsQd2ODQ36jJU-Ez5JfNmKva6Qu_KiaZcBWQyUBksK3VwbAaTI8w,GOLD,III,39,49,43,False,False,False,False
puGCS0fBpWk2PTOOJZ1joR_VR-FkkLuEMOweTPHGOki_UxbeX20u-Wen9aQ635EUReY4ZNoHYZu20g,GOLD,III,48,31,28,False,False,False,False
tRoIgbBUPm5VuY1TnhUFpC4JBgT0l2uWHj4oX-3KKeTlb0FuoAFv53eGMpRF2xYNZ0AzNboJwbLRDQ,GOLD,III,69,62,59,False,False,False,False
GuS38D3cYfpJSExz3hL5JWWMcylraCBlSFsqnl5a8pzX4umxWdrO9mqxH-kRULoD0W7rreegAO0XAA,GOLD,III,15,6,5,False,False,False,False
lTp5CTTfqNbuFkYEhDe_EmXHbEKwEqn3j5kck3-SnvKaywr9uqE6az_HgewKoZUqxCWtnSNpugYmHA,GOLD,III,70,5,6,False,False,False,False
3c9wnQPGm9yZ193hwAIDCoRhhhi75HHKYmQekl7YYzZwOKnJO08K22keRhrIqD4zZmLzHviHt7w9Sg,GOLD,III,73,150,158,False,False,False,False
tGHGp0FR7VHMAnn3umAXoexNVv49Xzc8n2_Nn8a5kUB-f8npfwpnlrg86niLKUqNwkd8Umd6_M5XjQ,GOLD,III,50,9,10,False,False,False,False
ksRZjFuruU9b4lsmMpkMo1gpYk6nRCW1JNNtcmmQj4K0DuNsg40E8P2JaZW0kK0Lkayo9z7g-WiKnQ,GOLD,III,65,98,98,False,False,False,False
o-LCBVg2OdXWab-d3C2rtOdHxmm6qgMSub1YEm7qqHFl33WfsKFglydZEwb1S7dT4XRvICEC3aSGiQ,GOLD,III,58,57,56,False,False,False,False
Gja7IkR7JaukxFyemA77zKq3SJBcyymAjNBJLnAtq2-f1bKHvOH5_wnORm0mM4lhKP0uR38RDPDrIw,GOLD,III,76,244,228,False,False,False,False
GdH5z5gUDavikShYcYhqQnb-6Dh1DYSL1tBumsc1vLQXDjs77lTgC6Ukw7zqfFX7dVz1bFKKQ3RbLw,GOLD,III,15,6,5,False,False,False,False
cDTXszlvx-MAN7XyLWfOTG4CHhgw0nT1NoRXFlgII0JIEFX06lj5YS4bCZ5UspDh5nrT139dfrwjvg,GOLD,III,26,44,55,False,False,False,False
TRLSmSALeeh-9HMaMt1_RuXRX9-CprR14ZvWB8VyTh-hZ8-pbLjJJLjQlrm_IQPH5LpSk26ZP8-2hA,GOLD,III,92,58,67,False,False,False,True
_OJnkv-x9ccHvCO9GUPLqfb-J7yrBdPijHn4nd9IHbbGtempds0hZsWTv8rr7fT43PO5Ym3OPbRwig,GOLD,III,87,59,62,False,False,False,False
dVsc8mJFdJIwynSu-IhGMPFeiwhmYPNc9FBeldWc0B71S2KSnN2_NxsFaOLKWQGnEpxmjwLSxK3fkA,GOLD,III,62,132,129,False,False,False,False
4bHCOpHhLb1ggOfCaLlogbAt66fvSMaTZe2jmhqr8YMhafRav9ubMVkMBnljG4CQe-QeSuFbkRsf1Q,GOLD,III,0,211,221,False,False,False,False
ulxB21ytPFHCwEED3KPCz8hN8wlzdw4EzjeddIR601OUHX_M02Yqm11OC9cFQEsYEoby_34oRRnqTQ,GOLD,III,94,30,28,False,False,False,False
DKtOWNwU-VEd320jRtuFi2gSBhI4YcFznEE2TDFY1nUM7r_HHK0KRGVi9_QZaXzhQZSpPHTA6VfYSQ,GOLD,III,4,214,202,False,False,False,False
b_WNiKRYvfL9SGeBdMnY90B2v3FAy4CFgu3iBm6Usxv0l7V3PB90fNG4KpD1iK2B35aDIp3u8zzsTA,GOLD,III,42,150,167,False,False,False,True
SZrr7oqqsjkFPWsZhggyXd6t_7wctbafHO6exSBQdp5yWSuvfstsRmTyWoFlcq_3VjZbP0RTBVX3gw,GOLD,III,69,222,225,False,False,False,False
Mg_YrSWbG-tq5vwPjQjOD4oSQR8AbD_mqIBKmiBjMxwzvUYlAsUb_XLhjV4gkqf69QWRhn9PZof6pA,GOLD,III,70,40,33,False,False,False,False
LvxUJcYHDoWznzXURvk03X30-gbQPdfrToyx0pON-SPumfQzkx4f9AffTVOsko1POVNJIIoebUhcgQ,GOLD,III,37,61,57,False,False,False,False
H-cG93Oeocuaz63Xj93UMxcTjK2nKbRIXXqvfgwX769akiKl1AbgRW-Kz0J2gQ2N849GUgkzfCMTSg,GOLD,III,61,42,46,False,False,False,False
AGr6M4oiAfIc1duqzLLuKywzyzA8Yj4QiQHMS7fqFhSpCj17KY8KsZ0ncTaORJ95ExHbfGyri2UaWg,GOLD,III,55,3,2,False,False,False,False
4_MbrRvojdqyGwvil2_szezy3hISLhv8hg-hF4bVR27ZJXY4BkZDwDZfbOqvnhjGKj90JMA_AWB5eQ,GOLD,III,42,13,13,False,False,False,True
ATzTiwkOxTDNbciZf53eLCaizhwQh_Mdf3IyaunpLRJYGSVDuSLvgLZ4ZbbI6GD1iGd1WpRgWzGDow,GOLD,III,36,37,40,False,False,False,False
UbXKmak8lm0lYLfORYefJbEqSIVzGIPWKvOqvZHL9fADnBrDS0y8uqvD1-vRwrWq4KA-BdflPucXJA,GOLD,III,73,93,98,False,False,False,False
Ul6yF5H9RL1QCZ7kzCoeHw8sl9LqjZNlnj391kmqCT6P9now1iVy9I_vPwc2NnsGth89HtcDp28Qcw,GOLD,III,41,171,176,False,False,False,False
6lNlmWX0ePwvosYN3sxKhKPrSXWMo9mf19ID4xRSqHwxCWmsb10ZUQQJO4PRgl2li5bcoeQwIePJWg,GOLD,III,60,94,90,False,False,False,False
uYellyvW7u8CHwZVoz2sQFlt2n7I8hsHweAsWiW7AxDco-jPW2hR4baso3vZLXwz0ZMX98cGk_eo3Q,GOLD,III,94,79,87,False,False,False,False
_z1VB9eZiN9Au-1TRdVsPRhWg_913BtmXJ1hHZ4v_tD96_jSA3xuV-YzlotNZ7CJwvjh7z9B6jUykw,GOLD,III,14,12,13,False,False,False,False
kHq8rEmSTtOTUXYJK5T8BRfgxlCCjEDnPr8SLgjvttAHJS7QHzpykuavSGkCKW9mhuP2C696d5vStA,GOLD,III,15,15,2,False,False,False,True
oI2UDcxAEpKuAfC2OBqQm7RW-YGivwr3evRMnciL-XxQJMN9OJKov-MP668t5YLpTx0XcjkDIvVwHQ,GOLD,III,82,127,128,False,False,False,False
sPNRkg6002QOequHn_EHeCAEKCb66t69kUBgC0VHClS4jZGFEqU22NwwlaCYO_OPfJrLiEYl0_Q0NQ,GOLD,III,91,12,7,False,False,False,True
-kDnOT9QfNpxZQnMz0dsESoV4rr-hKQR1KaDJPGMfdi0m-vjr37UPy2kkgLcWlQjGrFJZYoXEjn_VA,GOLD,III,85,54,49,False,False,False,False
yS59t-P0r-jOm3ktfN-julJc97-0oeEkNh5WC64c_T3lfPEu9tszTE9fC9BsTQcVUD3TshvPFiEW0Q,GOLD,III,59,7,13,False,False,False,False
TeI0bWj34Fbq8_D_m8H2QWo7ohHDJNinHvMCyEl2sTbkaKpWRVE0yQAc0zsO5xPTZur5bhrxJjxjXA,GOLD,III,80,54,51,False,False,False,False
4a6vNFUSNRXHoGdl7GGJCa2CisLgeoPwqeR4mmMhJGzv-M5Q-r71UmWoZPrUuuUXkUWMV4s3zCz0_w,GOLD,III,90,84,85,False,False,False,False
wD3C82nLEkFWF4LIXfvU3H8qgYBMNwtkquEGsh5onZtxBxbiF_9oZtevRhfTM45RHQlXoL1WV-8ONQ,GOLD,III,1,9,18,False,False,True,False
i-pu__Cw0DeC2jAKwXIxqr9KMCNXFJSpwmPSxPxQwUeNjjZgLj1v99Y1N1lZFYs2IYaHHuPuXvhUMg,GOLD,III,83,20,25,False,False,False,False
stVvEohxg22n5eU1y_Elg5PV64P8C9H0ZEZ8sGrYgekHZG6tsiLftKxpjzfWoav717QMNJg1kKsyIA,GOLD,III,74,29,34,False,False,False,False
zguIkpdTk_vYcNOxLVKU3iA9vvO2yI_ETTR1K7lqx0ky863jsLDn9Gg0ECdrcENJ9T41bW_MZi7Lzw,GOLD,III,26,18,19,False,False,False,False
xHUWG7SE4rQmxwr5bS3rraPS6AKQh1jvyq3xZ5Y_CTC3EpeeUGs_3kesAblkk2vRn2RsqpvWAeH8rQ,GOLD,III,64,112,124,False,False,False,False
TjB4SKiYlgusXcKiO0XACDv8IVfC9VPLaJS9_G28fCCMcYjTOmKXKeuwbkh7Y3JqypT3sUHHn-Qt_Q,GOLD,III,83,80,80,False,False,False,False
Jz1dQ37P5Ao8-ODiLMRaPA8Q2RRZClQx9bp9XUB9YBKPsP06OyTmfhx6y4VodQW8ODUThH56XjStog,GOLD,III,76,36,33,False,False,False,False
ISdSazK1Qyl5WiwhAjMm1tRCKgnH69jjjLHKDEZqpyQ28G3MTl7UVd-nIJiCEYZqvdbnFvJR86haSQ,GOLD,III,61,7,3,False,False,False,True
-qwq1V3f2aJaQqiX8FsJSRdOjy0zUZhvbZiUesslrqmRM9n3NHYuvA7XLD69lqaKW-uTOoieRvEClg,GOLD,III,97,4,1,False,False,False,False
gDfjGS9huS0xp-J0F-JVjzcWMECFE2RxHrGKoWPmBkGVrf4tECsORDTF7Jtf84fQkyIP-tVquBREng,GOLD,III,82,157,162,False,False,False,False
tWubF3I-wcsZeO6Q9n6gS07UYrmWC5c-dyONytBoSTBIaybS7xYotVrRGS7B3FrglMUKEyWkRc3AWA,GOLD,III,64,193,180,False,False,False,False
wDezv2MSBf9HV-4JL4AGz86B2kxpFFz98HxvZ4rYkEKaFN6ki6Czvw25iNMFKMwlvWfi9Hho75I7Yw,GOLD,III,51,34,35,False,False,False,False
67eoMmYOhfSnV0LYKmoKJ5fJ89tON1IWDqzIWK5W7XR_6Eo5RUCFGlIqrtK_kwNl8IV5PFFKI6F7pw,GOLD,III,1,58,59,False,False,False,False
rHHWGakaGOa8pcAb9gmuAJvIZM-7Tv5PknrPguFPZcpdI4U410ejlsItqOQFbdingFagOOmH1Ltx8A,GOLD,III,71,17,26,False,False,False,False
pjomGZR9SOJXREanub5l5VKU4hz7NIj0e2pDRPfHccYrimCGTeoeFic5d0Mzc5ECZpSBFQM7-kLMRQ,GOLD,III,26,329,329,False,False,False,False
vyY86TwWbZ9GgKb19Q7p5j8Ekqn-rK6XntajOQSanlPujpi9-Z33vj6W5zlM2u77PaBrbZcPfjr8eQ,GOLD,III,20,4,8,False,False,False,False
pvXQw0_wfbAk4dndRGYw6HVf8hWAcyrKJNFQzvCQaz2_a9zkFi-jk1wGPOfoIBcx0QagWxJ6953wuQ,GOLD,III,31,364,364,False,False,False,False
_g4tU8zOcPzBpJVm_5-f3RNVUB6iGgtfoW0xIAe56W0gK6hQA0vtS185NhINxBRWbuR4IFOskp1rgw,GOLD,III,6,28,30,False,False,False,False
y_LbvOSQvqw_ZYz8-K4n3sj3TPgKy0_20KMAuJs-cTXyYAzsetpbaY2du9q5kkmIy-Wz4wjs-2_2IA,GOLD,III,3,27,24,False,False,False,False
bD4_HOArjPkBsAHOQwefsPAHrutXczpfG62YIPiONda2UfWUSvSLkCJbTPvrtam86NJDVbqitX2mxQ,GOLD,III,88,25,21,False,False,True,True
NFEJUOcWgU8FArRCSY8EcHgYRn2YbnVZh-hzcUO86Kuc0_SWfSmk8yv5uUjpHgiK9biRiWFy3IPzVQ,GOLD,III,30,1,7,False,False,False,False
K-hhJaiXsOmmJOGuMyqnA3XgAfVeWTPCITL4sb2FHd8EeJ6BWg1SUJtrI1f5h8ssgus5U8v5jmXaEw,GOLD,III,33,153,161,False,False,False,False
AOvSTE4cjMcnuwkRriDdULv9NUl1ZqAfVS6SSaS1yQMMGSLJlSJXcXTY9h-10jdgkRzG2V-o6M54vw,GOLD,IV,60,8,7,False,False,False,False
0Fz9jm79ajx1jt8RD1ipM012iVI9ByjqmHrn8zppGMkCMe0onvhL7SuhoZZcKAXAjSLRvOiYBPAuUg,GOLD,IV,2,5,4,False,False,False,False
GcSPsb5ttb-TCIOFKCi9V0V9glcyym3qXlX1c9YBEXvR63tCBSmm62CPJcmVl5iPXeyWHkz15an8ng,GOLD,IV,0,87,89,False,False,False,False
kuEOW7cC4Rz8lTZ-NYmAGatlHUJbCLNnPeuT7M0QGzLIuBKLcz2wSBrTZTWg3ObS1r9KViq5hUKogg,GOLD,IV,22,10,6,False,False,False,False
_WHMxgw9WGS7XIHQ9rwYUmtPrWKRuVN4fHTCJ0GrMiKhiQeSDOQks53rJcd6wQ8wQP-beamDrUKQAw,GOLD,IV,74,245,233,False,False,False,True
NsauffAB-ha4a7f8AGTJezV-_OCGo_roVQWaPkUySB1t8AhdMeUI3q_OJRa66-MBKgp1WSyZaRypsA,GOLD,IV,47,9,10,False,False,False,False
u9sY7Qx9Jxap5m2m1de_ncWMAp_jhzHmUrHRhvfU0F-7Q4TrA9vAedCaKDx0jkpNr4AyBF0Pe0jfGQ,GOLD,IV,13,111,121,False,False,True,False
rGLsBSvTEZ1d_oysQY5sJylzGPRpasYDTQ6NHz_rVvFO_IecMz7CVe8bl0nBa1KIlG9zQ5xqkusDJQ,GOLD,IV,33,37,43,False,False,False,False
L3qy0JrEUs9J844C5RJU1Fjx1v1J8Vd7LZ8t1L0r-xrHgVDCyQj8UQuZO8FnOeN0_mve8Gt2swhliw,GOLD,IV,4,42,36,False,False,True,False
It3FD15JWKNTSFpeS4DnwXHFPd3U3i9_i85fRyO3SpsdsVZc5-CfnJjbUn9oLP98GOfOrMGTbthXxA,GOLD,IV,45,3,3,False,False,False,False
yv341V4yzo21oOVjhxEJ_fGSJMaU1esMKOvjGCKM6P6Y577csqiBaTVqkYDxxpoWsVhmhiOUDAGSIw,GOLD,IV,55,3,2,False,False,False,False
10ZilGAMcCcs91OnQnQBBFe2UNMcbPDX37gFWnZw8ISlGo0PFMnsJoIz0rdbrwxFNWzCEZNWI6jaHA,GOLD,IV,87,5,5,False,False,False,False
qCCqyfSleRf9To65MBDILtMKFicjxxkABKmXuDdD-ZR6zClEk0Njg_wat93jBM1KDLtufq7SUCo6Qw,GOLD,IV,0,351,347,False,False,False,False
XsSYPXUlEF-VXpjS9DwCIk5OaiG3cPgbOVCwGqAuYWcttciDSa9e7235hTL-ME957K2GT02yOqdwRw,GOLD,IV,76,31,41,False,False,False,False
P-zCINi9yZ2fpWVSufpiK9l_UQdmtai7PYkd3C_PwWzpd36Y-PBraUollIj3Ub3zK1MQIfNhzzfsuw,GOLD,IV,7,6,6,False,False,False,False
kche2VXiRLoGTYa2KWY5dhWpuzMEZC2mSSiWKFpemfmEqULJFme0f_TDtK7I91LZzp0tvBhPyu31iA,GOLD,IV,10,35,37,False,False,False,True
jjfWEBYQphSSzps9lY_a7WkWO-DZrqe2_iGUKYdFXjUFRaSQfGBXcSxN6WQghEHKOHJ9Laqu3sSaSA,GOLD,IV,58,16,26,False,False,True,False
St_uH_Br5ZLs5RnvphkJA3tM7nL09eBRUaBSl390bLu5WRPhPsnunkNdvueIAeblVyeDsB2Yvzxu9A,GOLD,IV,48,44,50,False,False,False,False
cRgdvN1UqbPu_EX_vnVtG24jQpS3Foz4ig_yKHppy2w5QXV9zwJ0JEYnYs_iYfibrUOE69mlpf8n4w,GOLD,IV,40,83,99,False,False,False,False
kA7Z7vARVEZ3u-eW0a00V1ePSTg94VMjx_cnxJrIf-sFdiVlZBWA3DvZqa5PkUXiAuSjVoayWHbZCQ,GOLD,IV,21,70,77,False,False,False,False
DHqJOo-ncsoj5ZuAGHdUOr9u1NRplXcuUUKTxviTlLm1BZNHqjZjGPgRViL9NYWjZ_kPpu1kXxkpRQ,GOLD,IV,27,9,3,False,False,False,True
u_xq47caf7MrdJK0nr50xu6ryNlQ1mSknhuCEk8jOULqaaqXoLOTre5LsegYJy1u3bFsE7jGjp6pKg,GOLD,IV,80,5,5,False,False,False,False
izK0jN1nzdBun0TU8e1sIMVpvXF9-AGtD1ZszDXZbBwKRebYJmYolVPUfGTzw4J8tRvOhg_RYebNZw,GOLD,IV,22,65,69,False,False,False,False
BZY1om-EpK0Utjw0lPN_7U0AWFcRd46wvP3XQMrg0YKCTt_S-xtDYrUnK2_as35QmE7tZHbYvRAscw,GOLD,IV,80,30,27,False,False,False,False
nQzZV8R2QDaPND0VxtVoQSOrVrTTN4uqQFOs8GoFLSRdD35lLqS2fV5YZ4yOlYxu4-Xyh5gD4f2WXw,GOLD,IV,8,43,54,False,False,False,False
4F_5Sa3MsUbFVe79yHwDA8_727GYsPhDNtUl_Cmut43IiTXfTRiSE2cpEAZhwE-OEGIVv5st5jwHzg,GOLD,IV,63,179,194,False,False,False,False
RV2Q9Kgwe5e91r9k33VOv_is9T29nPqvsAcNxx8jRozYrTHBxocW9vfU3pmDUEhwwGmnDF7sTcBrJw,GOLD,IV,18,155,166,False,False,False,False
qk17FfAHL5FG_b0RcMsh9wNawE53pdaGyMivHNDBH4gH1UxKpfpZstrgfzgCmzH7suSBYBlF0R1o_A,GOLD,IV,60,5,7,False,False,False,False
ACLTniPykaPO_9YvOzwEN2XKas5AZNjKcg0uN5JG7xNHaRsXx1-CwjqXLFpqoGUCYR5hIvVVfA4GeQ,GOLD,IV,1,14,11,False,False,False,False
3uEuuJhTjUFR8uOlnbCw2CzGQgM6jcHwmt9CxgDPyt4fR3F1d2Hk_D85k5NyRMdO2GBMVz832coAoQ,GOLD,IV,80,6,9,False,False,False,False
vwigLGLYTIYpdXdPug6rNYzMx7aXutxxDGQ3rKRefYQM7FxZd-PV8uNKcSD3szqev9jTwzZnKuTzTw,GOLD,IV,37,9,2,False,False,False,True
T6z5IYWtL73exsVzMxFQ04PucO6GpTECppBJzTGCFuAUZ1tx0H3_7rtsJ6eW2rYskLIeznK9yfu6Hg,GOLD,IV,93,35,45,False,False,False,False
VGDBL8jAXJubdoR5S-ZWE-ZE4-KDi5oQASqvG6m4gqLVYcSxnC0nnzaxF_YPz86dtRegEC6xVuU6dw,GOLD,IV,35,22,25,False,False,False,True
U-RSZ_wzCrdlmQ6EmXqz8wyfSVRW7PIn4eYhEmBm0xX0FqcS1UJl9llssp3f5vu6fXNpgDPUr-0HQg,GOLD,IV,49,42,39,False,False,False,False
PkUXKpDssUY49AhUAlVM7nF5lApxiAU6Vs8gCNIQb6A2hdutAmxrQ_usvA17gKYxTCJrEUC0jMefTA,GOLD,IV,11,14,10,False,False,False,False
CxUCZS1XxsGho9uLbW8-b0aFb48Q6VpgqBCKLCI3cED1AxFxXGqIlQFHjkEtsrDgokLNacUdrkDa1w,GOLD,IV,4,29,25,False,False,False,True
P5p17byOB7B74PSJeJDjcgxGiBNAHzg0RYXqd3PSNDx6jWebEcCO0luwNa1Gg998jxAWV5jwAYKSEw,GOLD,IV,22,40,37,False,False,True,False
Q5CXXKtP345Wg_iL_SgTAdH6qS1LQPzUptXAHZ2uDnu0g35gpOHqQxQQs5DhO5_cKh-FIQlblcW4Dw,GOLD,IV,25,108,95,False,False,False,False
3blk1VVAommIGG9-T_KlB6BBGyk7HpZHrqJbR574mZELH3RfKMZ3Qdrwp9sYfpwbbCyX6bRX-gMLIQ,GOLD,IV,66,24,34,False,False,False,False
8pgg8mjaYW4VnauDMHteKHOStE3689M7RwDnfpUnlHocCNPW3K8eX9iCP-6IfKs2oBIX-05tbe3Vqg,GOLD,IV,0,55,60,False,False,False,False
rL_oNMjHYJCciHAUVagXExd4CeENwBJhYF-HwIZ9OTJOim_Q9fjI1sj3mIwAMxasxrrakH0rceucrQ,GOLD,IV,35,5,10,False,False,False,False
-dnPQg2dsyklejJjgGfRlJpOSC8tGYyikbAf0aglpcFBPaemPQ6SiGVM0PRpvg9aEm9rJfZZB2sc6g,GOLD,IV,7,38,30,False,False,False,False
g_c9pm-tEpDrtFHM8_cvW9QvP12EFZBlq-lQKJfm6nhjiKzCHhxv8K561mZXquvXGwET-oJpZ8XrVQ,GOLD,IV,7,9,17,False,False,False,False
A_ASsGJ4N3RvUTfZVsFT5QS7Rl1hgPGMKOH7aYUbyj_WE1QdFj7XpddMvvRBspWed5KODnrw7DQ4Yw,GOLD,IV,85,12,17,False,False,False,False
Ngug586F-Jciv1fBkltAJgLtFp0sZt2ld0rqr3aaBCJQOdhr4e7PRMHL7zVycYLN_S1vVvQOhSiqyg,GOLD,IV,0,168,169,False,False,False,False
4p2JQOQ07gRjo8hmrz5XBZLV9u5EOhL9_3cYNVM7bKQ6ibmYOdc0BKjKZQpuZV0lO1YRGghWCEMNMg,GOLD,IV,74,83,82,False,False,False,False
KT9HOoyNDTjWXCo_62FJ-2vmoh2KkUdIwa_YRk_fPztGo4cTRdjQ17MDRYIhfy_e5y1lqzmbAebr8g,GOLD,IV,10,55,59,False,False,False,False
3wDFHNY6WOeOuIQUwmx6uwZ2rJHk3Opr0-PQLFkB2eZ6N-3QefeDZSuhC7kV6vcwHZ3GDK6x4GCRcA,GOLD,IV,65,149,148,False,False,True,False
WMng3L_gkbfgJ6TIOiNic_S7Cqa7SN3yumJHAuOEDHz1JIlk4duBRKMRdWDvV2N_x26NT7g-v8FSeg,GOLD,IV,85,65,62,False,False,False,True
UzvSwtSLtVScOMqE5jeNKpbndXGG0L2IuujVNTs0G8vEt3eE3tFTYonOjIKHrCA2vEzSE3HV9Mm9tA,GOLD,IV,20,32,37,False,False,False,False
u2t9VDllceMpzDMKs_WtQ6e5hiotmHEjD-WxJ10cV1iSYCQ0jKMsBvnTQpoDsamGkGHSjxNmT9z5aA,GOLD,IV,31,13,13,False,False,False,False
BKFvox-773ToHQaVtsfPCQYID1fw-vrBfgoZM0EFKOR-1T_MMAtXbZ33sueaBrBaBLQJLm1vCTXAdQ,GOLD,IV,93,22,21,False,False,False,True
YzY1qFTYNuFcD216y5hlCqj0QZm78VKXShmvqBJGYGbQFYJs2G0o3il9VHT5yaNTQlWLnY45bnxs_g,GOLD,IV,33,52,57,False,False,False,False
hieX7FEem6sWo3YTSOjzobXAYwS8udomdl9x3MRknyy4UKgeO76MJ012wSgnb59vfnZenGSvM4eiWA,GOLD,IV,90,56,69,False,False,False,False
-tix5qi6tmwuJNPOYCVJmTQSMJJ2ISKTX7okZgAR6hH-srnK4hTb-bEAnkM2-T4Z3qiMK-RP8CAz3A,GOLD,IV,10,6,6,False,False,False,False
ccnHswD40_wWyZRSFJJvHkAjfx-YD1KYMpiAaAYiDpt8VQNbRWLoP2oY6sK96wA6W7kesuw8mhqFkA,GOLD,IV,17,6,7,False,False,False,False
E9G0RxHhkZEf79CjYm5o0u1ALhga2uPyYSzGjq15wb8C_5Lz3ebVK0D4evXmBghGKZufDXlKlnB_Fw,GOLD,IV,35,81,81,False,False,False,False
QTqacIAaXVIcN8YwgFMZd-O_mwBgwIrlSjgR9DLcBUExVMv7sf3S1Tu9eT-z92Efi0nMbaUB_9915w,GOLD,IV,96,57,58,False,False,False,False
f9Frwh2fON3c9ZdEVRIFgjqWPaRh8DQDDI_hXlNbBRLl62-aTr8E8Khvkq2bs42B7J_7Fphplp2kKQ,GOLD,IV,55,4,5,False,False,False,False
CbZPtiHlljIe62Ss-q3LRmQcWl1e_xamsxutV9vo4OpBni0gMG_I_UJgXM2ajIKnHhfslHP5DSyS2A,GOLD,IV,38,16,20,False,False,False,False
wlM5gB6qHsQ1ij49xojei3rMCAK651f2YaKnyn13veEMg8mf1fp5eEzlrGzTVfJtEzT5DX9CCA7eXw,GOLD,IV,20,3,5,False,False,False,False
72IJ8vC3J16sn74oM_T81mClhL-bniNYsuLoerrLnblIpe0mu5zFaMJS6f8lfj3h9EsR_1QJamKHfA,GOLD,IV,56,48,47,False,False,False,False
WSluPWMfM7SX6jSb8DsO8qq6HF6AdPe0gdRB8V1hP9zTJ90DoQVLCiv-3khJxJP2qyqKopQheRYXnA,GOLD,IV,0,6,7,False,False,False,False
8aoiPROCPJ9WAhPkOuyMC7RbYazolep3uEKWoo9Q2fhUh13TJkJsBuE-DRwQiNKoMRkTvQ6vEV3WGw,GOLD,IV,0,34,18,False,False,True,False
-_C1RmiekFD52qBr1KWimHrVpjJqgeBKxRPZ1Mqyuyh3MUqMRlid-fqnH0L-HVeyzi8XuCIsMEBDrw,GOLD,IV,49,5,11,False,False,False,False
JUWQbeD9zJZcxwyQUC0kO86Mq7Fh8tXrBwXJbxK7TFDdX_c07rSzAW7qwlY1-fEVYuKAyfveSPzJYg,GOLD,IV,85,20,10,False,False,False,False
mQT_oSX_FX5VIhTfesSZEiaFeYWz1AMGYRtG9GV9exYm2yz49RnQr_m35clInKgSPDsciITrLysP0A,GOLD,IV,26,20,15,False,False,True,True
5b1PyQ6aZIQwl3APtA3AaoK7GZgdpYCtO2okuHYBsBYyYSGwjaKT4kjZLWFOTqpFoa42pura3Wrc6Q,GOLD,IV,54,59,52,False,False,False,False
sw4E6f9P9TgUvu6u0MIAZf9uyf_5sMiyFZoQkIpQhY9zDf-dSf-L61Eii6O-uYQdMwzAVDKYki8yNA,GOLD,IV,65,14,8,False,False,True,True
FJ2R9c4urBYiTYhu5BNPHXgLIxmM3G1GJO_ecZx3PVUQruNIscAI3RvUI0oCMz5PzEmzN7sOCpb5IA,GOLD,IV,79,224,228,False,False,False,True
ez3s99PaA8oovsIrx3kr6Z6UO1QTqSgvlTTo_ItiK5f_yAdcVFaj4c5iGRqY2mV19j-IT0U94jUbMQ,GOLD,IV,51,20,24,False,False,False,False
uZ3x_NQ92DkhXvWgGQ0U2jDMqCNqfyaYtSpYn7_9Ish-giACoDIQRoeyCS_5bxTnnLY6-0pK1xJ8jA,GOLD,IV,48,50,58,False,False,False,False
bmGjO86z3Io5bKUleYRIEnvMvG5fyM-tquxCnYxbWQuXixBfcFWFENhaypHMjlD8BZtFMiF52Uwl5g,GOLD,IV,25,5,10,False,False,False,False
wL8NKNFDKK8O3U6nquNUiYA1JPqmgNrPOX-a0VIw8TqnHdNC2gEINErmUN1VFu0nMwBLAolbcC4ZSg,GOLD,IV,40,3,3,False,False,False,False
QFmWa4hTGQojMYleZ76SsyLwxhEhr-uhfli2dtL5zmtp9fkKniA6ZYTUpd75hGCVtujl0sCQKh7XtQ,GOLD,IV,18,106,100,False,False,False,False
ivYNhq7qXAsybIv2D6M8WPBVny_R_4Huxmo_vMsm__hMCipInWphusfa6HYaCstEQhyiSVYXSZPd2A,GOLD,IV,65,279,273,False,False,False,False
YBmAehTzYBMXWTHUC1gtH7K0Lxq0P2qZa1LusRPWBrwFCsk6nuCUpkyxPyld8ZlIhpbdfO9vRLvi7w,GOLD,IV,55,5,12,False,False,False,False
DoTZeURcRsUaBrKORLPAEhsy80mVOJLzkpXldwJ6czaK2Ff7YgJiR8AkWFGHygzakmtNPcpBM68u-A,GOLD,IV,91,18,22,False,False,False,False
zdc6ykfTtYsGA8t_nt3iIoRQf2oskPGAAgDib1LG6hH3Xvit6sV0K4p7Wbin4OKEngya3wuJzHeV3Q,GOLD,IV,69,13,12,False,False,False,False
ctN5lwFBAP-i0UA3-NiEgPEyCRnDOZJSl4a14SyoNbVem3h0-F4Yt7SNii-fsaU9_WmYIi4kjmv6Bg,GOLD,IV,40,3,3,False,False,False,False
pU7v9YKdWsPVGg7keqzYxZjeGD3PKnRmDGOWbAgBHO8RNP3-d5_g8jYGO9VF23AhSmFzQoPqzy0K4Q,GOLD,IV,59,17,21,False,False,False,False
Gil6M8u-fmEAmKo32GtGxXxqDfI-hknZ2K8Of7VqrvS_kBne8LaYyOd2OAse_yBUr2YdHvYbMvSw8Q,GOLD,IV,16,140,143,False,False,False,False
PL3rBuzhqXUWjrWBidAs-L426W52J_9HMLUSBnegxQKZQd_xgBOZiMU9-K1hG0PMUZveJ_VVDkvslw,GOLD,IV,83,71,68,False,False,False,False
ACGAPhKZ9YafKg87sGq25qGu01mlxFcqulX1MZj-9x6zsntvqxnrXLrtn5nLrStrgaZOcL6bs0V3LQ,GOLD,IV,78,194,186,False,False,False,False
rV-G6c8kRzAahbFVFrmk00OomBRzkQYxFPKWrBkSmASJE0CE7Z-WxT3JclTW3BTortoY2I7Jtci8fQ,GOLD,IV,71,16,19,False,False,False,False
qXSBG0q2wydB6HwCayyVXD0lienKtoAsD0gGP9JhzTai4oryk9jF3vySFUNY_DSQhx3I6-PVDolUyg,GOLD,IV,16,36,28,False,False,False,True
2e9QFcPgPYvpQ0DOEmlVu2mRKMCcsnDwO2IqdUh4aKINPkhWRyDPxu814eLS_7uCbO-Jnbr5Q_q1Sg,GOLD,IV,90,148,151,False,False,False,False
BFw8hyxa2BEZa45MyN8JI1Paxj53c5x7BlihvfyWCJXZIW8cjmgKeu6FuBWfxzCUuBd740ys1ICXdg,GOLD,IV,24,19,26,False,False,False,False
NFGRw3rglO9VPzLse2qWO3vqi6-Rm0RpsIyMG6WSjo3q9JNSxTLzxUPAz16J86YvBHoISSuXVT0Vug,GOLD,IV,26,41,38,False,False,False,False
01RV0BMXf8cWGFKbHMweYEwlwBMda8nKj2ymAeUxSKlzcqiLkdLgk5W3H9yLMREgUQ2w_Rkygp_FZA,GOLD,IV,28,14,17,False,False,False,False
wctBq2nMjj_3tlr-jaJQodauLlLF8xnC3obbOELzEC-eqKSVMjRztnsdW-IgTi1oqvRQp5moD-si9g,GOLD,IV,0,27,33,False,False,False,False
inAcm_I7EWjtE5PO61e50A3_17bX3Rro2xpWkEVj9Ji6aU87ByUhY8a2X54OoNW0GVB6bxjIyLZ7sw,GOLD,IV,65,55,47,False,False,False,False
h8RQ1gNmCzLC_Ihz7MNEv7NSg-EpwB2HNh3-8VPOOo_BAtHHhUzxSvvVn_s2zw0TSEc0FVK-k0ZQ7Q,GOLD,IV,78,179,171,False,False,True,False
suiWa3K--uYiA8_eQf1KAYhjW9sGa-Kn-mFWnqFMbrGwZ-fWikhw_LSeVpMi2Y-Mpu2sBHAx3HXSDQ,GOLD,IV,77,4,4,False,False,True,False
eRxxROhmnsl7yiuqmfKvlu23z4kZ6qa3K1HcPvwFYXNDpNvaVdi0IXSyWVB9jJ_iLm86fdR1DpawVw,GOLD,IV,55,7,4,False,False,False,True
axWajA2Ga8OKOMsmtkxkWgjXIZslv6ZNb0FfNEZFUEsrTf7_58tmkEgup-n4zCccnSQTffdTrLY9CA,GOLD,IV,55,13,12,False,False,False,True
PKTwWFfEA3NWpHsTWlElAE3aCSpQESRg0jb2zoEKX48M0WVN3TestrYXKrLiYIsoKzQWBb2h6I3YoA,GOLD,IV,91,7,10,False,False,False,False
baXk5hvldPLenrKRFOXabxNPbIqDJ_blmWhEz219L9UG5uC8xpAxdKL_SBp8H42x_-zrcZqZmGMtNg,GOLD,IV,40,7,6,False,False,False,False
hOKyleR9Z_No1LCw_actTogpW4xXeP86mGXj_0zuSFuwbPcqu0r7WxcFrGPylzkdprs3N7zJVfAnBw,GOLD,IV,5,13,7,False,False,False,False
560dkpL-mVqYJaW_a_v3qLv2snQufONNYMQv_-vogzJVtTid4Gu02UEVPUbnDV5qZX34QR3AqJ2CRA,GOLD,IV,4,28,31,False,False,False,False
jhZ5Qlmikg-fRaDNH51UHJJ3Etap_HSR6K0atjJOELahc_W_KTP4lc5iec5br2woDBLKwuRpQXWrPA,GOLD,IV,31,7,8,False,False,True,False
_skpVwBqySYk2qc7Omd-JNGaW6WsL8Xoy1WKn1p9WFQhE75dZOTGNMLlv51lqE6lblmQ01-xRaSgCw,GOLD,IV,32,156,158,False,False,False,False
Lz2P2i0qHoyShC4NRfCFaiG1G8rI88YsZ-DRx1Uy0tB6KoPtDBhKoBqGnaEn37AsxGtHTgwpbrRUfw,GOLD,IV,0,400,404,False,False,False,False
6_AkCXCiTNNRGLjqz5rHfGTKuqXXcUon0b0dOti7bF5Peoy4vtVeTY7bT384_nEnwEg_JUgh9dfm5Q,GOLD,IV,67,8,7,False,False,False,False
xit9UGSsfmBQatlSDGxAsQBbXT5zXit_MFlagJGGs5qBwlWghSwQc_0GROkTRxFioEFi6yDOaa3roA,GOLD,IV,68,37,35,False,False,False,False
sFxuxmt8w1USFN2jBlVFM2O1RQYF3-4k2A8ug-K-floErOx7-8j__3eUJuviE1guM1tZPXnzpym3MQ,GOLD,IV,56,153,151,False,False,False,False
zt8dOcb-NCRxltXyEDb3IqpMYz1anY-01QTbeIZvQwqRD2gp-zIdHPzt_mFfXnly8AWDo3LwMrH7_g,GOLD,IV,45,21,25,False,False,False,False
JJZYrnGopP5bOsSiqe0n2QGtIxgYXCmgRNa79ku01v4LQ_I2HFzb_uUryLlAsqEUgAwmZnpSwYwqyQ,GOLD,IV,12,35,22,False,False,False,False
ZbeZMuxa7qo495ZGukK5vwlfLd0yo0n6pidYeqy9MIf9foLclHU7TY0u66aA3RL8IGGu5EpdPkodlg,GOLD,IV,13,195,189,False,False,True,False
GN6ripfKtCWbICRCoDCF2HnDKBRiMuioCQA39DD5MqITxwI1qo-DSXRjxRzbVxlJ2Qayez8rERScXA,GOLD,IV,66,42,30,False,False,False,False
BbbGP1_Q1wQ8lSMbIcBvFHWW-zY12HePfW7PyC2rliDH_PNq2jL6jE_AyT803fME8ALzvncDJbovdg,GOLD,IV,87,8,5,False,False,False,False
bVahleCUcs0CLdrNv5VB_Aw0BPkGg5W19GRoXI-NOpi0w7i3RHvvAzrPZEESo2y4i1WTtnjEga3xVg,GOLD,IV,56,41,41,False,False,False,False
Dx-n0WyijzL8bs60N0Q01PoDyt03ZprqZ6xaTO7T9CIVf3WW20id4YaInD2hHc5TRrRxENlN6PUWRg,GOLD,IV,79,108,101,False,False,False,False
aiXBkVS6I1Q7DvN-P6Ss2G8L4WhwNrk9WZmvzTv_AKV_96jYJnQ2PlFPF8ALJxdkrzaN3d6ZDGhqXA,GOLD,IV,0,21,36,False,False,False,False
S_KQODevX4aMFPkyeJkBOGRNY7gfYIV0T0vNX6eP3-IKTNl6ZVCMMvcMsrV2ksb693KHh8nFsS6slA,GOLD,IV,35,12,11,False,False,False,False
1p5LnQ2DOHsyAT8vI8WTXWpajhgaN-XofiS12YRnR9qaonLFhFOPMHvFBn0MeMugIVDxt0dUvX6wPg,GOLD,IV,0,28,38,False,False,False,False
WBzg3OdRv8M3OO6d189SDfHoWlF5Pf91eB8P3wprfCyAQS4WeG0w-FpiNznSSPBcaMUraTRxEw5PlA,GOLD,IV,10,5,4,False,False,False,False
iRtcMBFU8Fc7SXoFMBr9Jl9KN7hr3rsimt4U-76YNowfDhW2PuSiJYIrYvHpS71yP301DxttX41yAg,GOLD,IV,29,166,184,False,False,False,False
eSAFPg0BNvh8xq1yGdEtx2vF4kb8NOvFPwoksMw7mxTRGJI7NVWUKNy8qU6uw1CMaPs4pN8DDyUZQA,GOLD,IV,40,11,10,False,False,False,False
XMShS88JheXmC6k6c38xCGcphbyDZubk06alznGLkOwoCQk0V_Fn_qc7S5I2ySb5pbL5P1wHijh_Fw,GOLD,IV,35,47,43,False,False,False,False
kqxkIBBPFBupBHIdUWPD9W80E1G3q1r3nCuJesa2TQZrMh3OsxVIEjzeXuFiJho_TpEMI9UIv-iQrw,GOLD,IV,9,101,98,False,False,True,False
-iF98e3I2_AOGF5sdkuOd61Nz6_Bvjpp2TVrVg5lzG-dLwv2lMBXsdSdpIf5BN33ie6RGHoTHAmgwg,GOLD,IV,99,11,14,False,False,True,False
nc1TBuUvfviROgrMEiXlcUx9CQyNY1RzpRFFIUtXsjYlMO-KV5eoH3IZOeym1DgoxTKuM8zhzKf4Sw,GOLD,IV,95,10,10,False,False,False,False
yw960WwLHIhdww0XJUReRccAK36md-hxHcDOeYM2iqReOD_oNKS7zWrOixZgPEiFJnHIzkpJeq4-ug,GOLD,IV,90,64,71,False,False,False,False
KxGVSpi8kG3rw_ju9R_pHcsneeP_KtLUHhCe5yeIrcbySw-EyzWcSCGNmElK3IMxBdS4qoU9M419HQ,GOLD,IV,23,43,36,False,False,False,False
GHCrpMudtDQxXmo-PS-5iqsdPokSScou5wl0JDzpxw1Hvlx1FimcJBIL5UJ741HOIkq1qpC-3T71OA,GOLD,IV,96,31,35,False,False,False,False
93VMozZgNMwGTtJDKqjSqXQ0-oPHTDTQ48HJp9ZwPX0UHGgL5O9IhtHbv-vWV3HWplpi2PjAykUK5w,GOLD,IV,45,49,66,False,False,False,False
0u_URCrIz2TuwNveWVmkBEujpJ3DSyrAl0fbtGnDCRUlok_rwetth7-IW_FvrLe7VE2NIg61OWSv3A,GOLD,IV,17,118,110,False,False,True,False
e-uu_q4RZ7ambpWPjNoglG4M-2dZfondUlFnKoHBjXmhrseKiXNscaqJpGUZCRnS67L-0ZDevI09LQ,GOLD,IV,40,44,43,False,False,False,False
LxthEZ3sP7LbrUwljPD_0NEADJD7wVlcRHmy7dEvaJtPaMUFF13WECuMPAyUOl632HaxAIss7qja-g,GOLD,IV,0,46,49,False,False,False,False
mm38nTDdkCx-URNnOIfqC51sMzaB7uD8GUjFy0WCpViD8CfYh6-r3zWgo-rdeXfem3_X_mkMyARRlg,GOLD,IV,23,21,35,False,False,False,False
FWbUu7iB1wnOaoHqdr2HMyFQBtj3CHiJpErlbJ911AGSGfJQQ4N1B3_nBP8ByOyW_dTNQ5E88Vr4ZQ,GOLD,IV,0,181,180,False,False,False,False
dyKAcEikW0-EjjKCKILSeO4nc0ISrbeWMhCvlE7KCmf0Mb2X5kbUShHYjpBBSfD4X9jr-lO2-QMBdA,GOLD,IV,2,17,27,False,False,False,False
2a11y26K_YrKgRpsrbR9KZ2H119OqABlfXVFIW85GWm7rYlTgWmPy90d-M2WRTIxfgflsnT_6MpGDw,GOLD,IV,20,214,238,False,False,False,False
FPe8kpKVYr30A9he0AmSDGBw3NOE-Sn7B3RI0sgwi3XrrTjqycaKA0tLnDkbjM1lqtb610Nlgambtw,GOLD,IV,0,46,59,False,False,False,False
5cM9RbDvk6kLH6oCu2BJvmD6BwMiLucuZDy226z8R4vMvwQkwQCLDn7OMNd4c6steRf3x3cc2Lha2g,GOLD,IV,58,21,29,False,False,False,False
q8DfGbDVXuLD9J1edgqGHBC_sK7TQwCylXCf4xfRwuR6cDl0xMl3ek4bjw9S4tMFGzvDLbnWO21xsg,GOLD,IV,0,24,25,False,False,False,False
zSTauOiQ-FL3vWbukXMO9B-36L7kMwEqYrMzWQnfkFS2CSMXfuw2TCUgwdjRMC_u56mJdX86K8RUNQ,GOLD,IV,40,8,8,False,False,False,False
syfii_UTey6BxZA9QuJ7JVKQssfVSORJC_LTI8XPyhYfhZ14EtiFpGDFnGMjQNfTLP1coRKE0mHg_Q,GOLD,IV,35,5,10,False,False,False,False
PkXLVMkSzI-TUakLqaNHTgaRvwtCesFHPUHESDP8uNGNhV85wH1y87fxRwUcyerDqcxCQpw-_b0ckA,GOLD,IV,90,2,5,False,False,False,False
bOApsmFGm5wDlqOUSecrKk1YeyeCGeb7f875f06ECiYMO6B0d3PQFfqVl-ZgWVWxdIqQ5YwcAUZhXw,GOLD,IV,47,35,21,False,False,False,False
dsDyGvSoQ4a-3NIhB9_QUVCe5QPcclyLry_QWKc2iOCDdHpw9iMw3W_L4mYOvYezdqK-D8RWHyrczw,GOLD,IV,0,276,284,False,False,False,False
fTImNFm7w_3OmsgNJYfxIOjXg57awKiq0JapRQP_Qe1xyKdD08djW0YDz49dZt3J2Bs2qHEZvJ_yKA,GOLD,IV,0,2,4,False,False,False,False
hG-TSUBP0Mc8MSm_t5o1DMHhAneQ0jnzCpSutoIoIISfSgKS2YZLbRj0jKR58RtO6fUaeQH6IdEVsA,GOLD,IV,50,9,12,False,False,False,False
_xyr2rBxUcXKaMipTZTspCL7Uzg8nDRSpDI8dlB1RQoVbGCFqla_NO6-1dCh5Am4NRLf3OJ3jxU0Xw,GOLD,IV,79,29,42,False,False,False,False
ImFhF8pBVk8nQjgNePq5NB5_7x-T_scgHnzgqnx_2nAugOH77kwJnXqtf-q-6w-PqiaD0UaIBDag1Q,GOLD,IV,7,14,10,False,False,False,False
AOxEekbis73X6WnY2fkZUc6MPKDHNlK1dqgqZNplFxgtX0FgLDHOpGVUvpbRRxFl6bkxcpio4y1hDQ,GOLD,IV,17,5,2,False,False,False,False
BLNtZ8-FbBX9FEva6QuO-r4C2s5HRJnv4t4wwQgVlWCSmOTpuC4ZLazXiINOZPauf0p5g44PLnjA_A,GOLD,IV,84,23,40,False,False,False,False
wH2PXwftrZwUX5ws6uoJxyhdyaie7sTdeAVtWkVg9gMyJPK3MefzS-ensCZ6_csdcs_NF55Dpe5UGA,GOLD,IV,85,36,18,False,False,True,False
WRUX2eAWKjNgExEZ6lkWYRIFzQuiYTaj8s3hYAgTRKkdtICbAL3y8Vr6M7WCjVaCZm4--KPxqBUTFw,GOLD,IV,31,19,11,False,False,False,False
hXwPSX7TS8hXuIoDztyihUno0m4LdgZb1DKuURSwsJAFEInkyrt8Gr9gmNDoNiv_4bucBzbozt52BA,GOLD,IV,30,15,11,False,False,False,False
KJ1CHavvTD1WddM4eHLdkmvnK5ZRyk6EasUuUNdUOlJc-9BsVazs7wX2r-kbr0ZgDxZczXFQ2QQaXQ,GOLD,IV,32,31,30,False,False,False,False
oaNM8W0Konborj8lv_Vlve68HBxz7jsr0DJwhKJBYeOwIcKKsRHeMp3jLhnZ41ClE9MMYtBDfXsDoQ,GOLD,IV,25,11,9,False,False,False,False
ICQ4cv3_dbmVoe-L5m47oqSqy4XSxmakTdCIU54KLG4EmI-7O5czdIxVAUlEw8vKNKzCf5uRup3X7w,GOLD,IV,38,40,33,False,False,False,False
aPtnv8K--0-Ty06GYcGwyubjskEEypS-H1e0gI2aHSBINn2sm3kB2gugHHyVbvpv4r2i3WHXdFiCqQ,GOLD,IV,7,399,385,False,False,False,False
PXFGBmkItyojo5L72CnmHhVP-ChQDsJPN5WIuOH6WvYGlnHp8t_xfKErXR4eUbY0TQ1-SypejtlB9w,GOLD,IV,80,2,6,False,False,False,False
Ag3bbhPlLaAacGQQI5UUdLCTokecwJfT0kCvmOJJemqxks5NmabZslnAeLR6069nLFX4Ti7b-b4lMA,GOLD,IV,92,156,151,False,False,False,False
8XRH-41rd9vp0h3fzCjnLcScI0okOzz-xDuVmAKMLCuYML46SjraCpVPtKeZImnwsB3YY4V8towdoA,GOLD,IV,68,42,57,False,False,False,False
mbfkd1hJg_wJdJAahbqWKqIR9oXLL1LHfgDEeoGcS7Bkv5m4jDWtE9zPVeL8FOa6AAm__syOfHU1Vw,GOLD,IV,29,13,10,False,False,False,False
8TOjb8J2xaDN55CIi3fnVJXUKF4diddyiHY9TdHNktaqsoCs65t3OFs7YpmEpa_muZAOVx1HbiiVsw,GOLD,IV,0,91,100,False,False,False,False
6QqsbdV55cvWIjnkuWoYpxfxJQEtT_BhB-eWJcW0DTjNE2b4GQh0j6aYrb0Jl-7YJD_XGW6qgRlVGA,GOLD,IV,85,41,29,False,False,False,False
pudAWhjso7DJu153fqzPb7qvexYzS9NY8ABiJmolAFZ4yHHcad2vBX8giN_zoFJDS24PRhx_hMdyng,GOLD,IV,0,85,84,False,False,False,False
9rrnTyB6sBUVuf-tiLfrLDpQNFf6B1iRj9fOXurZ7Eg-vXCkf94DshFP0G8ml8ZC0aM8X3nfCKxGDQ,GOLD,IV,83,144,148,False,False,False,False
r1w7QI0BUhJGhSBOVSxk4rOchBcFPbenn74IslayqDZcf8DIB2hsTbIDJHcj1CWHDCG-2xcaYNwQBw,GOLD,IV,16,20,15,False,False,False,False
iAFh-ZeGkT7mRn1LeycYzYDItdhPc6a-6GtJDhkgUvi-nnnuhh0P3PhU2WAKzszFyVwAUMzxwkg2yg,GOLD,IV,71,32,32,False,False,False,False
Jy7RHTjsYtdUieiCq9lhugtoxxiMMdP8uthHJa-JveSdOzz8BpZuJNq3k4Ie3etHOMdxFBJJyh8U0w,GOLD,IV,35,16,13,False,False,False,False
tju-KBYJGzWhMU_2Cq3CkmwUhptp6HPt5xyXrwaJm4Li6Vyf1aWgcQ7dQS1mO9VyQFDlXw-ceFF9Pg,GOLD,IV,75,6,12,False,False,False,False
isggcXJuNQ0-lQPB9jLKsCMpa4jGLBuoclwodkZt6mnJfOglwG71_gm1w1bR22yZhD28dVJ3rdKwzA,GOLD,IV,49,100,89,False,False,False,False
jPa5_E8Rm_f9SytEFVP1PC4RLVVWSEhokj3mPqutT8j_-v4ZFwuvtBlfHW0JLKxyyhoA9rDMHU0S7A,GOLD,IV,48,68,67,False,False,False,False
L-aH_ftyNgl714tn2sFty0mEwD7tuUllPTEQx2J8l9g-6n3ho6-M_2BKJqO8QZEvtNPvSbDBFuxINg,GOLD,IV,55,3,2,False,False,False,False
ZU9KmSMl3YNVHYYCo9DquzCRtW3u3OVDSo8Lv3jxJFGGYD0OtlKO8yN3A2mxR_g7M0defswiyiRzzw,GOLD,IV,92,20,18,False,False,False,False
RiwdCLc4yTS3G5ug93lDJofbZVN8fbTg_O9dK9il1YPQMB0nMFtvJR-p7rQhQXtixVrofaqWJYEHSg,GOLD,IV,65,31,51,False,False,False,False
SW_fXeITJ_nWH8zV8yeAnI7bD6bPCM5ekk6RICm2O7qPhadWSHyD3BnfWmwR1RZfDfkOgxgg8MFx-w,GOLD,IV,17,5,2,False,False,False,False
-i6ageJCUTRtXznjAfIgj4-6nMOsZip3kPS-irOI7XrAC1X28SlNloaPzl0Dz-oP6pY69KoXO-sMPg,GOLD,IV,24,28,17,False,False,False,False
HldNbebOBDd2o1H8lN-jnKbTHqOqHZUo9ce7X9GSQNMwilqt3bOL2o8cL8c0KXx16EvfbOl3IxwdpA,GOLD,IV,10,2,3,False,False,False,False
o3E914yo7uiXXQao2mUVNOyVeoF7Uks0FABpWXhNL06_sYsbsX7GLfSPhYBbHszGSvu_nae7woz54g,GOLD,IV,92,19,23,False,False,False,False
8LXbrpNDvRn34wGDjjYOG3mfa8Xbz5m9S0nd3OIZM_Gc5vz4tbleBWkUNI39SS-s1CTBRykZNlmQDA,GOLD,IV,2,70,74,False,False,False,False
JYBsUPxMZPeuI0_ssQRRRBPbFKRmrZzWfOAg3-04RBwcTbql4aCpNBnvJs1-udYVbWt5x6Dv6JEazA,GOLD,IV,1,13,10,False,False,True,False
Ad3qeYsq7ahAbT5qmkCm11ETL41LcpOd5KCF5yj9cKmAHvPSZ8LaNZoiRJOROf27y77MnnXgzHwazA,GOLD,IV,6,148,173,False,False,True,False
snXebxBVUv349CQs7HWOYmMPi_2AXq8_t1XznEyIY1fWxwVbmX9G30USjgiNRF94vedhozfK4eTH1A,GOLD,IV,41,37,28,False,False,False,False
xq76UOjpii0hV8dV6GUSUF35vempIOAj44E3oQllCEBaDbGLmfBoEM57pRlf1UJbOF2mhWaOMn45bA,GOLD,IV,51,10,13,False,False,False,False
qkD_AQJuJZwRvkV54AWOBaJR48y_NxhFD1mZjlmLuKAOirPGkPYlRp2s1VG6Lqa4TL6MLKFvDYWcmw,GOLD,IV,58,15,17,False,False,False,False
tZtnm41-jjsy_ZXVnWCdgKrJ1dY6HubNf7Nws_CDrxk5kJd3jHwNzBOIJvg36Xgg0xemV0YJaOB3CQ,GOLD,IV,90,7,11,False,False,False,False
NFQ4aXxFqhlt-JkU8kpG1lApz7h4D9TevBs-YKmDs545DEO5LMdutqSlaqkrxFkos86UNE69Ywr66A,GOLD,IV,0,14,14,False,False,False,False
LOnHQDHXQpjiCT25sYaMEjThRps8mNV3hydR9TMK4Xlvh-Bml8U8wfLo9GwYJilKNY-rRU0G_vvovQ,GOLD,IV,19,108,111,False,False,False,False
NU6qqCggeateo9zgyR2TPPDHI_8FYDbDF__6Ik17wdaSOoqflN3M3aa2AGuzBG_9nrOa0BBcRiRITg,GOLD,IV,41,22,26,False,False,False,False
HjVLCT9-iYekdU0IVEG9YlTbczWVSDRmwJ_j2nJRF1eVD_HMeTtMwkVRRSC_sJhg1rc8a6odUsi8ZA,GOLD,IV,40,3,3,False,False,False,False
nRe5gpAACg7BIC42t271g6WZLoN_IstUNde7xr-xSy4CX_GVpZD4sd3Y12Drz7m73yZ6-Nx5gb4nfQ,GOLD,IV,19,115,108,False,False,False,False
GyI3r60c1dYlvlkeEehYg4M91Ohp5dQFWHMtufa5xQl3hkxDyvdYfV8LEjgzh0fFOGhDAPOgy-mqRQ,GOLD,IV,91,11,13,False,False,False,False
Tou3nv3oanTFVbVSgTuceJjSVU6JV-TvFiR-jRcvj9VFw1jDDtRgCSzDJ6qXxOUPSsTmtZmCZDf1JA,GOLD,IV,50,121,122,False,False,False,False
19DX1Twbvi3eSlhfRcJikyh5X1GqYCUJyWqYsKPMdgFZoBPsmhHd4CNSMm9tNnoqqYHF2PTgNE9-vg,GOLD,IV,95,6,7,False,False,False,False
2iWPjRIs3vcWlWzG7RZaCFcX7eipc4Awd6L24SpXqJrb7-19WCyovDP6fjfLZqdxOGxIwQV9MoQ9Cw,GOLD,IV,34,71,67,False,False,False,False
CJ3h6K4A-wYXDyLq3H1a3SFK_CLRuyZO5V_xFFq6CoX0W7QJnOzSsiv877OzOQwwT7pudNcTcWcwWA,GOLD,IV,23,31,33,False,False,False,False
kIViIGgDT6HW2yD2NPlc_GITP3alLvP-gM73YNWsi84w0gvfbDb4xUSPm5zKGwofSwxAdEjzQr7hRg,GOLD,IV,12,272,288,False,False,False,False
1AHvOZe2tdgm7dqrtSytXzcqlF7DqUq8d96QktqZsba1-90hi3nLg8SHRqTW4__QB7E3T9PTSL9JNA,GOLD,IV,74,51,62,False,False,False,True
jwavrNvgNDmF1kZ1Nuc9XqBTAuyG1rY8CYmcBUHNWuSQhMYsTMTVrXsgXGC72GgavxutSIVONnY1Mg,GOLD,IV,92,180,165,False,False,False,False
8LRtOmgVRjFaw_FlO63DimN-9jaCHczoWxCdJ1uYjiHSuYP97BW9Qth3qZLP_OT0LnxTz_UR__caqg,GOLD,IV,21,61,74,False,False,False,False
jjEep6OYivi1UIsOLauonJ1Gox-7Aocjjwor32hY383Yg2akcUdbAwGXURIMskxzc1Fhpa1LbYko5g,GOLD,IV,28,118,137,False,False,False,False
3WdWZNHe_J3juKpSRSxz7_5j6chMADRY_HV3YNQlb3fUsq01UfmmTWM4J3gZ_wkOUhiEhjwOXllLwg,GOLD,IV,0,23,57,False,False,False,False
sA4ApddkyTunAp6pEK_fa0-4GKqxdF0KDxSgpqaWzafyDXV35g-icj_LOz5oMWBUneyJWIvT15AbdQ,GOLD,IV,53,16,18,False,False,False,False
PZV5lzCtt1KBy27EUGT--1-nTw4uOutEm8ZiH_zDAHUwz6naqyA5lqth7AJCpxgwDS2M2A-IMf54gQ,GOLD,IV,55,141,130,False,False,True,False
phObC_SIxHQ_zS2Mk0zPdj_5a9iaMLbrnHyHYvJPgZBasmx4QTUXohE4PGvpxOmAWHNFoSa15SEhLA,GOLD,IV,65,4,4,False,False,False,False
ICSXc6u1Kh2tfZO17EDHXVmatao3B77B_5L2mmpNN2hF_2vEZqng84NovSoUGsuBrXjMVXI4MvxAtw,GOLD,IV,0,76,79,False,False,False,False
W2hDq7bO-4uNWWaqO9kpY5YWtuXNnGC2gN7SByfEDfP-vmCkSJGPKxHx93gOFNc8lWXfK9eVaFR8JA,GOLD,IV,21,13,14,False,False,False,True
2kw6sbtqdUF7sid87e2A8uBMyPZAAZIpFU3hVAHaoRqFgWEhuzNpB4YhjJiP-O9CSlbHkd27Ynavdg,GOLD,IV,86,20,19,False,False,False,False
G8LDMCQAKJbQrQQdOr1iU1xxnxeDzKpekDWmXb6amk8nQ74b0UD-CLzUvS9fGbJ7xcX8TzKEceo2vg,PLATINUM,I,35,49,47,False,False,False,False
zytV-BEnlXdXkODw2ic39HbplxJ3-tb00zdaq925_eSxoingfNY3kqtdcEv8HQVsF1_EIRUIeXPR-Q,PLATINUM,I,63,597,603,False,False,True,False
isAN7-qAZIRSZzjTFkSCrkjcKalVPN7UnHplkdParYW-AXRf11fFPJY0QGlAI1PJZp0e2UDkQrA6Mg,PLATINUM,I,75,227,227,False,False,False,False
1EI1ujJ9KqUr5IDa8sSU4IeWZZ1mGQ803TpeO-ql1mq3tP-Els5ZFS2LjmyNPX-p_br1j3ib6mBN_Q,PLATINUM,I,13,39,34,False,False,False,False
C-j-ZvPfnjE1hC9nUfqLE7CChaYgcKYWTs0pcZQ_kk-BL_bMsaM3h8C8EYg1_Vhtt_VjBJ1RD_dScg,PLATINUM,I,42,252,250,False,False,False,False
zAUqiS-UsFJy41tIDR_XNr1S1iGeGQWVadVRPdy_9G6UzucrNtFedIW0vI_I5visPLjcpEpNSv_zrw,PLATINUM,I,98,22,14,False,False,False,False
JKXcrnyWC9rUwfgRM7iFOt7ZbrRf7vnvu7Ghh8qvyD5fqrcFariFRQluvesq_xeWpLhqPBiXBgvGWw,PLATINUM,I,94,63,57,False,False,False,False
EBMTq6laOwr3PwX_L8QykG2avvhdceuF1fsBms6lcdVDig7TdelbfTLF7KPv9Vxxhrqa8edZkc4Pbw,PLATINUM,I,28,140,131,False,False,False,False
VuCHhDJ3lZuLMcNzrC7VkSAgTWXpcaFERYL07X0n7s8K_EyFObyuHHffkReM7FSr3ftQwaDr1_BBkQ,PLATINUM,I,12,71,59,False,False,False,False
z08kvBlWdE8ZkHsmPe2wv7WlhIqnEQJDZovKk-veCHKUmAWcGSXVzdV71JKRpX29EmyHNCo5t7uoMg,PLATINUM,I,80,59,52,False,False,False,False
iRpK9dqyTnAvAxwZKfIZFwUlpHB01GOFgMdTFQW-9K2GgbHPkD-KekabzovF8ZWdlmDJZ728EGNl6g,PLATINUM,I,11,177,160,False,False,False,False
cFTdHdhKjY8rXlWTeUkngufQcMN3A9mpaaG49qinzoTDrpOrhREqxwldvR21JWWtrtPrZE5XaGcwDw,PLATINUM,I,4,274,265,False,False,False,False
IEqb-eVu_dowQ4nKRki7jqE5YRV0WanUIDBKc3g1zNUGIOAiDvvDQinQYjQoEcH6alivUmufaFfY5w,PLATINUM,I,10,2,3,False,False,False,False
k7Y40kdNo-_ooIOvILcO6_EKU1HncvJgTaXWID_rwe1rqy2lc2OV2APkwZGKlo0QspIL4xJffdxNjw,PLATINUM,I,22,10,7,False,False,False,False
QFoczTMPh4gBSucOGY4bJj5UjsVygY9qgt4p3FOu5l690HITmWrFd4hNQdGSFSOhJaQuyljFTRAE1g,PLATINUM,I,3,281,291,False,False,False,False
RGH0T1tekZ92fkVTxdATlMQIa0bqSGuuksk7XE-60AwF6yOSCu5rN_upldGizEnCl_xF8GGuZO3vwQ,PLATINUM,I,21,18,17,False,False,False,False
De9FwqNfNeS6jnUsa3wvfe5bkJML15taWdcJw20chjHDINUunTjg4gz8NhUOjL1Zr9WhjoRVcYwZkw,PLATINUM,I,36,20,23,False,False,False,False
HK8bluTVnsA8dKUZbwOtRcGrMXz0id3d9cmhwzIphc79wS5m5jaT9MS67d-vfIMK3NPG2Uq4GdbLFg,PLATINUM,I,88,145,146,False,False,False,True
zxCQ5j1eNgh72znuLjgxNCeOMDzP_MVhYyORfdBwKOVHJJwCx7wEfAe_3FnW20YvBTzUT3XzK9Y-Dg,PLATINUM,I,24,45,35,False,False,False,False
K7HrkgDoRgFi1BAiDOzXazVrs52TplNmjMCgwi23-IGWIYEMCZOzn1T730PxzvzOolATn79_oJufKQ,PLATINUM,I,91,10,9,False,False,False,True
Xa3NGVKCDr5m37fWp2DJWN24is73wyTXlvGaTifQM2TVu5rPBx67iyNrZgImGuHpOXy38wXOoUwSOQ,PLATINUM,I,57,33,32,False,False,False,False
iKYqH_0h6QBFlIe_F9oiKbI8hcnfoyqG14E-tqYTVcy2f61VghqF-jOZ_FAg3R7G8rUamJhUgmSzoQ,PLATINUM,I,57,180,181,False,False,False,False
IYsbQ9afnbg3FhebTY3lbXhASCIASwFqJWAmRFZH6IBq_zKUUbtLall85XTYkvra0SXPGscNC8wuLA,PLATINUM,I,14,18,21,False,False,False,False
WnfcBfF2DqOiqKPF6P5VJvA5TdRvteUv15UIgkQfS36rKVGLmRElVifbQQpIyy6_bvYuPszijXLpIw,PLATINUM,I,57,7,4,False,False,False,False
kKrVn8q3pQu6opFIXcwhnAe6xEXoVenbSVOMpY_e8GdmXonYX87HonKJNqFrYPePp13YgfvckZpKdw,PLATINUM,I,10,17,17,False,False,False,False
r1gugLwid6sJ4MkopD7VxFrzOqvMpgyuK2YZSiWhDanjugzMwdtjxoRxijwYESygjuxbylQGhFxRew,PLATINUM,I,87,5,4,False,False,False,False
7y0gPd4r_TmQyYMPWtLwJwKVCa60N4mhlC1n8QgaBqCYd7hVH_GSM2nqIuYg8cAx9RpdoJNFGGfrDA,PLATINUM,I,10,105,102,False,False,False,False
KLO0NUbuKK-0AXYmHOBP7JcNSQ6kYGObUrQQWA60uCZqEmbsUvYP-OoWPiHDLIIhuOqpDLG0tzfNAQ,PLATINUM,I,74,47,38,False,False,False,False
A2ethGJ0bjhW9m2jZy8LqQxXWhFomCe6OQZ-F2En481gQ9q0iQoR1f33IAUHQbZwu0O4g5ER0vbOqw,PLATINUM,I,3,182,162,False,False,False,False
bDcwE1rSjxcSTJfOSNF4TvWyD4oYlKlzeR8YdKcEn1T3Ddk-8suBNWncoNNgkn_U4MbjjrZ1bKt0pA,PLATINUM,I,78,47,41,False,False,False,False
kDRNbA5jJGPOfyL20j5mJTrrXsZVc2OExYhQV_GosoqtYcG_IMKw7RCx5J8PIeIp6B_9Ur_3KHn3bw,PLATINUM,I,76,41,41,False,False,False,False
v9hqB3Ro2PCwV7HfLlqMaw4girGQTYgw_Ms9hH1uFOw0-WDcaJpHsUcZAvQa72bF3cSEG_Z22Pb_ag,PLATINUM,I,97,7,0,False,False,False,True
QVM20PdzH4MCIz3qEp9Sa-lNRf1Eu0fo637ZpwskJeU-vSb6t15JuUWaY2tCkLavZKmpCCEr5r74FQ,PLATINUM,I,93,269,254,False,False,True,False
fCeo8CwXlbwViy26Lq8O5RG-qRyImrWoLcjMzi-5hi5aR9u_bbfqVeAHDAv_kjDRzah5m9H1_JkXQA,PLATINUM,I,6,223,206,False,False,False,False
2gQoK2ojAWx4WStlAy5aiOPESBlP4SA30bIm456M-9dCSSOxTStvQ162IIoBRUKPewA2ACT3puTvOw,PLATINUM,I,16,66,60,False,False,False,False
v8IujB1AgTPYwEK-bnE1MMmGxSzsfE7w6zGF9j-p_KYLZFjGimFBUZad1QCvnKzpNJ6QM4dg6YEZIQ,PLATINUM,I,31,45,28,False,False,False,False
4Yk9GsWSeRSxGssP3j8ghLGbTSC2X6ylwdIDDgJPsXWgQ7_hQDtifq4y-i9Mv8AZuqOP-5f95I6JlQ,PLATINUM,I,89,49,34,False,False,False,False
G01Q6X7qUQpd_iLSbiIgQ7Yo6O8qECeXniFrAEAMo6aCD4mLPpu7Ss2fDk9hwsvauCUH6fUwYajM5w,PLATINUM,I,62,35,21,False,False,False,True
DqmHWF65cGF4H4LvQGN6kwW4cwuPuTh5RObrm1W72Fnb35o5fkGgt6mrIQrJd6W6ZmEdOJEvdx-9Zw,PLATINUM,I,34,80,57,False,False,False,False
iHt90GEuKGGzFOgOU68BL3-plrRjTJDiWUIdjmmfBpZ3awuf-AtfyX-WXtiTAlnCmSlnnra_rjABMQ,PLATINUM,I,53,24,15,False,False,False,False
NtS-yVyy-w1b52TxqbTXWLGpwcBkOD-PdUmBjq2G7I9IQ3pupHhsXmcmT9YQ2LB4rnY84ZQt0NCqaA,PLATINUM,I,42,6,2,False,False,False,False
_XlDocEc62U8nYo6bYk1vrhhKStNGU4IBwFPb0sTU1MhHCO_5Nu_QI4q3HxXZrOXFAMTjETN2c3EPw,PLATINUM,I,6,110,123,False,False,True,False
diEWEKV4RQQ57gy-8KaVLqhyAMA0jelroswXVOHgeDRZFmi7QCVr5ufLzUiD5Ky7VHDgteN9UQ0Cfw,PLATINUM,I,18,129,128,False,False,False,False
_j0d8IcmkviyJ0j62lCGN5oFn2uwviY8T4ONF9IS5Rh5ABYNPt4TBevVrH3zYHvh1_WBKMcpY2gpJg,PLATINUM,I,25,13,8,False,False,False,False
mIKDQK4xGCBE0D31nTEzSfCz9OtMqOutBwfyKxp6luxHLoshRXsmZoBk5OWPkMncmGo0949nqzLR-A,PLATINUM,I,61,10,5,False,False,False,False
1LhMG_kOk4PNAxB4XYljKun_PraPYZPsoNZyCqH_TmahSYYyIxJ9fQ39yZESDPthcsqvBfd-3xxepQ,PLATINUM,I,23,209,202,False,False,False,False
AMj4cPeuTmKzCpaeMpMhvIYZ12OP2DcLWVNBtOi4IcRIZw0eiqW0UA2dy-ERAKVK3Ye9Oe3-G-yJXw,PLATINUM,I,25,35,34,False,False,False,False
XhMFZ37IKdsUZqLh7w5xDGV_AleFvG2oZSP_jjBg_Q_4QqKUXtG90jZtOf-hHEv_ZnzvZIkse8BVwg,PLATINUM,I,6,42,63,False,False,False,False
ZQG35ATgwbQFDMpquQurB5HLJnoT7ZtZpHcKYlZLTs0PfGvweAk_9mZo_ysF08tu30Mk0a-F0ae85w,PLATINUM,I,41,6,11,False,False,False,False
bUNqnPlORxHPMdS_uluroZk6BkrxGCj7LeB9PaVLas52djE1dIj31U-XFdnkR1kitLzk3wDRttAoCg,PLATINUM,I,55,4,5,False,False,False,False
QPOv7Ao6mKHocc-zjhudn_uyjZKBQ6pGl3T7XtSnZxcA-teK31E9ZgURp2LIobM0qlar6ff5TEeL3g,PLATINUM,I,5,5,3,False,False,False,False
VbGQBFfQrWKNuHwf1JeQl7rY4o6yBxFoTfX4DCODvAvxQVthaoZnXsU-HhaBejcXrxz-VtZ6VQOU2A,PLATINUM,I,54,29,18,False,False,False,True
4yZhC0QkoWKFpuBLlHyP37lzls4UYUprOdHRHpxViMsInQQ_EN0b3K3qy9dBIFUqP0MBCOkL3uoTfQ,PLATINUM,I,47,19,10,False,False,False,False
edIqZmnSOWv2bTo8Ehbp_o-E4d4yq5Di2blp93Etwy4NZF4Wj3r50jMl8vArrkDEQyv6nNxa_tCf9w,PLATINUM,I,4,22,29,False,False,False,False
mRzkDs2v8TidNBZkpsu_OT3QlxLJzun4ZzqJu72F6oyZkwIdS_A4aGRcFXqtMF4ULyr3MFvJyC9Kgw,PLATINUM,I,13,129,147,False,False,False,False
Uad2TIqBr6OIYdtwtC2dyPerq474h17MDrgu54VeTphfzNo87AXNQvvUfm-oMUVxHvqtpSj3foQCtA,PLATINUM,I,1,123,96,False,False,False,False
tELvjvHJKAcsvxU6hFHtzvT2QrnCGLnRpqf9L2_p8CuZjY0dxJZU5cVlh-cNoFVaxQMsPo5OwELOaA,PLATINUM,I,4,85,84,False,False,False,False
a8ly51WyyLscde4Hu5xb8zwKpXtOuLlKBNT7DN0ExZ1W6HWcp-BNfPIsXWMG1FvVh0Aj4srBfx0bSw,PLATINUM,I,70,70,69,False,False,False,False
KuNc9NWISZum4G0dg0el9jcDvfrizeR3jPM4mrfdvwFIGCsRxWoo3BM4Svi_405QJyk4jSw4vuXp_g,PLATINUM,I,21,96,93,False,False,False,False
ICrPNNNjEqM_gjMSiefo1evBPhUnRbQIwcRX8UcNr3V_Ul7ZPLwhAG_gZvAmwfP_k5j4y0NZwR7ljQ,PLATINUM,I,44,29,19,False,False,False,False
AtNOKqYwWtkE_6lduotpGnckdFpDDkH7w4yJGFHPUolZp8ONKeH73yJ13mg2zteCHHsslSPPHeLXag,PLATINUM,I,25,260,257,False,False,True,False
DwPN6pyiv1CjGkw2lawi_iwU-_eZEffbThuD6paTdpI85qk2b-bo3lUqxFHK48-YsJkfjG3m2pweWQ,PLATINUM,I,64,55,41,False,False,False,False
N7jrHOPNITgsd9kGFTiWdK13IOAlhusGglaRsPYOKjBzZxAbkUQH_ZkQIISpsfzIkz7XR0MIJ-jGfw,PLATINUM,I,7,87,82,False,False,False,False
M2zjqIghqwPoLtyNLyCNmaKwtVM9BvhVvG06xBiGoYp3fRkZivGpI5B760uNloRCMcFq9dNDvzAOPA,PLATINUM,I,34,58,56,False,False,False,False
6pkrmocRoN9PQ08SQ8JORooGQXL-ps6-KXjKJfY2TvB7AMm1LIIsYD3DzEXy2K8SPCXNUv0IDQtFvw,PLATINUM,I,5,31,22,False,False,False,False
32bd0a6nh8O0bA61Beyh5bB9nfff70nAgTBgmsrSlVRcMOgfHlTn_qnxAcSy6U7lozXzoPnAVmJtMw,PLATINUM,I,17,22,13,False,False,False,False
avdqlE9nC2x48Ex1NSd-tRyBqV3Zmfm6akh4hpDem0e7zKyuyhACifDm_idxwY-kkwsFzE2iAzboCw,PLATINUM,I,55,121,117,False,False,False,False
ln1ITedqnKwh2pnrVjUZ0wbVUipEihLd263xHAFScehizjiX2jgIiJDn1uXyXinPZybQ_rGwQdPA1A,PLATINUM,I,60,53,41,False,False,False,False
2RTx26Ord6VP0F8EoR_v-T6BhCtDgRuNjOEux6wFJAmGJhKVG_4VqReOtKJVwWoqBKZGa7TrUCuBmw,PLATINUM,I,30,88,69,False,False,False,False
YkOQCX1aUY4l2A8X3Uje9UqrxpFAd203BOiZLh6rVl_wLKIdu3Jb8L-7NrPx0S6GSQb8eN8cmB_n-w,PLATINUM,I,86,18,28,False,False,False,False
Hs7X2GqF6RF8CjfWmZUw3AwCiowRnq_sxBBAVdk2hz-i2hM3qG9Ww7GDOxp_ZaO-S3121Ac-nMdVQw,PLATINUM,I,43,38,27,False,False,False,False
uTnBWqakblEv6EecgEPXEd6w-gvWh1ylEQbD79qKNKyFSa-sid5Pbptcl3EIcsW0DqxC7wMOHu44fw,PLATINUM,I,44,46,41,False,False,False,False
NCla3Y3K9Wegs_l8tG7UZ_WdNMzAKJM14OgNe51TBSid45fxdJPfCEk27Z50D5oLAIbFduNFZDqF4Q,PLATINUM,I,24,60,53,False,False,False,False
WmyJWESH6d5yXL2SaL_aNGZV1gUIZMNXCKKrrcatCLO97RC4Fea0eS-58-Joqz5Bcv6j_ti-YCo9Qw,PLATINUM,I,40,151,136,False,False,False,False
Rf1aio5m27-ihpxEDNbWYZqqbrzJyjowmQHFBk_XeneZ1fIE6hXJlqpUrmYpGhpZoPZkWjz4KoRvWQ,PLATINUM,I,10,38,36,False,False,False,True
qRn8-YcJWxtC_D_Hf8enPFKwxF3910BztLNo6hjWC9LkiyU_IcEjZxMiPLcEs5P5ljhptTgpyxH7IQ,PLATINUM,I,74,22,12,False,False,False,False
EXQwaeo40VY4x3tAaTVaVXih6x5_1RyD8Xq8YUglaRgqgFff0oUdnooLbWzwZ3kqOzm7_bfv0Y-e5g,PLATINUM,I,32,142,140,False,False,False,False
HhDU90muUnO6SlxtD4xsMgFKLkpAXVZCQ_8FBy4WKnqG4OhtqM62rfBAEGur4wN7BFD3hY2kHmoE6Q,PLATINUM,I,11,69,67,False,False,False,False
882bKNQ3pFBVZjIVJXyIaTVIYPPuV8WHtaqtXR166ojxNGQ9Kdby4I454DxL1gMLtOQg3vyABEtLUQ,PLATINUM,I,11,40,49,False,False,False,False
aBC-6TKHTZXBIeO6hwJSAezIir_1hMnw_GNswV09z7MccK7W44PGa1uO47Vlzm1Kwp1GBm__ZDldrQ,PLATINUM,I,30,12,19,False,False,False,False
WU-dLWSuQXjBY0_Q6jd_YGgrqCuhlSXzUGsKqwT79zMFeX6x0HiFgzcgn2GevQPXPgK-JOqkZaMyjQ,PLATINUM,I,57,56,51,False,False,False,True
s5fF6FIaj913uUn5SShWHZ0Nb5hF0PDySeFdFsqIDb-O1-VtaI_iqhihff4jkSsZD2caRv_bBO8Cmg,PLATINUM,I,29,33,31,False,False,False,False
TXXfEaeAjXe66QTJ7NcR_oxDZqZ8cZMySyLG7Nwt2eQKktL6NKOecyngG8UsXtJlrObcGGISfil7ew,PLATINUM,I,17,24,23,False,False,False,False
_5nIW9d7hvm_8DxdyJFidsWcue7pIah86YRvmwtuPXBIo-RtiOA9nyesJsp8bo-zbZc1QmDx67Njrw,PLATINUM,I,27,164,166,False,False,False,False
hG22J5gvBQfEo7qqGsflcszaEcoy-iOnSrTYheJEn9EQo9bFk_UMsVUjIKHGKOK_glizgMfXZ5lBHg,PLATINUM,I,46,163,177,False,False,False,False
XeQaFRw8o2n2-Iaacx8YvzX72dy1mU-hWcEZJJQDQHEeoFfHeL2C1d1dtj7b83rg3VxKKTEaELs5PQ,PLATINUM,I,26,48,51,False,False,False,False
t1jmXlt8J7AwUAz2cAl-ETffRT6V6-pu4-5l1H-L_85m0ad44BzTbhu411hNPsfyn3tu-sZfGNkI3Q,PLATINUM,I,36,190,179,False,False,False,True
tbIltXOMOrK4PbGNyePlfljD-Mp_7Y8CZ_0EVxr4wNY70OObmkiX7tel4DNlEvhC33aspxm1yuP0QA,PLATINUM,I,57,133,121,False,False,False,False
-KhpwGBdXZ648fENbQluEMsXnIezNpl_AISeEYagOaNhuv9s8KsXG0XrN8AX_I5tHw5F6To-BrMkJw,PLATINUM,I,19,104,108,False,False,False,False
v7OGuksFn6_dCL5XOYTkkmCRKNMyWc3KIJF_t_1rDDBP70AOg4xdj5wvSPo-Xvl9IgKSKaywW_gbxw,PLATINUM,I,32,24,23,False,False,False,False
KDBEdGCsSxmQn_MgrG5i-H1cAQ8cisT0nHuHM-4YR680rmuZKZBOqtc5-UwOmym1ce-GEQG0UKfz7A,PLATINUM,I,6,154,162,False,False,False,True
VA0zxFxcGZwlN4FeOtlSWFWrte759ozoI4USdRcu_DmqnKPtO6YfBkJK4iRiDxPwQD42x6y01H4A7g,PLATINUM,I,51,297,289,False,False,False,False
bPogbb2Z4-qKpWS2OeGFPXc1Q6GfSh832oboyExwiSi_8g1tjbzUpeq4w2MmSaiDFR2zisKMvyuPEQ,PLATINUM,I,83,85,76,False,False,False,True
Wq-CCPvil3XJ5NaJQELorR7XmZeJcr_6IsjOonOiYz8r0LeU1dtQi8m7Zd52LFIkARFRte44yzsHiQ,PLATINUM,I,75,255,256,False,False,False,False
SL7GDSRkA2vvNYkzekLlwKllrI78-rachHbVND1jnvAEUnODLur6QWJsPkY0qNUoIOfDDAdrIxmO_w,PLATINUM,I,53,415,422,False,False,True,False
5BJpbwDuy4Q_6goMswJRBasldMP2dM9Zc9d2oJzqR9iZ-_VX4UQfRxwn9c8QnADUp6MgvMcfKJojfA,PLATINUM,I,92,97,93,False,False,False,True
wkiKTCB5TNMl-vTddNjTZbRHcE8bhi4yNPeJgW-rNA4K6opClJcIY2mMFQSqdhbZYgvHVdh0kUYLwg,PLATINUM,I,66,47,40,False,False,False,False
YgzqC6ebYWjMVWleYvTe_4r-y5zLpdJh6inwoh2MT72wF57bdL-44lfqYVRNCDq1MBcpLQcYQIo_eg,PLATINUM,I,67,11,5,False,False,False,False
OoevaNMVrgun205rlVfjstw_RXIkgRaoibqxksB7w1Efm3_dutBropco0XU7NvvyjAZUpABZ9jOtNA,PLATINUM,I,29,170,152,False,False,False,False
IvOSQ9PiR5xWo35Xt7VcgctFVHpMtyp4IkiBmFgu6QVBsztuc5mPyu7m2iE0hhLSCaD1XR2oSzh04g,PLATINUM,I,28,74,68,False,False,False,False
nXwXmDd-6FEoiXd-kmIBfE7SuOQVRN5bApVzLWQDNRWMcHDBHoGy-iY7CHa4hkTyKL4DfeRVc5znzA,PLATINUM,I,67,136,126,False,False,True,False
sY47hp-9OtLw6khIWiDqqzsPCy-rqt4yGHRjNCp8flEcRzxuxGrV9JRmE7LrG6jGOahIeql-abbIqQ,PLATINUM,I,66,29,44,False,False,True,False
zaYHt8CZRnh66BigBn5axxTc3jvlpF7XHRaPztBjEG6CC70TBup3f53o7ZkjNhGFeM_TauTSi87OyQ,PLATINUM,I,67,72,68,False,False,False,False
rLrqZOpvs1KeVXz1HAi2fKBzQUQP6aSA8WBAypJrWZdYoqMLcq9MIl92FAsgYOdVKDxBfm52s5mt3g,PLATINUM,I,50,104,103,False,False,False,False
PCIG51R62cncp6x8W5WLDQZ2kmIDpUnM0uAtUGRjNi-QpxOZpkeQfiPZIdp0YXS9LMelYJ8ikAi9Nw,PLATINUM,I,9,119,115,False,False,False,True
HB3dRh85OVyY_adcJrurnmXxvhYaY2wFyxlqVunrdItjfeBZThkFn6ArBw1POAgZ_hDh__0QrCZKkg,PLATINUM,I,25,6,4,False,False,False,False
6dimwUMVGoIWbRnDlwiDVoYPCVFmjWls0rSOFBo8wZh27D26WNioU7lyUgFtzU8oNSZgfO2eMi4iAA,PLATINUM,I,38,38,24,False,False,False,True
O6nDwYhOnjE5Hsr43_y6TioneLyOan7YecRLyg3cO3WKa4Qwohtw_pXz_hACfJTFbgOKWqq71TR07w,PLATINUM,I,4,105,104,False,False,False,False
HB1hM1KDY8KOkDiE-TDYTjJ-3lL9l-JY7GLs_zVLf9KxYCBevQIy_EksMVg96lsbz5rocT4HA69dZg,PLATINUM,I,8,104,113,False,False,False,False
vqG3pHvM30cs_6DywMSQSLNx6PD_ETQtARZHumvrp5_5INXxH_0ww11yNPpMXlX1-Zt9KBQSmCjgbw,PLATINUM,I,10,118,109,False,False,False,False
8Wke0FOI4NBPzxF4dtCxGasnKbu1NyPr0ltB4bZHw3aiwj934fLZrYt5xQ-Ag-VZPwOG90i44f1YCw,PLATINUM,I,65,23,14,False,False,False,True
kgnXicY4U4TNdmK1wPS0c6FA9m4-qrrSlLYSfcY8kMjBuMhjloxDgxGdeoBQClNc8__yBImM3haomA,PLATINUM,I,46,34,43,False,False,False,False
gilwSHnoaX28Pk4t5tA1uopLIAn1QHBAgtx9X72u3tAab9ciwydEWLho4nQnY9mK09ryves5gVS7kg,PLATINUM,I,0,54,44,False,False,False,False
OEwdua7Ylc53mz0_CqgMdongbhQUA1xeECGwuxDONXRPPHUJfIjTubB9iq85Kx4UrWHSAYvO6e5vig,PLATINUM,I,63,64,67,False,False,True,False
1Z6fmCZgjTo029h8ZPAIOxwCmI95JWDMNylyA3XhQOEdYXRl68sXQTUaq6h_b0izQqkqno4rAo7jVA,PLATINUM,I,75,84,84,False,False,True,False
hPvMfbW7ZWw0XdS3_da5StIjw8geTyczCOyEKdT0tDdE5GqWOUip78TR2UevnXiEXPwXcxNNgXlF3g,PLATINUM,I,50,94,87,False,False,False,False
cMnlfa4WPtdVkmVYCoQMiWzre05CddeHMaT2jGLimeg4fBX0SYPI-Id8Qjk41YLzd61-N6YNHnIK0g,PLATINUM,I,8,91,90,False,False,False,False
B0bYn85I5BBan0wV4-NHDD4FLFN6IaYX_ymhHKrC_xXKXo6NNfNq1TlVf4AXp_RDetvE4FRiKcRZTA,PLATINUM,I,29,33,21,False,False,False,False
UB8eRvBiPSEdRooUvCwUkoJWabGwNiyq2N0PyKkRA7I86MnVrIoAXCZcqCg7Rj-DN2ayThUvbpOPzw,PLATINUM,I,19,230,241,False,False,False,False
IQ6bPyBrw2mkurQ7X50KpD6ENn-2f3O7LrNkhICl3mvI6CcGZSCjc2637M4f4dMtSzt5ndVkTAfLBw,PLATINUM,I,35,10,14,False,False,False,False
xbPZ3BYrsZZjmAOuVFamaR-myHJ-PlQnbL7HS8PlV9IEtyh6Y97FdnVU5sA6bO1FzCOwB1k8fumS2g,PLATINUM,I,61,18,15,False,False,False,False
FJXos2iIcwbfft6slOP5DH4qEzox-Ab6uoQ-uwkBuYtXHShdxvgDwQroDBZCZLSRoids5izinwleDw,PLATINUM,I,18,255,248,False,False,False,False
gKfZGWA5LcFtSlNNiRFav21YG8A6NjGLolWVzSfC41D0lOQPvzNUIEoxxBgEnU4dW-46rlquJLHIng,PLATINUM,I,6,73,72,False,False,False,False
bYpbFG1z9GYWzh1eZk0bDT16q50wrnIWLc_q-xt6J28Thfqs3LZlJudDHLPe1F0bn5i4s3XvVRyr0g,PLATINUM,I,1,266,262,False,False,False,False
qRtuNG68vdcpR5qkayqXoxbt4VKYACyVuTEOJeznQ0iFRCoJlA2GfsVr_roJBUOxY3dcmvuiWPbYUQ,PLATINUM,I,32,170,154,False,False,False,False
SgPlCKPCaDyk36YLVTQPUwTsSACVRcVbS_BxW7aGMyaTLOadu0yLusMhxBusOIcuT2P2-EMZsqdcQg,PLATINUM,I,8,159,172,False,False,False,False
30LzvLT-HQ7dc__l0zBSP5HWS1Pu-uSaODdzfaT71qgFMl7KXTYh_Gt_zRGiJB5G2ifZ7PDVUUXQ0A,PLATINUM,I,66,77,84,False,False,False,False
ed-ChTLt4AE75Ia1-jRXRKhXnm1XzWrCn-7ffKtuokPfytKTRR34snN4Bfcln8gLPZNcKy95WfpTlw,PLATINUM,I,21,43,54,False,False,False,False
R-8gMCmJCakjRkNPMJIxffRGaggMJSQE-ZnPRd2h4tb3_YPmUGtqnC66B4UuP-SfO08_4Dg9oelSaQ,PLATINUM,I,20,7,7,False,False,True,False
EANBT0MjYHV9OhX9FB6FuT2aIaagcN-sGU2qNYRUJkI6t5m7PhFXcYv7-piBEXyTvevVE4uAJ7MFhg,PLATINUM,I,6,137,139,False,False,False,False
cSUWYPPe3KGBqX7PxDYUroerXDbshZappU2VdbVjCul-7OKU_MiJqyfTkJVUiB2HAlDR8t6RM809ag,PLATINUM,I,18,16,17,False,False,False,False
KwadR6-1zIHuYAR1OS33dEomM24iYlCfJxMkAwRAwe2pOQcM-FgpfgQZL1rm4b1Zt5a0C4wjawn2yw,PLATINUM,I,61,298,291,False,False,True,False
Rzn8sPPda4Da7e_rwH0jDFCWST_4-Fy_8X_-0JWkO5aH-p1YgSghG9zRJ2KcwlNMYyz9nBTW6ajKlA,PLATINUM,I,9,134,131,False,False,False,False
vLeUeklyibRf48ymEK9Sb0KG-oLh6lEcFk_nWZ_p2KPn6XLkxNMeUx0-LJ5AseixAPAFf6spDSOTzQ,PLATINUM,I,22,346,363,False,False,True,False
CCtpIb_yHLAmmtlyN7NV_fX-u5SQQ5dEGOdgd84-gz6JPZgfSDhAjM29UXaiXutGsj029D1dgUWVRw,PLATINUM,I,1,253,244,False,False,False,False
2sOfQ8Lm9F_e5nZc-m2o3e-oHDj0SxFKf8dBLPyF3VkzeyIfHadA5In4wkvtVZOkwBUkpf0IjPhHkQ,PLATINUM,I,7,501,505,False,False,False,False
FWlluhYOwZGxmjp2INNYTplPYVfQ-gdc8ydna5B7bTmdUHulP4cIDoSlgcakj14C2UDuJlTyUZFMKw,PLATINUM,I,54,96,94,False,False,False,True
E12M0D61sYKozDWt3k1GKj_mIsuz17O1OWkEv41wyQuzdJaobRMAV8XXUrEgyMsfItsfqlvs2yonlg,PLATINUM,I,23,18,19,False,False,False,False
PjFkYtu473KAYrNhLnhNAbUBo5Pz5oHg2yhgoripHJE6BLmz8Ym2FMrDI3mfXOBi-ZHqtd91lmkjDg,PLATINUM,I,48,109,116,False,False,True,False
WvMzQn_f5uAatbRjvWWU4h5NhNf2cjc1wGw62O8AoMMAOxzMc7YcH22MUhHPaTJjDjXHcdKlWI4cQg,PLATINUM,I,57,33,35,False,False,False,False
IoSINRopKoA8Fip03WzLK_fuGHRhdaTApMZRBQdeqAKQiju2vGqjZ_g8Mi33jPpPc_661C36Xrmzxg,PLATINUM,I,20,112,105,False,False,False,False
6URXvupFqtkey0fRU5l6BUA41H1X0goTiZTYLpuwov6xp6bzldW32yV9qYuEQj6Fy8nQPwhClOqDgw,PLATINUM,I,60,29,34,False,False,False,False
qjeiviZaI5_HFlMuxOSTKDWZ5CEpuu0gyM5sxR5TLxL3EBn5KqXcGcerj4Hw4pJ81JTWLjP22nlfLQ,PLATINUM,I,74,27,28,False,False,False,True
rRDyX306yDYfgmlEwmw2-_KZ91CbNr5ZzXrhwx61sMNkdKcdMryF3OsStKeWbG5qyT2wAJsXMl3UKg,PLATINUM,I,77,375,370,False,False,True,False
AxWrMhn_1PW7rb4YTcSde6xD4MY5toS_TBn3fDePhih6tWafbIZkQhp9LI1bQ1P1gDv52VuAEcvH1g,PLATINUM,I,38,121,120,False,False,False,False
htIxefcdhAOmzfFo3WhoVPk7UccMLp-JQhd1JpfihDgHbaYuoZ3ZTD7FZu06xxE_AkMDdiQk6lHa5Q,PLATINUM,I,10,2,3,False,False,False,False
L8fSL9qkKRmbX8F6wMKnhJFT74TeRNf9VwqTKPksj6ghPilK-cIYeDus1F0mnnLyRpra2jVYEJ9jdA,PLATINUM,I,51,14,5,False,False,False,True
P1if-pZrdlW4OwPUxt8SKsl3VGVGD8nZ4hz4WZFPCzl1bF1iLwlk-SvY-jdzdQn-0EI2SPiTpaCUlQ,PLATINUM,I,70,8,5,False,False,False,True
nyKK9wM36WXk8dCWqe9xZLZFw5DdPxifEVZ0My4ybxDxPW6M5XoQmGSCI2-yGzCXEF_Nrcz-Hohs5g,PLATINUM,I,4,127,120,False,False,False,False
deD6lJ2484rV6eaNKMtBa5GpZZDHUVgj_yxBdCYyFRQl_ybMvApX8HJ8fjBWOr0TYUSQZDuTc6jmgQ,PLATINUM,I,39,34,29,False,False,False,True
hnx2EjPKg9Jbz6OhM4gKbF1ezui3TBAbMJyz6ANVfEIv67U7AMLKDJVc5r3HICeLFtkpHDSigmvYVQ,PLATINUM,I,1,29,37,False,False,False,False
t1lFS-Kmd6dObPNkVu1T4u3AaJOHpjauG9-Rw7QSIcPfZRJ5OcnqsJ6VMrseLtxZ5tiVZYEGg1_-kw,PLATINUM,I,40,62,52,False,False,False,False
iweBFLrPi5WOrXycljXIhBbiL_8yd3Z5GDpCPVrzEVhcKmBlzz4tKlodcKl7kQS3QTG4SNOm7cwfLA,PLATINUM,I,46,58,61,False,False,False,False
rJ5VXtSojc3KcqV5RlBNg1xew2IXDwHeOSfyL-MuWRi7ZrwrugEswSkuXY_CTeLqQP0E-M2V4AzCuQ,PLATINUM,I,61,9,10,False,False,False,False
bgZgL6pV2DnmyAOjwuM4tmKDVBDjXhStfW1XrT3hpBuzRvmuN6oSpwkzrox950HA6CfiCmp-kD5zBQ,PLATINUM,I,72,33,28,False,False,False,False
eXcaDlFU9HmEuIJ74D-VYSFcI19aE8QfC4MNodWxik3Yj19qg8JTrUcKuSZH8K7ThlR24LtPCGHyAw,PLATINUM,I,75,97,97,False,False,False,False
jNRvzzZujrqKM6MoGx_F7s59psYhrcEKkIc60xuIi2ONNsJdHfP0xQvZ9NOK84TRWg2HuCINFDIg0w,PLATINUM,I,6,57,51,False,False,False,False
a9CcTJpPhHMG46vhG4axGkDGIUfRbTtPo49JY4pzvMiUzYI3C8_cYy-D43VbmgTHXjAA0ishA2o7Rg,PLATINUM,I,54,70,55,False,False,False,False
_MAHrt7B3MybeLSiit2SkAXakGpAYWD1YUvV7zTd6SRVJJBd0pb9oAI8m3Kc1kjZn-5D3zTHxd3NSg,PLATINUM,I,37,116,116,False,False,False,True
xvvFJmpe1lmLOFr1CASXGyFyzxUHkiLGPpqRyweg2NDlg94qEX-aWcsdzer0SePEWvq302TouoZZqw,PLATINUM,I,48,56,64,False,False,False,False
A8x2aIDv4jqr3jEU6KGc0pDQ6Pp-x2A9Xwuq02xG2ISMZ8yywD2WNx2j-ZGfqc76p3Sy2of5H0Zi1Q,PLATINUM,I,41,15,20,False,False,False,False
pCaCfUwbOOiQ-7eYaUZmqXNk-LozUwyTKIPuBh2ti8-f_9BXqZ7t7JIDSCD5hXKTr-3WZ8c6GzORBA,PLATINUM,I,34,147,136,False,False,False,False
daqTamTz4nKve1IqKf2lVojIucvErwEda9J_zhlj3kl-b6lE3dG99k6xsJX0QntK91pI6xuKSgyR8w,PLATINUM,I,35,25,20,False,False,False,False
SZv1aKJzhCcjAgzFsLNTVQ_wlTt_20_G2FV1vxe3p0HXHkBGK2OPtcmDxU9ZxPHj1S2aLBDq3xIGfQ,PLATINUM,I,55,5,7,False,False,False,False
o3dwDG_XIuU9lwxut9ydEyf0xrSD314eod343ylb21EB6UM843WyEYySAl_Uy-Fbz_3qNo5Y2Rtz6A,PLATINUM,I,51,37,30,False,False,False,False
ohr0fTUb94M8v53FR8p3XZbjsZrUE7-iFkqaIMSlLrpaHy8yjWSfNIuqgZApwNVnrN7i5iZ66eidPA,PLATINUM,I,85,11,12,False,False,False,False
x3K0i55cci6F1DqJN8p_yhmRyewnxNjVoHwMbPdtw12E7__p39Aid5QKAS0In2KZPZguse0rpqvhdQ,PLATINUM,I,37,177,175,False,False,True,False
qtJUEIelu-A0qDFZLtKPtCGPS2JDBfqVtWjpz4DrzyJh1jESUnQHYQ5EZt6pqTuajq-RGfa2nqHHBQ,PLATINUM,I,37,5,0,False,False,False,True
Cwylx3PGwoP43wr5v9QnvAAAE8sSvqkngNJ0TMb12MruvyYvhQW6iGA9ZLHWa60vtthJtcpZwmzRRA,PLATINUM,I,55,3,2,False,False,False,False
5QaK6a1iDUGrMyTqk39b38WMHoQuPFMCZZV6fdhyKgTiBIBaVJM_NFiH7ubAgljaaGyVYhYQRFM1bA,PLATINUM,I,52,164,152,False,False,False,False
R_HWo66pcdkkeFZ0kHMgzbJhZ3CeNxhy6z_WRyMhHnkhmcvK5WxH7lZzV8I-CDvyUPYKVyhH1ydGDQ,PLATINUM,I,98,48,22,False,False,False,False
zw3sNYqFHSwIIt3aWngeQMu0d7kh1_EmKSN3jMM3WLdnA170TBiMuMPoTxd9K_s1L7JTzaIhSS9oWQ,PLATINUM,I,46,113,104,False,False,False,True
XDGlemGNytnlJrACgYNgLX_9qkb9vLifeffVU5UUda3KiOl0fxqP08XR9PhWwCOVuwZOyojIdhncRQ,PLATINUM,I,37,41,44,False,False,False,False
ZfPTRBgv7L4aE25m2NJZBymRxbuyTVeUuuh7G2nkiTX4Ly32YcFjyD6jKcx4tKPtKypclNKroTJ6Sg,PLATINUM,I,61,22,23,False,False,False,False
-Sbi0pnDfuMBK1_tuavlZiZr1DrXgto135qeqV6jCcRLRgSSXXu4l_4z2EF1jJ-pXrHAYVwRhB8VrA,PLATINUM,I,50,72,61,False,False,False,False
WW0SPM_JM3T8_ZJkmP7pKs-CaunSc0sRhGLt_8uxSSXjowVDBVvyAvjA_QkbUT_RRP-9V1HJCgQJvw,PLATINUM,I,87,42,26,False,False,False,True
QuObUPeRv7x_YEn0kmPJAuehiwTrG-9Nwld64rv13-FC30H9R2lgW8InFNYaMAUxIYVGBUWs0jVn5Q,PLATINUM,I,11,17,17,False,False,False,False
Jmyu3GOJ4mefE2HLJb0qENEIySIeXnvTJO_lj6oSsxFbIygTVeZ3CrawjAi4wEA8yqlYEc63Sd6Bow,PLATINUM,I,28,304,295,False,False,True,False
h2MRhLhZjjyU86h4l_D8V4x_Nh1pNBw_43ccXoMZjkm5yozldyI2yWan2aCGF7AkaCLmsiGA09TUvg,PLATINUM,I,29,212,193,False,False,True,False
3o7DO43KS2lKdsXIpBxrTj2Y74C_BMRIB1xLrSFH60OFtGKI9RXnEjWtiF3m2wiRrrwjLemoymUVIA,PLATINUM,I,29,19,13,False,False,False,False
Leyt4qOMbU1MDm3hF_uj98zG3Con2HPcIbOUyWcnVoZ4FajJiPHmAV1wVu6jXX2e4F0df9XHPu4v7A,PLATINUM,I,33,27,23,False,False,False,False
66A0JZh50k4V62fOveax8e2JzZPmSIuTK1QPER5VAJ0BcS7LbUAgZ8RSq--lcr7879XEh2rS3MH0CQ,PLATINUM,I,60,41,34,False,False,False,False
TNI3iAuh1KQJ7Sy8ESJBI6klZoHcYkvU35FFnHvHjFnlkeAhPu3utITs2FG7ixUngUmtY6nYN1K4Rg,PLATINUM,I,35,31,26,False,False,False,False
3qMzWsumKZUZbt-1_rTs8YUcU1752B7pL_5-PEN4oyqG3G1IXQCVMUnhzPK0Xh8-8_Wj7J_A-ZP5ZA,PLATINUM,I,71,190,195,False,False,False,False
7JoOhjjYa-0ayDA8xjU20LGC-zplqYhNdgTJctd3XZ2izEgb1NRlsEFcKAxchc4u6Tg9s7hTLmVS-w,PLATINUM,I,1,94,96,False,False,False,False
_EcB3V74JcJv_zfwzmfNOcbw_xqT2f-rRsG4fcDzKvMggnl4_ADSop5AJGcL_pF4aQ1SWiqQQ4BI1w,PLATINUM,I,75,25,23,False,False,False,False
HAfQWQ-WTShn6Plhs_oJjnBh1B3I3ZvmaOFK12-zQ1Uudid3Ufvmqd-fPOlLxqalBW23y9UF8eLjGQ,PLATINUM,I,50,126,118,False,False,False,False
wkxeM1NKi7jUsvtTjTbZW87peC0yGohnGZumcCPiqdoluf9gHrkc6-gU0psyMhpn8FTygK5snCTQjQ,PLATINUM,I,18,291,282,False,False,False,True
CspFRKkHo_mlCPbVwOXfSEtPyAP8yqUkUvEqaRrFCpxx3JO0tWzWlY1dQ3kRMLWwmI95yTHgiz8eZg,PLATINUM,I,49,27,25,False,False,False,True
qjey7dz0o26B5jA11yZCA4XTlMOxbCnSCKj3ctti4OivsQ9_xDtwN_TyWEgoXlO1J41QaJ9W5txB6A,PLATINUM,I,27,233,226,False,False,False,False
EQGTO6rfUtTgRCFsJa7bStjlPbQmAxEoIAR8f1pIGuhWKl2AHamhieSecPqkFfCUVtS6whdRc1bBXQ,PLATINUM,I,42,36,24,False,False,False,True
Gke-EYBeXSSXExELp1zS6LlG5j-K5Wxs7qj4rM-clABsIZSnpVJPxWe1wComui40Xu5DpqWGn1RqSA,PLATINUM,I,57,12,18,False,False,False,False
auwHLS7McTlFQBuzHrlcMsMSux0Vmhmo4HKWeks4ypWlv8NjjCVgDnH2A0YXRjRCuJE0pVg6b5-jMw,PLATINUM,I,97,4,1,False,False,False,True
VClI-QTRbhgkdmizwV1Gt35kA-CzFHa0t4HE6dIf36RoqtKKBUMolWAkqQm8bGeWBm1pf7v_D8r7Fg,PLATINUM,I,0,3,7,False,False,False,False
thqMg-X06KOBTlluru8VyoqgjyDMjiaQRCBVVq1M2k_YIQysG6fgR2puqp-nKhplpcC039PJetTNLw,PLATINUM,I,19,141,123,False,False,False,True
YkurIdiOPeE5ZucnpDlsrNPgDkYh9u7BiBlmN4Vnq0Zmk2MX2EotiM-J3PDzScgzWTH6dJooob7fGw,PLATINUM,I,25,42,36,False,False,False,False
j6gDzzGIN5TPXq-CHN2YOUdM2mcgRYozz_Jy8rVbwQzW-NbdiCJnqh-9w2MMaVpY9khtyFhwT4JSCA,PLATINUM,I,30,5,12,False,False,False,False
tspvUbgX9mv1P2ytOhLkrZsw0dHIOR1U_ar5wENlh5t34pWd79EfwpYTtOlBxNRzn9dieNgAdz8z1A,PLATINUM,I,13,19,25,False,False,False,False
mKWgQBhi-7_rti_-fjr6u1jW8hXd5BuI-sXxAB0DAkwuG2i_7D7k8G0Irj-paut2KW_NagAVvFGlYA,PLATINUM,I,65,82,93,False,False,True,False
hHDxZDT39ar7dLrR4izYBuYT5025Nvrx9LZcjfdDO0K0M-QAfZyGGjQWyOLF__QRLwc-T34jVLAMTw,PLATINUM,I,18,200,206,False,False,False,False
xe6TmMKKwZsxdO23m6cTzRYsJwV7QzmC9PJw7Zwu2JCgtvYRtzTOOEaaRzQtBBeI3FPZNmZqSG1_aA,PLATINUM,I,4,73,79,False,False,False,False
_FQZ8RopfU2GeDs3ypuEWEtEELAul3ObhBsIkAxp53y6lo9Yujzy-TkeOOygmMilmZVSU-NgbytQ0Q,PLATINUM,I,67,207,197,False,False,False,False
ulg8crNEhZtPnm43zAL2bxNAmsMZsWTbtOj6XkZKaVdmx2jJsC1fpGhEIbAcPGTP1xxMoprCqBBogQ,PLATINUM,I,31,13,13,False,False,False,False
0kk47xjxKMDHhYC2VZN6V0e3QjvvNNo1qBYqn3K7NoqNU-bfToFkJHHld4wxm0wqdnc_K5Wo3Nh82w,PLATINUM,I,51,175,164,False,False,False,False
CG6TvRe2dsatTjPjwkJf0bAJmqrTIcfSrHvHEP3eelR9epsYWvHRIQz98laUdpmrXjK2mxxlQn0Now,PLATINUM,I,10,3,6,False,False,False,False
fYsyh4Q8sV4g5XK_pReNZ-kKH1yCLofNXyVYhueWO6XvvJsh_68pqq6nhxUOc8iubxPYA8j5mz5KqA,PLATINUM,II,91,15,12,False,False,False,False
83gQjSZgEQ6IRw0PCYTLvQabw8pTuYEQdnQ9cqp7YV4QplaIm3rJOAVPR_0ZxWIS3y7bTTTvpgxd4Q,PLATINUM,II,88,59,67,False,False,False,True
KtU-mVFdZtEvsWZrqS6BPaWQr1dSN2vMhDIFj6M5wjrhOFQe4gcTskIfnFxUEVX98jWNlVP6yyIjtA,PLATINUM,II,95,18,13,False,False,False,False
MO9lF-vwosdP97e71ynC-bA3YgNyla2c5itR5ktP4wZOqdd-jiKFXAlTeTJPKCbGtTlC-eo4e72tzg,PLATINUM,II,47,13,3,False,False,False,False
VuTadorxlGPsk4GI100ylomlV9Yc2SyWP_eWXGd7ZEzWclM7MNx6ki7RafC6eajwHrl7w9JXRnbm4w,PLATINUM,II,0,343,339,False,False,False,False
cUBWvfs47ZX_yctPghaXK6uUOIvVDNTAHrn5Lc4fuzDmRvdRFNNSTA5ZuYxBL4tRtW0vRc5t1xaVpw,PLATINUM,II,87,79,74,False,False,False,False
6AnMIPFQEUGWBUA9FNwQ6lBHhP-Ea2p0J4TPfJBBCQhZ4-8WKoDGjC592qwF3hfP58U03qLCXcU3sA,PLATINUM,II,90,87,77,False,False,False,True
tzJ-TM39BfGp-i2dJyETkYa1Nm-0dMaWlqmiWKOzbwhAO7OOgjIlJmG7U6LRugZynfT7v7ifK4XDaA,PLATINUM,II,50,32,17,False,False,False,False
BTMW6KoVdofsvZNxKLzh_kGEFLZv0qQVV6qeiKHdBUjlmo1N77DRj6Xcz94zr7TfTR-tPG4-9GFcCA,PLATINUM,II,50,6,12,False,False,False,False
YSGE1neydS5eIFOjDRpxUtsHzy1mcSH9C4WOqN5Se7dWGeO9oihbhhlyQsAC4CX5HwgB9y1wIa--MA,PLATINUM,II,1,12,9,False,False,False,False
32mNSKO1LIvCsp22K6WOMILal4i9EEiU8uQcfKpRLfe9QQAM0ak2lpUPJxlZzL42klbT8wvQqh7PDw,PLATINUM,II,38,83,82,False,False,False,False
eUcWMEc9nCaJ00sfe298pBmnQ0FeSajcInnLeQCTNCMShCRsAtMak6RSVXp5fQ0TnfdOIKWJ6pbUcQ,PLATINUM,II,82,149,148,False,False,False,False
Aj5bn2cwDtIO76o-p9OCKmK-fouzDGB_QtK6p4qzYE9mU2X567kHoMHcBqLplQo_FdA19yz9n1DvTg,PLATINUM,II,22,172,170,False,False,False,False
HtXhUxWxFRwi7EoO7CoB7qgyqH-jwyUJ7_uzlpwWJ6iOud6VrM-WO86Z4hP0CR41qiIz3Fcyz30USg,PLATINUM,II,65,9,8,False,False,False,False
VzonpFS52XMMNfZ8mO9EvvEQDJC-pQ29uxLc42TrBo7Ysg3O0Cmshlafzz6tTIsugJcAUeaFq_kyEg,PLATINUM,II,32,111,124,False,False,False,False
LVE--V9TvgSksoQqxmbDb5MAmadNuk70-znIy9Xc6VdrZKDOWlzYieg6wsFHEZlXWeoqJUjuXHPE2Q,PLATINUM,II,24,36,23,False,False,False,False
tAwhouMn2aVFEUwromx2GUSjkgF0ZEiPm02jwG0vBrMmKRniVAn5PviU1jpY2aUs5aXxUtaih_3gQA,PLATINUM,II,74,56,48,False,False,False,False
hRo2NPlp5XIXDYITcXJHshMsHO6sV5aQkErmYMuhYhgYwgluOQYIja_GhVvcNFeWymprQq3H-MXhVg,PLATINUM,II,21,32,39,False,False,False,False
uQLGpBjVZ-zZoWs_OqOf-thC2wfu9LxGYVWkW2aCB1qINZhkkoK3Z4VQsthXbJGxpGUhZlN4BNMmiw,PLATINUM,II,11,11,19,False,False,False,False
1swQAXm6Nnkhdt5DEj82jjWmCW9Vdl7dVfkctFudDizHa8Tuxw1Y-4vYAannt6B3KG-sjuTLwFojcQ,PLATINUM,II,77,90,83,False,False,False,False
Qgjinq37GWC_hbtuwYvB63H6niYH6bjnYXuhDJmp-6crk_MYSQBF7ZEHcBMnB58Geg7dO2mTqol0CQ,PLATINUM,II,17,58,35,False,False,False,True
n8JPAdKgBJFZPCrBPBTZ19yaz7H2U1lyHkmWfmAOfGUWCkEFH8zR3lbsgTHyFUV9VJkCzfpCXmCsxw,PLATINUM,II,57,53,47,False,False,False,False
tSvekRpx9O3tLapvecWDEt-Sz4HhHNW3mKMzRayDLjBtXmIzgwK4bC_qIxcTY7LN0lB9NhUiHuntug,PLATINUM,II,64,167,153,False,False,False,False
uKZ8UZciAu0sdHbQ8fDoZe7OTetz4L256yCxJc9NlpnZJdl3UJqapZT0rcq1N38Yovx0cIiY9io7Bg,PLATINUM,II,59,146,128,False,False,False,False
lNZLIADtN2YSdKQNbtUQnASe96Ckogm2LqtOSs_1cblaqq_lrceX5W-IX1ZrLOvdkuIhN0J6D-Ni9w,PLATINUM,II,20,24,29,False,False,False,False
qV19p26l3j1tmSiShuYKmFUnnVdsi9hL6GsJbpStoWzbCNnemTf3kMNnfSk4DXtd6T6vVW8BxsW0fA,PLATINUM,II,99,262,242,False,False,False,False
dB_7ZoEeRBzkpTYSd0Odn99ejKWwohUY3wcPCSVbT9C-H24YtRLu_l4a6-AVIvbwoLHj1wBUugerQw,PLATINUM,II,2,8,2,False,False,False,False
dXMTcdbAplvVh_5jUpuWOiCi9FySgXCAkqQzr6Wge169IWDqVZJvmCS4KHTpB-Lu1Va1QIb1SuzthA,PLATINUM,II,27,219,226,False,False,False,False
DW-FT29pFqDH59OlJVyBP2r06471ACozpEZnCl4RBOmAiXhAbj-_YHY_wO9xtBm4DXXxyJ9vnqglsw,PLATINUM,II,46,85,95,False,False,False,False
Tw1XRZ5n4PKtw84YHEpNQQmUVuntBDH56r6AeBODtnNlRAKFefxxCfOnv_v5FJKnaFXf0wWLQ1cjgA,PLATINUM,II,8,44,43,False,False,False,False
h9FE-NOakw7VfKsHsaektEWPrlfo8K6Oxg14losuXXjo_BHTCr3Ksvj8FcZXpP_j3fVXuH9zmT1Apg,PLATINUM,II,26,33,29,False,False,False,False
hSMVHQIojqeUfC-0w_NXKBDt51HBY26RwFxbJwhaUFiRkZbaCd2m-a9SOJz8Amir1hjawkR-vQXwvg,PLATINUM,II,71,39,48,False,False,False,False
evMs2C5bXg558HCB_lkPy_D60VDgSO5OMaGwncymYo024brl0ePyxd6WgZ6Un3jAp_LLswhQXbpkfQ,PLATINUM,II,33,39,34,False,False,False,False
5v6exhnHFWaLcnSYtJryQcLb99elmbzAUEoctDBohskGO5mrbTcSL94F6F3MKXyv5Cae_o_3HJsb3g,PLATINUM,II,71,9,8,False,False,False,False
NhbDpPJDCyL9pJjmKNei71uSYIIE0qNp5yqjnAZSWpprvv2ll01ili3fgs5HyZucU1YFA7kanAGxBg,PLATINUM,II,18,37,36,False,False,False,False
4mcXwTtpl3Wy68Rn3evI5398OTsRhepY2CftQUR1jCJg7lj4Dat04AEgElCfv-4a6lF7MgGBXNXaJw,PLATINUM,II,79,184,184,False,False,True,False
jTqpaxHnmT3rdAGyAi-bVwxLCI1DHzWrJCb2H0PDLTbRYdHFfEGrs7oSBXHR6aPEjF_PweskFFkqvg,PLATINUM,II,35,16,13,False,False,False,False
Ry03mjJkyzFMisKVV1jT1ZTl0gJ1LxzR6c4a394mbYX0FZKj0QZQgYpbm5nB9rZgfAL4kHhGBDjZ4A,PLATINUM,II,70,104,106,False,False,False,False
Grlz1ieHf987IGbks-j7BwBixF5XWwWBzg0vo3en2S0mLqBaK2g3ohp1FeIN2CuHZXXF6lYIBCfmAA,PLATINUM,II,32,6,3,False,False,False,False
1-MHXcpBEhyPBNtMlpN_oq5NntquPkVGN91mXiQKNZpTvQoxKZLPhs0RKCchhtx0GhGeKOyN7tGIFw,PLATINUM,II,75,56,52,False,False,False,False
xqQ9Y_DWz-f80M6v7d5XBIj1Q5S5ETUfKv2vyT43TLlRAQsUh0GdVrjQPajvl5VzyLEUHZeKCzOn8w,PLATINUM,II,92,86,104,False,False,False,False
0InIhnEMCIEU3V_r_OInisc3lhqWA-hNyttIobFzr5Qw_axcl7TAGdRPhqREr-rC6WNjjBuNaIbOhA,PLATINUM,II,2,218,215,False,False,False,False
IEhBc36GX-f5QaKkE_wRjEX0gyY11lRU5oVF6SpjNrYYyUiw-mJ7nNVmfEfZQzagv63BqBRsmZmt5g,PLATINUM,II,40,3,3,False,False,False,False
AOpxZ6nQbRaFvUakQrWWTWMsecy8vQ_IjhXaQgw_JScWUEjQ9cQ8tcuaKD8NBeKPfM4VEB8CE26_9Q,PLATINUM,II,97,40,33,False,False,False,False
guMJx9ESB9Yjn1suPWpUOX6It2n6WfMyJqim2qQ1TLfmXu8wEmjj5pd7dDjZbz0Tplfhm4pK8aplyQ,PLATINUM,II,43,73,60,False,False,False,False
9yGHtt38ItjEw-c1n3qYyewLpFPMStn2R6gjybh6SvZ_xQCtiacbr172ise7xGZ-QmDSMEiRTh3GtQ,PLATINUM,II,52,87,91,False,False,False,False
mgHFgzLbWwSpXhHTlDK-_h25dqVzs5w2nrfHOyji7KB9mumZjTUsnE1WSUnbgI03C_N7snaUirs4Kg,PLATINUM,II,19,79,88,False,False,False,False
ncTPPtZowY9pNsYv8gOLf-b8vVw-GbrcpyQp8HueYon0AqXkajRwvDwLruOvchOnUiHYVCX-E4LVHg,PLATINUM,II,47,10,4,False,False,False,False
3BnhKKeHtBVd0AGzCsjhnJxmBc3ANQtVIkeW0MC-jBvLHHprNb2qWYKwR9atnWk4SV68-e307pXuHA,PLATINUM,II,61,245,268,False,False,True,False
vqc0rhm78xiPYC2JLB8S4zVrK3cf8DFA7CeIPgncPnpbiR4U-2xfNuUULqoSDSyJeUnbnVLq4zvACg,PLATINUM,II,83,25,29,False,False,False,False
seyNfCAytplKatzx2Auh1bad6ezVF_rvHXCciBLp7vMIZtLwRjYsx01mHPwxjqVBgWHi9eDGIYBjZw,PLATINUM,II,31,16,12,False,False,False,True
Y_dVhb2KlvvU3SIFz3zFJyJHRDsgkCv5a5WBtIo_j-lnZVIKEdjA4xt751esg9_hHvQnCNrpt3z0nA,PLATINUM,II,58,86,68,False,False,False,False
n-whHkIolBSEFLZ3KM830MsPc7qO1vEcaDE5M5SeAxpLwqgtnlAL5EbNPqQD7rQJj0VebJceTVc1eQ,PLATINUM,II,62,17,23,False,False,False,False
cpmJx5dErWt2eY-ylfSIl5-GuxPaDugbZ11ikKcL6bXt5zfIY3Ij_x0fKmVdoFpUKruiANuxnuPWNQ,PLATINUM,II,21,19,21,False,False,False,False
Maz73w5vDKQh0uAoRxhAs5-7az7c8D4qNUxpmZ4c0sswwwJCrrMwbazbzWW_bN-7lJi5qrRHwNTqMQ,PLATINUM,II,8,83,76,False,False,False,False
OsNVOg7O1IF1XSwZYlkALl0xkoyBxQxuiOKqFDlrYQiveTJafJ_JwO37nwO99kOX4LewzLczoAHSzg,PLATINUM,II,57,65,42,False,False,False,False
8TSJXXSgbBv94WVg6Uhzca5J5iTNDWy6hzxgxIQ3NoiMLOluhpO0TP9X06BmeHob0LpwRaR2gkssig,PLATINUM,II,94,150,146,False,False,False,True
0-pfgHYnKy-QeXxNKq4fHbY6_pRpe8gbgrT80X0JrwMym7oSBI1GSJG1sa9b1eCfIHPKmcY7rDWW1w,PLATINUM,II,67,15,7,False,False,False,False
uKsp6cD4Tn1aWYD33r2sM5TzOicofxbA4NY7c-d0H0WSKZPsWMA0CQh1lbJOF8PANDlRMi6-UnIh3g,PLATINUM,II,9,155,174,False,False,False,False
E3cCpFlUyRyPsyt2zykPIXj_ItJ_cHVC7OeTcfwSjCyiP3K2c7QGG8hkxNCeuEDj60NWWsTxu561Tw,PLATINUM,II,20,186,183,False,False,False,False
QRcHG5c6kCQpPALasqwsx3awsKCvAbkrqyNQol9uuDqHYF39ygUqqJgGT36MnuXz_LnqI9Ja1Za0yg,PLATINUM,II,4,56,45,False,False,False,False
qqNg5SZWdDNFZn3TLeWPHyj5FS4FIPkYchzB2NF7asPU7Vqsd0F3BkjRtNmwyxCjYvI1XpFLr3qvvg,PLATINUM,II,32,41,43,False,False,False,False
bp_vW4Be1y8t4ZztlVo9U_GpmkJR-bYsI0oMPRPvdjXE6PH9Y5swZNeT0J-ohwFDiRyegOvtTbepTQ,PLATINUM,II,72,29,28,False,False,False,False
jTNuZAUw9WTr5HZYmrgxmISUBCHxmOK_dLsT54NfjlgSbNNJaZXXZqZ1-WrREFoIJG6_qW7EOCr02Q,PLATINUM,II,40,73,68,False,False,False,False
witxfAhgb7CbwEv-UnmPoD1gploRKb1kIp4YZ-Sjo67bFtItktVilnldt0qNs0G-JKMNt46LOarG0w,PLATINUM,II,21,33,23,False,False,False,True
Zbh9_JkEYuc9S8sCIBcVHEeG5pKFKM3yy_SA2rFxhwuS18cKOq2vzE0EI9LlcXw8OZ42kA09E0weJQ,PLATINUM,II,79,56,71,False,False,False,False
JxG3uDzQJR9zTL4HEividN0ss63zB7vMyW2bN0xwPTlK7U1l267bn6oJHZx-TNsjY8hN00_IT8EcRA,PLATINUM,II,19,320,294,False,False,False,False
1wLpG2NOdAQhhQxRhkvl7Zm8LWK-Mv0OIkv2Hmx4izuR1YJ_6G2IXe50PLzr8Jv0P5DgQB5I17X5ug,PLATINUM,II,7,125,147,False,False,False,False
jqpahW-bV6LBGRbkB_sc_FVxh3p-mePCeiB0cjMYJBzGgrBamijGcTkB5wHUcuucSsXN6IJ1Xyi1KA,PLATINUM,II,3,23,18,False,False,False,True
YXtpP2tikrgeC7g9ZI0TfJq2yIofTzqV9IhE4CbONhbkTQVOL6U_dwK4j2yFAJOt9O8V651DSDuZ3w,PLATINUM,II,39,68,49,False,False,False,False
8HnHpFgG5SfA-ZTnz-Oh_R8CybQnItpkR8mV7HbW9piRf64JkvzeurVjY4ovFdaWiXt6IL_1P2O49A,PLATINUM,II,25,52,56,False,False,False,False
yF6353RNpjsJkbDU4g392DRRa20fk4GlPj-ABo1Ji8h9xbpofkyzWwqdbIiPOPTA9FRLstGMbEmUng,PLATINUM,II,36,129,126,False,False,False,False
GSpxWSYjkqukxHgak465wgbjFLSLKKqRDvWsJ9fbzqc3EsPma197fogPtAquqNCXTp6SPXj7jNEXbg,PLATINUM,II,83,38,42,False,False,False,False
OqNB1EBkJD-CiUo3PcxYF6OvtOed9hpSWkR6FSkAsOUgHt14FBk2DUbbFlzsl7RZMwffAG5pC1E53w,PLATINUM,II,45,11,16,False,False,False,False
6FcD1K7BhCVY49YkcsaWmSslM4iM6rjOfOSamqU3tjfZIVkSXoy75px9Vjsy0KXQLL-H0hUaMAKeug,PLATINUM,II,68,38,40,False,False,False,False
mUukngvw3WfG1OCfqcVJWeFJMVMQ0DWwqpCPiH-zAAfgeO_7JRFn7rL2CHomoV8Ar1ap8EcHExKL3g,PLATINUM,II,80,209,215,False,False,False,False
74KarclrR2PjiN-nLTMw1LDul4Ge1qW-oKDfwubNyWGaKjLhlLSQnLZkumjKReEF7fe7CklNZokfZQ,PLATINUM,II,64,84,72,False,False,False,False
x8Ughc45Iyoi_7ykYZ9YOlPcmA7fqCqWK6ZU-bkuh9b3FjhEf7lWav2PL3oLXMldpg7HLXpwCROtCw,PLATINUM,II,1,71,71,False,False,False,False
R0NeGRV4uD_8O21Kl08Eq2h5Rmt7JEWfejGJz5rxrRzDPbUDMT9Qh_WeO-ndjne9guhKYqG72EUslg,PLATINUM,II,73,45,33,False,False,False,True
bDH_rR7b2MRp9Ttx98-EkmFymykn51jJvdcN4PnDbPMsiZ8kG_bd9pBd5DLjJD8TQ70arToHUvCjQQ,PLATINUM,II,81,52,50,False,False,False,False
IsdZmVVAzy0m93gkUA9K8uZHKLw6LduOu_Xl9Zq3ii-qAwnH3vKvrcOtD-H3vg9NO4b5IREVhKzNog,PLATINUM,II,15,12,13,False,False,False,False
QSbWZdLbEtZF42jdBhOWK1zJsDtmHxqwe8I7k1gIGJcgad2ZMw3qSxyk77TELmx8hT4Tc_OlqdUr-A,PLATINUM,II,24,166,172,False,False,False,False
Dvhe426KUFoUsLE5Xn3tZECSAb-8zrQChMpUzRo6jnhHl8_eQWiOp_IKCf1XL1qHi44HY2162RUAsg,PLATINUM,II,45,3,3,False,False,False,False
WNcWs_KuCxQi3OSjxYTpCIiEX28SgR7wECdrmP1t3ByjZ8FydauGX8gGo4kv0LgcyYj5HL2rd7ZCBw,PLATINUM,II,9,74,69,False,False,False,False
Vn-VPsQXlgOfjn0UhZuFpTDkzpihHeADHJiv86Jw8myUEB1qO25eG8l6iDsHLvK6d9lTrshGjQWlrQ,PLATINUM,II,11,31,21,False,False,False,False
-gYhpCcarFfJB1sB3UnkCg-z-f54Jry-f7C92ZwN8koLFyZI1a5bevsrBqp0vS5TsNQkZhLb3bcU_A,PLATINUM,II,31,11,12,False,False,False,False
Zz_0RgqrlvZLqHXSDgnuG_f9DiSFeWCSaaqRWES9zpcDWB45AaZ2RaLM8jV13dWwFIxKz79vLQcQ-g,PLATINUM,II,27,13,16,False,False,False,False
f2s0t8yEpaIbOoLujhGqQIz67J5_6FN5BvhPIy9HM3jkvN5g87VF4dMa-531pXFOfUE1Ks__BUDG0A,PLATINUM,II,62,45,38,False,False,False,False
crkrnkiZmN-6ngn2pzuQUebfr_-XD4tAQsNCHEs3j8W3nO0-STYuu0dxtVC2Scel-uvFQQahek4u8w,PLATINUM,II,43,221,209,False,False,False,False
ZawWXvtqJuFkQSK0a2MZWo5GpEZ_1ZWKa9cJTckCbOSAz7K8Xh-qUpBVjDEXEQfH1yc1EZjRZAzz6g,PLATINUM,II,6,17,10,False,False,False,False
JYs1iYC12mTr4jbSLlWU7SB7Xc3yvfSZcM4PXIJpGsVrnA5VoxaOhjNZ1jip1NNoScdLCbHAFWuGQQ,PLATINUM,II,32,23,30,False,False,False,False
hgYTTrzo8Tg_Z5FQNCNMcA4Dn6EM_uDnJLhwyAMP7CV2uMzkTWyrQnCNsSbYd5ZdZFKcOnQWvO6MFA,PLATINUM,II,29,98,84,False,False,False,False
Bdttewm_A1rm4xCWn1k2MIE6vFb7tkk6uiTgObkVdzxCBvOq89BCuDQT_AmffGw06bS5DKCxAd0jxQ,PLATINUM,II,3,37,27,False,False,False,False
Lz43nUnzfZCxzi7N33_HBB8DLOjfyO6LhcFUgKltptwgNIcRblAhIg2u9rW5e2TMdbUaxO1p5tg7GA,PLATINUM,II,58,83,81,False,False,False,False
bbzY2MBLNcd5MIAqsDONYW8wNrkXD8Ub9vjXCSewcRpXXJS1QlGos60CEW9lpimJ8imAKds4ExpfUg,PLATINUM,II,60,50,52,False,False,False,False
DiOuHFCRGrn9qdyXIUfX8CBAc_jIArRqkF4lCxPhTXC47hvVOqTiWIccU9Zx0lceBfxKX6_d9YTyXQ,PLATINUM,II,49,34,23,False,False,False,False
m5J-Yc80PR4mQE9Gk_3fogIwiVsuXSSjimq8uk-2MfdljEoIDEu3S6ZT_mfbhFbdF3t5zFrEEQRdzQ,PLATINUM,II,60,5,7,False,False,False,False
154X1RsZdyCjVnXGcyFugsBA4iFjYQlgI59ff3j521_4QbmzxFBJqfzM6MoIj0rsTehun8S7ES0-IQ,PLATINUM,II,79,174,155,False,False,False,False
uzuAe0uum4_HKATG9gSLQcKmG2HVitmx_lOAuEKt1MypwM0QEGKteZDW233vwye_0ZRU8u_w_KoR_w,PLATINUM,II,15,81,83,False,False,False,False
xRPLQjKfNbE2PvNarFuo12t1DavnG1sbYCfCc01m_hVWqO7Chlxd_-bnrohq_kDa4E6xCUdITSIwEQ,PLATINUM,II,82,17,12,False,False,False,False
BFF-n2HbEm7-eDmFSBbP3cluJOdJUuBfBG5YgL408HyikrH42R5oH1Z2gFMZ5mIl_GRITYxNg7d8Mw,PLATINUM,II,63,61,47,False,False,False,False
J-GVxw2KbABdtCtRXi3Yt4xehfveaADlZ3Wd7A9ZFF00zeYEijffXlYy8gaHhfQjJeFYCGYVN4nOeA,PLATINUM,II,6,39,47,False,False,False,False
Xrq2npjlu_GindEUh_TUILL4zYe5BMEN8IJDFFgprwKhngKgV6exIMhnRuunrPXaOVbhn5gVPGDkrg,PLATINUM,II,62,63,77,False,False,True,False
t5Kp5Qjg5n3YR9QRKiNAkjNhBW8trStbS3OiIytNcnFQOE990pWVq8DgSH3nz0s-SVGzrXwdO6OUNw,PLATINUM,II,74,33,38,False,False,False,False
XaikGViF-YWh3dYh5vQ1w-uG6PQv_dpfOeGgp4sZ-3RAx8x5-_Rh915BK5JIbSb4D1I5mtpAbGsCiw,PLATINUM,II,87,152,142,False,False,False,False
aD8aqBbwSXe4HiUYUlgzTdUXdIdZ_j3OtA03NiVvYsmR91z4uk0KZwSbp2t-ot0SEGZNgruaqKt2ig,PLATINUM,II,65,110,105,False,False,False,False
wi3nWspbPUuE9Yb6RdF-wDHi7Y-B2JkqriJoD4kByO1vdtY9N0wW9J_6k1aqFLMfKQI-Df8DzarMEQ,PLATINUM,II,63,266,254,False,False,False,False
7Kg4kfHCVQTHv6wIjT_kQLHdNbZze8Hg8-StT_tWm5nz4jO6zXE5kWARb_Djlf68K3Jno3IAdpjcYw,PLATINUM,II,35,8,8,False,False,False,False
eOHAgDgZeFSh8L2FVM4-WD8LJZcZURDxB0RhuNmsTIeOjMIg__S5l7oqwBH4wrxAyHX4NagrHLQ3Mg,PLATINUM,II,51,25,24,False,False,False,False
mdscUh4So5bMxnYWmvMMDQl1_MeEfoGV7gXnJD89AmgEns-IC20pxHTlwBeKX1NLGqUhBcZ-uAXeew,PLATINUM,II,43,22,19,False,False,False,True
XjRbHC3SFvD2oQz5ilId8_5PHEa-r8VfhhnagUGM30XXImhPmODpfOJVpHkA3nAFAtIeOIwh6ul6bA,PLATINUM,II,76,115,92,False,False,False,False
JuvzhSk9EMmywglJqnasYNHTe5O_r7NKDx1QWu2FuKZ6qHsRtyR9mtS2XZd842SZ-NUQ2l_coAW_MA,PLATINUM,II,80,102,85,False,False,False,False
xuv2QFbjjeYKiCm1MFGBGEHvE_j9hBucWZkTvfax2MNQEI2rCO-tM9gstCpLi5EeIUGYStiX7KMj7g,PLATINUM,II,17,113,109,False,False,False,False
DoEiXtfAjIgBxobPaSxKRAVg_dqoQEJF-7RjAwlrvhRgFWyCEfb9GX69bVPc84ns7aEGWXwjLdzeFw,PLATINUM,II,32,52,52,False,False,False,False
pxuwEKPqOL0NlAwDrAQLG2_IfX_9KktKBkTqA2hKYZ6wKABxW3FYPD24If6lKldOMTk3k6e2FevEHQ,PLATINUM,II,74,29,27,False,False,False,False
guZiLhRY-1wsk34INj2Eu-bZg2ArBiWb270gd9_-BUmCZvVRITQZhHTJxwAPK2ZJxbwYNyldWcqv2Q,PLATINUM,II,14,39,39,False,False,False,True
ORSKRNoZ0_e2wyYbPwlovhWDYfTgZsTciDwzOIxI96wOOY6d2IueFu4uiRpGu8HazfiiXZ2R9D0YHQ,PLATINUM,II,0,2,4,False,False,False,False
sYWqh8SfUiIdbgzJA1V4wI2F8fLlxwKvf3Fxb1Q6_D5LyB5VZqj7mfDXtqMadXRE94RJetuO_mINxw,PLATINUM,II,66,9,8,False,False,False,False
CbEOGkFXZpEJ95b8P4Gp-xcdjTx9pjyACileDY2utl00GBizSJ_R__Ho72fuMMg_T0jKFzGq0kB8jw,PLATINUM,II,68,117,120,False,False,False,False
qsCm7Cy5cLfYzX4Qy9LqoUC5N648_ilXKpJOCSH_TcdSo-0yadw4icQIp3x7lqgRqF6I8VGIPOlu7Q,PLATINUM,II,32,59,54,False,False,False,False
EKk33m9Nf7eTJy7h5VYCRtfgCNT8F3J3jrab8rmfGiplb2fu3U2Ua1-XgslDjgYnhmnKnM-N7jb6Bg,PLATINUM,II,72,13,11,False,False,False,False
FJyHDuWCLUkHDO3XR5yDgtDCbh_nrB-_V8g9XVmwaiObihgSCy7IhPZvpTK-WYQ96eK27JpBFVZd9Q,PLATINUM,II,59,53,57,False,False,False,False
-Kqc-k2JmGGxpz2YxbByA19MicDfGCtT0lfOgs9lS7xMRR_icQicBzo1pxTqnNu8jKV7wgepT-rglA,PLATINUM,II,70,39,29,False,False,False,False
_Cm7JUlOLFL6YsCOAyacUDMI_-SqJBudDVrO5WQom1_DIA0J_DNl3QiSdlsJyJqjV7DBnNLesMSwkA,PLATINUM,II,12,26,33,False,False,False,False
ZiHu5DoAqI7H_eGy2uxKfGrAyd5fZ_rK3zAAZqA1lB2gcvoHBH2oXT56pFe6SkY_lbcH1qDYFi6dfg,PLATINUM,II,61,190,180,False,False,False,False
vQMpNkBFT_yjvBsUbHs7XGt2ykJ7_MfaWDyeAF5VsrAeq1Oe1hzJ2j7lmY7i6T85YUB5VDWRT0fnyQ,PLATINUM,II,61,19,18,False,False,False,False
3KoouzQtM86OGbpTTfo_KhXXuT4-AOvdNq2dtAEWZeojPKqoIq0tt2TvyfRxiRe3U1lKpOSoa5Y2LA,PLATINUM,II,32,35,27,False,False,False,False
cpsuA7AE2CRUzp25TmIJG1P1EXlGpFNgP_XouLHhX_gezlncpYk2Z5dGq7M0JioEBeR3t_NTULRQIg,PLATINUM,II,13,27,23,False,False,False,False
KMQOxOxnupZxKU3C4npzRWX9mBHblop0yC-9NOu1ehNOfWlCry9hFTEdLLlwjEmdRETLvxXsGi9gMw,PLATINUM,II,44,101,90,False,False,False,True
db3JeZEMBxeEOGXYJyezjlB628R-QGzM6Lcm0uQo2K_6w1Sd4eVKOQyzW_TVAag-TXSQ5NWSdsUAzQ,PLATINUM,II,45,144,163,False,False,False,True
yPejx3a0I2mJO-3rMaWD5HPf0dLR3K2YzmVU03clOtomQ4tDHaZgY5ykWup9Iw3tzcKlFfq_kvkR1A,PLATINUM,II,75,33,28,False,False,False,False
yYzYgy6hyGvW5551unL9pYzIXCUg-85nKTAoQlchx0vC0mM2rbXRUnxq8lT1oHVVlarnlkL7nr_SKg,PLATINUM,II,67,11,5,False,False,False,False
WP-_GVI9hcUZNt_D8LcyIUsCvi06WPoYTMIkFDynYevLbyvIvUabQS6vNP-Y5u7PkFJiQR5x4-ywhg,PLATINUM,II,51,38,26,False,False,True,False
bZfvp9D_hbQVMOyHl9qT7XhhJ8HSNTpcbWqScpKSDvJNAyDm1XgfKV04JHXEPuJE5frZ-S-MWpY8Ug,PLATINUM,II,40,210,198,False,False,False,False
9Axu5ZEAiZaqp2UVU0_bbmbSfvq8FkABEaIYx5KdMf_brOBIoMxaxNWa2cAyHv3v12s7G0o43pgCmg,PLATINUM,II,78,107,94,False,False,False,False
cwZFv1D6HqQw0Q0iOD-0HA61t9Gn6bR-bRYYH_AHm8fBs527gVa1rtGd5dHY1i0M_UKCndoKP97MVw,PLATINUM,II,9,69,83,False,False,False,False
7-iJHT3KmEY0GV0Bc5t7aVto_yZQhlMJta76RmvIO2zTPgYXjIjdNbnKkVOBxUgKH2LPaQ9nG1lVtw,PLATINUM,II,52,101,92,False,False,False,False
rROvDUWT0aaqvnrjzs0S2jBa6lrj8T5eSnSNqzzU26pDrIV6jm1_BwMLiIxQ6yQqkormKyWeHoWJKA,PLATINUM,II,25,9,4,False,False,False,False
tEvW8hUd77cYXQSi4x8m2RY13P3B0Lq4jTqZlmK3yvilADLVq58c317KMiabhpRLQeH_mpjfbD9zOg,PLATINUM,II,71,102,99,False,False,False,False
kYdHvRpkeUGFVcNq6vCqAf065A6pBgX_RcHzH_wyvWXIooZ6j6Qditq343xlBzP4OhegrrBIoGNo7w,PLATINUM,II,21,14,16,False,False,False,False
Z6aehsC8HvCectGt78MBq9CrGNE18XVocjaB01E8Z6oLEXUAPcUvYVpbkDvytOoJ5Bkr1ZUJOYw0KA,PLATINUM,II,65,93,84,False,False,False,False
344Xi_XFNbuLg0rH5rdMvZCDNnD2P-2-Mv6Bgwkfv_N6MSIqwpUb2-Mc8ykDd_WXp7hwvrK-osNH6w,PLATINUM,II,43,125,121,False,False,False,False
sXfObk9CpJaQZ781GL7k6X9UWearqwZ4OjdGk5n6j5_6de7MyHfcCH_GM4Fc2oVNFlr3QKHrFhp1pg,PLATINUM,II,66,46,34,False,False,False,False
2_VhQ9p13sg5mWObxL4snEyfAfUsfszUy_GJefnwmU75ijJprwIq3k3FJOPbwZ3bP-k64szfRZNWKQ,PLATINUM,II,61,20,12,False,False,False,True
TsgKosJQH7qNGo3mT4nKOO8Q0q0awYydi5s7zuyy1Y8fiVUJmSywtxMUuzALj2yhS14mp_EL5Cx84Q,PLATINUM,II,74,58,72,False,False,False,False
z8KJoB_CHMw4BaN91LAbNiGZaC4kdsRkEpEhbHOLGlPFp0C34yqw4wSKQqA5Qm8f0nj_zbjMQpu4SA,PLATINUM,II,80,6,7,False,False,False,False
2SnLq9lqbz1Xt7DVy1Tm3yt3UQvK2QQaVBkbZ-x6YdHkwYGc5mOH7reh3zikZ5QpPD3UCelxbx_Wgw,PLATINUM,II,37,45,43,False,False,False,False
nzvNPKP9gfMbBoumHMa2CpMBFNYjDi6jC0ZCPw6zQx7FwnckFYtv9CjpEYaYCdmKcsS4rRz22huvxQ,PLATINUM,II,11,93,77,False,False,False,True
a0Or9rZjebRaUsaUZ-yZWLZw1QZmF1qlodY3cHJeqjTR9IOQw3DDJKlb8SZaBd9HZqRRVpp7UiMD1g,PLATINUM,II,55,85,79,False,False,False,False
o4C54u_RdlCVpcoMswpwDm63Qdw0nz6pmSPI43QsMtOvNZE8d6SF1SFV8M2QoRRWO4cDBrHFSjdQFg,PLATINUM,II,63,23,20,False,False,False,False
H3gi0mWwnHrgD88gIqCDIcgTBRHFv7mekoSVC29_QRJYc_LC9GbNgJ9Ss-IB5R1rOLr6wi-LzRt0Hg,PLATINUM,II,82,65,61,False,False,False,False
67-bsfZTloPZSmVz7tZZyiEoYUWXYnJzSz4PGQ0RETtdNapnHzq_2TfOE7hmnI84q2lIxY4qXivIsw,PLATINUM,II,5,108,104,False,False,False,False
J4aqevmNQKMgNSID-JCKGvRXRdIC9CZ1Hu4NC-1ni3X6tNCml1oqDhZT-sorqIVmhH4m0dJCYW8EKA,PLATINUM,II,2,90,90,False,False,False,False
A6ZJhxC68ZtBsnh5Oovf-dPjks8onsodqJmMRUA5fI_2cxaBduHzC6bECaz8lFhDk2s8VhhOG9HPYQ,PLATINUM,II,83,260,257,False,False,True,False
04aobaTiDAt46-BA5C9MTBlZ7U7Zv-bmZ8IFppLZJagT6KetR5KweOgF6Pki5BvgnAr6IewZO_4tcg,PLATINUM,II,4,122,128,False,False,False,False
x683qYByLySVyJkTbZGqzDaPJXGW0B8Vv7UIFsDOfXdhmV933wE3H9Dzyi6Zinv9uWrOK1tIpQS0lg,PLATINUM,II,8,54,57,False,False,False,False
OnIVrEkIPqCkpneeVCaIXuubUMhGy_zp79nMgs03mDDVmhInyA0Xgj_bKNyMH7PYPZ2aWRd7j5vLQA,PLATINUM,II,80,6,8,False,False,False,False
1TExVG7iyhX_lNFBCudqMoJlp9GipOOP8v4Lm6b7b35fQ5LEvHef0ySkrLpmbQulmm6VRAAE74W_og,PLATINUM,II,82,225,224,False,False,True,False
hcI5lxE9J4OkX-JC_yrG5PLQ9UF1dw1NHZ9TR1jvHYWolEmJQqabpZnCH93xKa17muGZikTBUvgVfA,PLATINUM,II,99,392,374,False,False,False,False
5oZmGm21I1MiZxBDsVWOUbtaQmkhhtdiTbqxi5tcq_owCcluLuy_xmJV2wxdkpCTsStdTHK6d0VBQg,PLATINUM,II,14,46,52,False,False,False,False
EBxOmLsmg1bGhB_MkfpS18kafIluc77Dmx5LpG0OxY-fAt1TIGXhAieZSu5ARjUp4dKxTFQ1kdr5Mg,PLATINUM,II,35,5,3,False,False,False,False
L67PuDywn8_YbnuPDAscWhYqO1SvFFbeh_7nVIdBb1xr26UnyZk0d9z6m2saARqRkiVOAfMeRYp36Q,PLATINUM,II,87,176,175,False,False,True,False
7NjDHB8Jub3R0L6htSFrxkHPZXO-Lrihn6uOucAWS2aqw9OC0ahoCKZuf4k-2_Y5TDShwBkEx69pqg,PLATINUM,II,84,270,271,False,False,False,False
ZipSMlDbFL9txkOygmDyoEJaSSxgFVkxOsMBvMFjnLaSVcfYV_UU3F61H4LGgohnVeCmOAh8esjpMA,PLATINUM,II,7,25,13,False,False,False,True
Fs0bSpNsecsgLGcVIZqf7icgxHqEzAlSP4sPA5nOMbr3S2tmfmwLDc2CUO42HtNvlaBf9prvuv13HA,PLATINUM,II,90,515,520,False,False,False,False
rPYhpCiFNMeyuI5TYIZ27fhmL8T01Hhp-iT3GPmmje8Isb-s5Marome1aveQvPUxHkuk28pm5ulnyg,PLATINUM,II,32,58,44,False,False,False,False
MqnOUsvzHu_pJgZpU5kLzefdpX-2RUzD5Pyspa00bywABXmDDBO3nkZao6Y3GiACBlNTzmjQNykuCg,PLATINUM,II,87,32,31,False,False,False,False
k_v8-efEmwBhll6Z35W6Daw8dI3LJTaiPEi_M41gKRYjdNGW0Q-mrs2ntv6GPpBO2Q7h676COKoHqg,PLATINUM,II,51,63,63,False,False,False,False
APxWmonWCf8oI7fO1sVvxhdE757Cv2qFr-NG0OfRDSMhuXEaqZQ9NpZaqXZOLVJXUmsuJFJT_gYDzA,PLATINUM,II,75,205,209,False,False,False,True
ZsdabnDIzIKe_Gn4txa4RBiAnFUHv68Ts_akXibEQyFcESwrf9pBk_wit-Boob_gtfgCLTCMc3O58A,PLATINUM,II,1,93,80,False,False,False,False
xz9tKDDIJ9JX2ixyF_HO22E27W_QrhXuU8gUR9U1tWNvWroA71d6LKuk7MLXCLm0ft4R-rbf_yzNoA,PLATINUM,II,12,34,48,False,False,False,False
Dq908tgK3ScOv8KCILSBsjyGdYahjDvMneEuoVZEk8E82BQAZ3Y7iN0hVOAJqh-7QIODZOWyKw4ASA,PLATINUM,II,76,122,129,False,False,False,False
dulMrrzM2v0q1HikVYKRcpDk52GasJOWCM3MFDeNy3-r9sJcX70SE5SM8vA0YAG8t1e-jEEbITRzkQ,PLATINUM,II,12,131,124,False,False,False,False
FefbQPngHsHVOwZHPtRCijoJMl2CGj0QFBEfKc8Dyb3McBDHQ6pZ2ishy8qjI1foImpd77w4Kvql9w,PLATINUM,II,89,171,175,False,False,False,False
-Qyh73OmC21NqcBp-71aPqubsAEvKPbs_cM50lut5hSe6LOHK1PLTlRe8fO8BeRFDd-n37TjsTqmcQ,PLATINUM,II,6,33,27,False,False,False,False
wu0DX8DXmqWXIgt7nRE6gSMPld8f3so5s764YuJmaJpMW4uBlk875r0nCyDgVtoPGeHCgNkMexXUsQ,PLATINUM,II,73,49,39,False,False,False,False
9mWb5-bveHxlFF6YnGHSEE3WeBkssMKNaniq8XkDFGJjmYkD_fkXoNMc62U-IMthso9H-0TsqHwDBw,PLATINUM,II,64,46,49,False,False,False,False
qGLBGpzYsq_2ycIeNTrmo8a0yPxRJF_rdnRqK7y6yJwEc0P-75SSxq3axIpkk6LQWVbl3QyuH19XsQ,PLATINUM,II,30,148,162,False,False,False,False
tKdsjcWo8RKSADZg6YgpOUc9rmqDx5GtzFOkB5b2qggj71xdGwo5l8hqJYH2R3wgKq4nlnn2CfJLxg,PLATINUM,II,23,61,64,False,False,False,False
6Y25mldPA9fC4waMI1kEEhOILShLLhrVaqRQOrSiy_4HaMysdd5yUBe_Ol96Aj1XKafqzV12lIC13w,PLATINUM,II,86,42,47,False,False,False,False
iVZi0iGSlOmEGLUd-dHgExReHPgOeBGdT_PAkGVSDPqY7J3YMk16sC06ckc0LmdVgij_YjumOoPZ_g,PLATINUM,II,71,65,61,False,False,False,False
plcN_AFXuNoAE-aJ7_gSajeacDMV24O8nvrLHTnihScJLcXhyCUgZQI0uAw4fwRLqQwfhRaagcDqdg,PLATINUM,II,6,32,22,False,False,False,False
WzPShSTC4yAEc3opvXAexO-fbvyeZRVyHYiCDqu2gJCly06kxpVYovRmx26Hla0PdemyoHM3IDIJFw,PLATINUM,II,80,191,194,False,False,True,False
zoeiLPEWJlErz6lfvRbcqI7QujYaxLCQAEVz_uG9LOGkpqiM18umiN8HoTofxqaiIuCdxrhnPSriug,PLATINUM,II,95,207,213,False,False,False,False
zfgtv61JwOhgYKI_v5kAl8n89qZqBEm908hfWsS84Md8YcA6tplx5eT6rLpBXR8z0NvOO1gCM52q7g,PLATINUM,II,36,65,67,False,False,False,False
q-tpO-gBYdCYbRE3jrFbLjXhMHtkEQWPO7CZCz7_7_iye8rxNObHGgkMCvtXxlIm2-CRSbns_OeSQA,PLATINUM,II,59,128,118,False,False,False,False
b9HhQNRCHBxONWG5rDJ3fdoNsKrWMTvoMimBsu8ka738hgFh0dBUmZzcxZfanxdYDZjuXDozrvVw_w,PLATINUM,II,13,37,31,False,False,False,False
Tl1z9_XeQ_BQ4LsdB57o1mwGGIZLH0MGvTiDTqU8Y_DcY2V39x6I8N5BwPghSP2dyUE5SiIdZ7MbcA,PLATINUM,II,64,24,22,False,False,False,False
Mqs-j4sPPWf6xWNMT97AhsHVIGsReyWQigsw1IRCkbX0E4CiJ2ja-uPC24Ii6e2W1KJxSXpphxgkig,PLATINUM,II,87,142,146,False,False,False,False
_3Q6Vj9N3h5yAueawYDympccyvZ-X1lpW5_zACqx-SS-1cyQQLEqJyfbNoefkqZi_JGlT1fSAuOzLA,PLATINUM,II,23,262,272,False,False,False,False
NdEhXjhP8cWWh0prUixyw4qq9fp_fePz6Peq5R0sghdQhk7MSA9xdD-oMopfIob0PBoFj5hMzwGe5Q,PLATINUM,II,50,3,2,False,False,False,False
5nPvW8UWhM8U6KqEg9Ts-CgCeoES7qej6vZ6bR5BOK52OBVfOePna6vxyIk1hfWoHO-jNdIrWqVveA,PLATINUM,II,45,85,79,False,False,False,False
46TFNeN6CHoIBh39wgdCfOl65yuWR1S7oPo1nq4a8QCn9ResVDyOCRQbrrqxHKaCpkqaPpmQrBOVRg,PLATINUM,II,3,41,30,False,False,False,False
eC12DOhnKRv1GrHYSjbKahqxd77ASsSzQolICagmInPaK3de6K6SL16ToBzURyH9yIOkKPNrEI5Vug,PLATINUM,II,95,5,4,False,False,False,False
5znhi5idU6HrchRsr-4wDvhZrtTEpvLjcnxn0DkNjKXdLKfI_xidl6CPaVuYWt4MrtTniA6BqvKQGg,PLATINUM,II,18,185,203,False,False,False,False
AjceOoTe5mRcw2uGKxDPMLWpq9PASuharPEa1nbQwVweVxxCyhctuldFxu5e12G7XgRLjB9ItpzMyw,PLATINUM,II,30,16,14,False,False,False,True
JH5jb0pRXpg8FiDNs7MjNrnwhwur6PM0zR7PUsXUrmhX2pRJRTK2DN2G--IDZvDwH5YJyqO0nKTJ8w,PLATINUM,II,81,40,45,False,False,False,False
vqz_eS65uzw5jhpcBVOQ0Vow5ZFl6tCg3JZbReUlTQkVyPrh6kmSegn3UW28AwYKZoggr_pit8X06g,PLATINUM,II,90,51,31,False,False,False,False
paQn0QLmNRstTLz7STwCXh7lpIQFdUAhT06I5Uh90qm9hdvGu0hsZZSweUK1GPEnQCFb-ny2mxh3Fg,PLATINUM,II,64,15,18,False,False,False,False
IbH2tcbFjzX6R7UkZdl8Awe1hE3f52AIoDQXs13Nk1zj257MqbQ53RuEDemiU5XAWjck-ZYgpFF8EQ,PLATINUM,II,71,5,13,False,False,False,False
vRJaBGKus527UKfHgfRxkkgMaLLHyuKqz7BEAfOi5vjOsxESnzJ9Y-h6iIJeu59-E3y2LkewRNOc7w,PLATINUM,II,84,51,40,False,False,False,False
MM-Yfk8S9orwdmeqLHp1WGB7-kMGgsn2oQPihe45zMsg3tPafp1uIYBRdAfiGKBC8LcWK2NTmYd5Rg,PLATINUM,II,33,118,119,False,False,False,False
vk3-AgisfAwKdpr1SnVrgEySkevuqDm-GpN6cet_jcTUUL8-PIx-ulnMF7BG5GsOkeTXY9kN59zvkw,PLATINUM,II,76,381,397,False,False,True,False
Wo8znwdu4m_yECzhbjp5-QWmfeqPLDpIZ988pAeciAhaozcPMWNiXjxFC3XXCmNtCO6-I3vwBWo1Ww,PLATINUM,II,1,144,156,False,False,False,False
bvLMwQ3LxP7n7Zt4-8E3FbnHqpGvJsKozoFK59nhMVlZuzAQpLqpbzRkgOSh70qkE3v59SpRyYx--Q,PLATINUM,II,98,14,20,False,False,False,False
GceiKoMmMlI7DBuF-DoHZ7dl7c_s6yd1wCuc70439iDVLEukMn_1XY93rO8yJy7KOpLMcOG_U5wlNw,PLATINUM,III,30,3,4,False,False,False,False
iosKwRLWT-PPhQWH76KQVlymCUsOD9YiG1_Th3ZZZdsU62mcc8newbgRCM9oPOzWeTWN9rKtUEuJiA,PLATINUM,III,32,51,63,False,False,False,False
_DZlsU7_AOXhrdk-fA_6ud3hIlmltsaYXYoC8cgCKsWogzO_8T1WhNejy48gEr3QFXH1xJe8ilQUxw,PLATINUM,III,55,54,52,False,False,False,False
VctsXq2nbiv6vvHoknmYJWnYlOMlPv1Lbbgw89wHQrYX-V3_K7lJy80v5ACnx6nnNS17z--tT1Lutw,PLATINUM,III,27,41,31,False,False,False,True
nEmavfqTFvQxFQeSeriNuOCO0Y5FLJEIDs0HQPbaFEyfLFe-b2ppJyUnBXSYnLH4SVLItJHoGtq36Q,PLATINUM,III,39,30,36,False,False,False,False
FnVqFQTHTicJCgE3OUunVtTV2jlVmqMEQ_4w4qxzCptVsHahdJCYJI78NImsl_8mV5Z2MIX6Eq-eyw,PLATINUM,III,67,398,411,False,False,False,False
KGAB6l3fhKQMxBcStBuAk7Hlt8L9pRoVcQ4AMiSryFcFhF9NE4AOg7-SwLdVMqUi0GOoXHiysLFDeQ,PLATINUM,III,58,335,325,False,False,False,False
XYzffM4dmWrHk39qyw0lgDS-Mit1mCMdaIL1gp-7vODz5EJnUc0BFiJgX5Sx-Vm2UxqW7HHtpPk3hg,PLATINUM,III,92,74,78,False,False,False,False
6aaU64SzITAzpuyy4W64qOmQHJca14fRnq7bjhOD1DLwHEhYzyus552rtfgFTvu4QRLZLci0VZhsEA,PLATINUM,III,0,3,6,False,False,False,False
6Xbd7wh7vIU6J2jVxwuqbrvH3lTeB_vfv0Uhnoktwzx5StAznabywOd1uZpX5tcaXLt4xoMTaZKjyA,PLATINUM,III,92,117,132,False,False,False,False
loPMW3JeQLPD2Ccv6RFPfSvgn4fS6rPv1C5tmYVS670ED-ry0Hmk-IliGHVb7cHhDP6yP_VCMxTyPg,PLATINUM,III,97,18,17,False,False,False,False
MX-ZfQBb2tVQOKPapSoJzCF_ukY12Btw9Yuuhv6gtH7OwflLAzyztcxgPwvXbVPtr4KP6mkimxqXbA,PLATINUM,III,18,37,36,False,False,False,False
ZxdtCU1oZFt4J33-nDwRYZS0S0oiKyQHFHbNbmOwXLn00a9pwdqAv7Hu2hD38hI6tRLpLvM4CjOPxA,PLATINUM,III,20,181,187,False,False,False,True
LMUvDlh_gLCeuq56XWltNgMM1cYyH1eD2L6D_xUzSn2ky6Zv57-PKXTxDT62gGG0irs_FrDOZnLDIg,PLATINUM,III,31,26,18,False,False,False,False
nMqgQR70R0ccr_SQWoteuTLNKeY_VPP5P6Stm-Ffgw7B9A8khuSXu2TwR32M3l3e02EFkqNJUbJsTg,PLATINUM,III,2,227,252,False,False,False,False
4vY0Bi_OWyrausnonAX-S2HuAdcT4Tjso-9QJOGIIhUa1UzGzGd3SxtdB1BzdwLJBz5-aq_Cc0ICBQ,PLATINUM,III,60,4,4,False,False,False,False
rRx8s7CHgXZwkaWI9FJYXmu_bPpn5J7IjLfp1D_4XPxmwUN-2e9E6DVaG5UDOgFmeB6x_hfkOuOIjQ,PLATINUM,III,0,46,45,False,False,False,False
Q6gLIlc1OgvGx_XFGIIxldAo-Ggr0Te4fwGDK5g5CPBYtFrCqCpNKpYbhd9NGpiBe0AJTH0RIiTwJg,PLATINUM,III,72,76,72,False,False,False,False
NSt1tRoFKGdw2d38gxVr6Ln3FBiWeM6m5pB4gSZ07OOnjBMvY4PcqhOvFbMflw22PgQmxgCvhNLMww,PLATINUM,III,85,32,18,False,False,False,False
LtQMEVoOb6lDJQe1T6NfT50xTt5cnu0Sto-T7Vz6IQv2dn98gOT6_Yyo8D0T7rnLzzwCLM4CHbo7aw,PLATINUM,III,7,25,20,False,False,False,False
BFUDEuPr3ny9ONCpzpgcJWQqjbQK2DvkhgemCF3uNXe9wLNh3wwi7dYC6jJsjjLpNfD31elVWK8mhg,PLATINUM,III,20,77,76,False,False,False,False
a0zYxOPwCLYw-O2TZSYN0TTxHAbto8F4CFpVO5TNOE2pOtRLt-SwUx84msZUq0Tq8k6FPVlnaBdUbw,PLATINUM,III,28,29,25,False,False,False,False
g1ZrDkBFLNtj9hkWLBZxyizaQlW_iadGoQPqObO7nzyRUO3MfwPa4w-k1yx-OrN-W1E2KWHp_qsQgw,PLATINUM,III,90,108,110,False,False,True,False
smgBkB9omR4ctmFuD7bsKelEQsJZwRlXEH0woHxudP5nOWHUFKhqEBO3SI4Uz85YIoPUIYhZrWBlXQ,PLATINUM,III,98,26,30,False,False,False,False
GOk___QAC1WVEATrKz4sIR5HuFPLCq6iOr--MoAxjVkUueluCKb7Rni5_lTRE77O_VJROt7REdiWBg,PLATINUM,III,93,55,52,False,False,False,False
PY1YGVzM3egwaf-iT-bSa_JZXzSCMGdGBye8zfRw7RYwGd6ks9Z0cBBEiJB6wqLMolYICbl_-t0q2w,PLATINUM,III,0,33,22,False,False,False,False
ryR8QExAU7N-3_GihjODpgTCA1iW_DeoBY48nSAklB23PSQuy7NqYUvAEqKz680lTSGaMv4-aMgt5Q,PLATINUM,III,37,32,41,False,False,False,False
xx5pwE8LWAMuBZge9GtXURAAygb0vyFERb7URPw-6A3toI7dO0VVpwQbGfqTEhcQe-3Ken3HtUyPjg,PLATINUM,III,64,135,122,False,False,False,True
1YwZulx2j8zT7dw-UJvEdEubEe3ugbDUtXFEv_FPtVYmi8pEl2onoP1tp8ZcUjegh7AMfOB5_DiueA,PLATINUM,III,41,13,12,False,False,False,False
dBBPWUvY_FVqbX2-sy932KpmCqlw-2BwuHooQ3tCXNa6LmdCs-krKq5SHTfdk1R2I5MGbEin0ZYpbQ,PLATINUM,III,30,16,21,False,False,False,False
N1QIN4Nqgl8rs005DktscD2KRFvDGbzuRnF_1P7_HQhO1hv2LhcnHYLQnQTum0UeKwMveVB7xoG3MA,PLATINUM,III,57,12,10,False,False,False,False
wjPLdLDdTSI7lDt8mz-qwiznWJ3HQCmH3SKelyrYks6nUTtnYkoa2DUl79_b2eH9LLa8BsMr9UnZ4A,PLATINUM,III,62,241,233,False,False,False,True
53BtBJ9I0aZ0ejX8lLmbBgOnit_YDfa0WB4Eoh90Mx3-o8u_p4_FGPC69EkYOMQmSRWPcJS6xXayDA,PLATINUM,III,95,28,20,False,False,False,False
d01M3oixfIwelMhh-rkuxEZsQbR3Hg_mdpajlgOyRbVKdBs9KhsAWu7K18BfNRVgnJZ2qBh65NhkWg,PLATINUM,III,88,149,156,False,False,False,True
WVz46iFJVw2Zqtb4w4Pv9NM4GTq0Wm2EtPEp2ji6xZqlH7IaZU9JAvT0nqn4G5tcF-d_N6mNYNONqA,PLATINUM,III,26,47,47,False,False,False,False
GEjeXUGLeikyGvVELO7jhfkVESm80B1sk1i05xaEoLjVkAnsJVWIo1o64g_vSGktm8q4FiZawgN6lg,PLATINUM,III,50,29,39,False,False,False,False
DOumgJuSinEhSYq3blzwSmMVxYqWMN_4pTvDKqoFmVHKTr6LyvLZ6V5pS62_YKEES8WdTxpgKssFFQ,PLATINUM,III,10,28,24,False,False,False,False
z-l7u3aRzA__scp-bwRv5tV6E9Rnlm2pZiIn0NPegz1sFB4kQp3EjPJQxYDVh7dsdK563egYoF8q_A,PLATINUM,III,17,118,116,False,False,False,False
Nxxl6nC090pSqVAVaZFlxvAlIlLX0mEPSS38Rwh0jDkBHnI6umRXFtGFU2YA__OljBHrIRi9Fv6BEw,PLATINUM,III,87,29,36,False,False,False,True
Wolk-9qgYvNrUDvhr7-t_ohpJsxC_SMcf0fZtNSsK7iaoMrIU175J0jMDgLEA-n3MEHrYwFc_Yh44A,PLATINUM,III,59,119,120,False,False,False,False
RYlX_PF2UV4QHFN27I3m1NUj-qGMAAA5kNktucr-U1Qq7_qKiiMkOFvlG_DSPts_0rxVP53nqbPtUw,PLATINUM,III,94,407,408,False,False,True,False
iv-M5PKJeO9QwXGyFrV-C_3PHKxyooY1SkGeros51n3ExMyvCg73kTCy-dqb3V_ccP6hCxZcxgyOuw,PLATINUM,III,41,8,9,False,False,False,False
UVd__a8fZ4wBp8h2p_pZg6S79QJNjHSEjkjF-9n16RTBhdIAwITpNjPUZECtEAp3rBjXQoqdgwzS_Q,PLATINUM,III,41,23,40,False,False,False,False
Ykd73C71qxowysm3gwOtoep2GJf3PAcaDl2DmTycMPnak4fAQXlHCWHRr1ENSgNg33cp3zphIhXw4w,PLATINUM,III,64,120,110,False,False,False,False
dJiM-1MsQi7lVubn1qwUvILrmDB3BQWMKgk1FAoyELEbLThpNYC4WSqz98lzrQAlRtkungGOxjLm2A,PLATINUM,III,48,39,30,False,False,False,False
JI4M4aLdsX16F7_ROpDTnL0-yPuo8yS9w3ep2h_d0h7lM2ovVn5bi8j9RBjthFU2gCRXd2ibPKLh_Q,PLATINUM,III,90,14,21,False,False,False,False
1NhS8AzhjslSF8ZZMfiex6zWIa1jqUYD-9NkH9nKAIqzjjlrNuDOpjgDyRC0qkpm_wpQLiVlmR8tIQ,PLATINUM,III,77,27,26,False,False,False,False
ItMZrcTaGDUMqjxxbnpR1eJ4BiZrQy_fqkgh2Vbbz05iOjbJjKO25DzR0jiYzzy0a7syNpxIx-hbfQ,PLATINUM,III,82,70,77,False,False,False,False
GJOVje5TqLiUEF2sijVjpV4UPmmovNXqq9nnp2NXeqibvrLoLeuL6nLL868-w-wfvIsy6dZpA9LebA,PLATINUM,III,96,292,274,False,False,False,False
t83FgzbPrS_2CW1odC4_CbkBBAprmJZrgm2CGNkuRs1t5bwvLisgnflUhxnJMQtgyGt4qcRhlWu49w,PLATINUM,III,5,112,107,False,False,False,False
15_HIEHZpEjR2iN9LUyhXZf5A45sS0xJZh-T6910EvNb_G46zKv9XKis2vDv-QWH4E8v49JStFxDEA,PLATINUM,III,8,187,181,False,False,True,True
--7_dgE5WZQJ1wfIxgMMVhBa9cTnwFAUBTyX0D3iGwNxQmu1uELzZOam9GvxMKvG1uZpaVjRg5fU1Q,PLATINUM,III,12,55,45,False,False,False,False
bQOWURlvD1cluvh-MVbBzTsoa_oDp3bMew7P3tkMJyvqXbyVWrwxIjTiAxeJUk6ftSStstJnBlwGSQ,PLATINUM,III,97,32,26,False,False,False,False
EKragvxLpD5EeLmc09TexTY0RLFskwdaIOuxT9-KgYmLypQtLMpCe8SVQdvrvy9sZGPiBsnBybb17w,PLATINUM,III,69,25,30,False,False,False,True
cnOpIeFwx8fGROS9ASqqz17CU8YwFzHN65CsmjBHNqOC-tkvnWKLAmbyyutZpWKoWSBO_ifxrm_OGA,PLATINUM,III,67,241,226,False,False,False,False
l7EqOlCotxvtIBe68dp-rBFh3RuoMre0ZqnQnJfGYyH7MmLgrlB8brYkF4FQskYJXdv2au7_BkJCpQ,PLATINUM,III,11,47,48,False,False,False,False
8fGhuoM-Zsy8Smcn1Az3mIyj8LDc5Bmy4f1Br9xzn9MlAImE5cyfDS_-8Z4ZYL7Rx2cY5yVTZrCEMg,PLATINUM,III,42,25,18,False,False,False,False
YEq1OrlrcybfEFT5IzD7cKrE00NzTxVh0D9YDo10wYc-thCCpTWruiA36CHhuUfrovR5RnkJWIsW6w,PLATINUM,III,4,197,204,False,False,False,False
UIFWiisT6x9vhtp_5e0WYILjLWev-IpBwFURRWUen0cWu55LiCp2hk09fami9hKJ4KSM45eaxycojA,PLATINUM,III,54,103,105,False,False,False,False
Od1h9Z5zIOLp67ybXt4sExwIKWdIYO4RhJqK_xPh-Sl835je0dncobkqGgm67-Dp2ONy4_1IQ7aIZA,PLATINUM,III,94,63,69,False,False,False,False
kVjQTMML1vQq1d1aSsQfhoQFsaARC2Q043iuvxmG1jpQnTaq0Ho-7yNMtVZb_RYR2jMHzsNKeMId5Q,PLATINUM,III,73,37,53,False,False,False,False
VTYQ4u7rh0txhknYkr9AQ7csCvF5feUhvb0XrUQErAjHZcpEh4IaefnsubJtgtK6u9rDp152hQWwxQ,PLATINUM,III,62,99,111,False,False,False,False
RiTwaTxlVbcbE6R6KARKPRBADMnyjg8Y6BQAZMfRlwazmRiXy9q5XptHjJZDIj99Pij4aGZ2yR8uPw,PLATINUM,III,28,243,245,False,False,False,False
BbyaoUJ3dY-sXAyzK40aQ2nn2RPZdqDp6Lr2kSss-lQVL93u73wRK6rCdmjs0S_-dpmg3y0XRG3r8w,PLATINUM,III,7,65,64,False,False,False,False
-R_chDWpiWSI8sK_6669XNb4jPUWOYtAKULiQPl6-CaKhtgVyihejuOAOCXzkhwva4yAL1FYwWeL7A,PLATINUM,III,52,117,100,False,False,False,False
4EKYjPqPKwMHR9CYH0Zx79H9zXrQHpbyLAUIz-oRy-bH529X7Mf1qj0TuxzQg9Fa6jeU5lleQTyGug,PLATINUM,III,31,46,46,False,False,False,False
aqcJFfNLxGXnIpAfYfypLm_El4-YeSg7XO5ssNYbOwD9i1Mvf6KPJ0gRTdsosb86VbLQsNkjQ2TAkw,PLATINUM,III,76,39,36,False,False,False,False
7U0dhd7ljVnTvHjVnBgxN_fcqUPwfWZpd6bUh7XhQGnrWMo25cOTC7qTFNtfoBnCH3dZrfuhVE_5LQ,PLATINUM,III,37,7,6,False,False,False,False
DHbPT3th3o-tj8zctpK6Kh_2IMDlJM0SgWBwIW--rb0u0x3cNnMh8ozj9VdW00BaAWLr9WrTSXiqyw,PLATINUM,III,61,18,16,False,False,False,True
xQkcxOVXfG7m3Hsmr_ZcHQhvo77ssooNNnKrru1tmE7fDuOpyoDheKN_xEgY0YSMeE0PO8WsjFhTpQ,PLATINUM,III,1,71,69,False,False,False,True
DMK-L1Jzpr9zwfdFXEz-zQcRBM5C9YD3Xf9Lrp3fxj7yewfyRmXo1vTX3PeFTHpm2KBiluP1jcxMTA,PLATINUM,III,71,81,68,False,False,False,False
jwyAYycuBhh5kyGk2hiGEruxH6bU27f1y-9T_rh_o3BYLfWWhMNVomM-5zq3TfZWJDDWGyTsWAEfFA,PLATINUM,III,54,107,119,False,False,False,False
ShLVYWglHQGtEHApMS8nGcITvHUoRYm7xxsgzma3PGNWDyu-1tgZXz86-7s0khaoY07pW7XROwYyzw,PLATINUM,III,73,99,94,False,False,False,False
JXGtTLwyn2O5lEe13eNOpgQ2nMNPUfL1aTDc288Kjf33vt9fq6lKlUwK7_4yHbcd47hfKJWhGuapIA,PLATINUM,III,32,109,128,False,False,False,False
EqU2BDEqckeoSve6er83iK9DKQexievpltdRbPEhpHc1ICtOba752fm3FDBBL0Szr8bQB8lHcaiVEw,PLATINUM,III,41,50,29,False,False,False,False
u6j2EkdGIU5qcxsy_kVN716QtyjFBeiuUez9upz9X_tmTpaGb-X1lCphzxM04p_EFg_Q28xoMnNcgg,PLATINUM,III,44,56,45,False,False,False,True
3MRDbJtU7_abTbmk3mx7UV6mIHwYPVyqEGrevRPrYv5mr0XNoC9S7vjArgYhFEjfOg7JTzx3TjDuIQ,PLATINUM,III,20,20,17,False,False,False,False
-HS1Jdr5IPM_LRh4PaDGUPiOSfipzQd4KmuvHCc31PwCMGfCIVz1neErt3AxGvrZFjohdcxH6Fr-_g,PLATINUM,III,42,86,90,False,False,False,False
eMA69WZDUZqZC9fLL5GEjKAIHl8CgIWphl2_XAnVuRNhdKiDfvOs5iKA0y68EVdPPb1Zdr3Dxgy95Q,PLATINUM,III,51,113,101,False,False,False,False
v1MGzadacvt8NOoHZ-ZHPy9lXhmClwgmEv6uuO4NizBKy2ofQIYf_EYW9l9SlyQpAfymzaiuxLlf4w,PLATINUM,III,12,45,61,False,False,False,False
1cUyqFrcgv1pt4bWApjwwkbu7afgdnMWsx-xWNploMhY2J8RsYYkhPRGaSMWUvzo5vX54ZnrWvni3w,PLATINUM,III,41,21,28,False,False,False,False
bsK8WbywAO6Hthp5cwawvkO9e2WhEU0VyeKvfynyPoWwpoJHIskyv91DZQwMBe0xum5aeC0xMUff_Q,PLATINUM,III,34,52,62,False,False,False,False
Deba7nDJQJDFxP7eE6DBC_zuc6k_3BykThEt_UgarLzBZyv2qXQYOhnEsEdSSMvlEZGKC2VkUesBsg,PLATINUM,III,0,3,7,False,False,False,False
w9J5f1-IiWWtjBpqGAFOOHeyojRk_Kp7ubMugNWVz4DFzFEGFFN0JTYvr1izBFYSYYVD8xRjhvfBdw,PLATINUM,III,14,115,116,False,False,False,False
feS1H_KbcmXMw9KpqHFEHtF2Cc5j0N5AN6tmQT-laX6GOPZHlmSp4zWU-S0Ub7PavY40Iw1wMFPZgg,PLATINUM,III,75,35,43,False,False,False,False
U6fOcPbjRQX_dnn2sNTFalBXGzK6S4zVp6JCiYVKpXO_nQipmQEdub5NZ60ztvlSUt2WUXGpgrrNVg,PLATINUM,III,29,214,204,False,False,True,True
JArnfroRlGZDWdaGRTkTZD_VfAQfpBsuXOljHLiLwuy36Whf5B_jSo910Gf9aU-djbJNA8bpo96KEQ,PLATINUM,III,90,78,83,False,False,False,False
Gx9AIrMe0sdsb_g1pwC5WzcxQcIPsye29qx5gjV8UCLk7RzehTXc3hAUjGcn9tU7xBkGN97IifPZMg,PLATINUM,III,17,20,8,False,False,False,False
d86IlLXWYffRXo_aP0JSeQMdYT3UYC5n9tzjCDakDzyc4dYtzQqMgJpRWmq1o8WWIdYwi8xnXj3Sgw,PLATINUM,III,25,23,22,False,False,False,False
MODuER0cpget3USWMghSfxNNy3H-leWB2KVXs4t4DRigZa8tMmwYKY1NEeOQWrlpeVMDWRPGIBoFBg,PLATINUM,III,45,17,17,False,False,False,False
xicO_9ilC3jrIJ1kYLeic7T0Wooqdl-HZ4nJjHSLlB1tXCIrVi-xm47XYRwhyt7wWDYYjmTinpCpwA,PLATINUM,III,17,43,49,False,False,False,False
8VgKvq2zRNKcZqi3gSKD2NcyRGgEPBflU5c707rUp-b0tdsOCZKQloduO-IQhwC8JBWNszbERn2sYg,PLATINUM,III,61,46,46,False,False,False,False
BVLoaOypewvo02pMZL2Zrz2D2mldNSTfx0UA4gtjqdvbUz7PTaXnAXuuxSt8a5nya8qEsg_5qMzgbg,PLATINUM,III,4,108,107,False,False,False,False
XOcsIWUpVhZ7jfOOOybZVqVTg8kqeqo_Mr3oFXPH2yxABNcVHQMXkbOSYd2_fMYlpX-dDuKNknXGnA,PLATINUM,III,47,13,3,False,False,False,False
rESdnkOhfZe7ffFstvnFbixipITICLdFwzCxcXlRkR46EDbO3z63xN5RhfyppRT8hnurV6Avn0qanA,PLATINUM,III,75,50,54,False,False,False,True
FrtZodB9MhH7myvcYUcfbNRXnrphsUlvKSLFkTwkE-PjtlSh7-Vh6qVj1zZnvo5-b8bXuhhJ0jeCAA,PLATINUM,III,86,58,45,False,False,False,True
PdGwTxnD8r2TEkxKViTTQylhwi1KIXF5OsiqbjQ7JBmqcJIRkEYkJzcGb0AvkYEKRwhc3x7B_dW7RQ,PLATINUM,III,77,94,102,False,False,False,False
zrAsQDvpe6ceIHM7W66Afhq2MaRm_bSNFHgVG3HyHTqttT2OYIxvtUehx5yuQ53gPINYfji0FcXAaA,PLATINUM,III,98,20,27,False,False,False,False
ZQGwYmkSY6u3Ap-6ZD29fRnoFWPonT113-NjRtwyBOjRk6TLnqiFdXlTb4xVAXDe-dMilvzWjWDsFA,PLATINUM,III,27,46,23,False,False,False,False
cIuFC9njpQd35DbtcTI7jVy8oqxBBTpSkpK7nU67N2_1Meqn7xZAL7HgF9vLXB-pj2TFilSNlQc-aQ,PLATINUM,III,69,104,104,False,False,False,False
Fljtg1mUWWgW735TDPSciOLHw0VTmmtnzOAGiJtDNcvcalDbpkpfBPDoU-Jw3q-AcSvnz5k7J3cU8g,PLATINUM,III,45,14,16,False,False,False,False
oEgb97PVv5FTd-mpfpwWRRIProt-6lby-cq5APaxa9ITCU1tajxeW2q6UCCefOFtOw1P4pW5maYzAw,PLATINUM,III,88,103,94,False,False,False,True
38xrECmgXm-4pGuaxCnK-Y32lK7hp7WyayV3UdMm7Dju2NK5HfYcwR3aNC_jiWfNnaSgM8FFEuAMUQ,PLATINUM,III,85,5,6,False,False,False,False
mlK3yN9f_zexvhKLqWjaIeeCImArzVYqfWUqiBUGC2lMGheYr_5D_HL0sEwzPIum_NRMw2z_PpKKrA,PLATINUM,III,27,7,10,False,False,False,False
cXluzMzOxR2FZoVRM_-eFAxj29Ask8IXqRQex5_kK8o_-JkLEfz4TUINw4-ERZEstl4OnIME6kPonw,PLATINUM,III,43,13,23,False,False,False,False
2RhdNh9uUE_tp8iXNRuVydA7cHnx5yA40Ta8ZCKwsjqM33V5Z77Odq2VqAuALOLD0iKkYIj31N7Sqw,PLATINUM,III,57,125,122,False,False,False,False
7jTWB7RMUvI-P2gwaeoe2rb5x5b_qgYmpPSP9wcN1dJ15pEbBpcRTKZIOtE00Djh5p81RGpteZUncA,PLATINUM,III,1,63,29,False,False,False,True
MKsg931kQjWmAmUSi-hawHAFCqiHvfgXWsbdmG8sk3SNI8cTdNh2ZIWb8RkyXXFA50eKnQHeqK-V9w,PLATINUM,III,21,171,157,False,False,False,False
RhFUrWTeyGdYMCcNAIDjwqoWsFOPCCnSsEFtcRIekyuwsCSDT4Kblr8QDmQdIRq655SCcOLOumRF_w,PLATINUM,III,12,81,70,False,False,False,False
vdfe3nsbgBdsCe5DBPzwzBiwwVa618FMzxotoppUK7Vn7yySIyLyza-k4qHDH-437gXmZc10-MJZoQ,PLATINUM,III,91,7,10,False,False,False,False
bxn7Dlh1m7nYJ-6OSvupsroZ68U9H_l1sR_cX4UcKyGVEdPl-JGK35BSRft6tDKbrUcS4Dlt6DqIuA,PLATINUM,III,28,62,52,False,False,False,False
DMEM-eLBOZdNuqpEDNv-NlkxUqlh8qtAaMXLn_U8-MDXSfi5mLJBraTtNf7HqC1JksYvnnAzCd7oow,PLATINUM,III,20,110,94,False,False,False,False
7niU_MOJ_PJ0-S0XlBW2HKhgUfwq5k7e_1OEJ1rQHpkpXo65odspCwzkZxnpmtiGYA2bt1mMHBtz7A,PLATINUM,III,23,56,53,False,False,False,False
geGaXHxcCgoOxyIbYuhL80oioSadIfeNcPHzXerabdB7UWVrs-4AqBY2OTn1Z3AOL7phwukI-8AhJA,PLATINUM,III,19,200,204,False,False,False,False
1qc8GvyMyNTM3ybz8I8rlJCMT6Ti_ub7JeBPeQXSuvIdqhEvy1FtaKirHBk-W7swsXE87Wp5pQuoDg,PLATINUM,III,57,14,5,False,False,False,False
oLBtP78VmIrmT4u5tAOJEDOEh0XkzpyJskiUbBIdGGIyfD40-ZMxOVuof7isH00ECRK7Zub8tSp_JQ,PLATINUM,III,76,272,264,False,False,False,False
87J0dkM1mgKBjQrZi0ct9ma6t5dtdnGCAO65ktCj45qMuvqEnywvihQAYyJst87TVrkjBNYS4NRwEg,PLATINUM,III,32,121,114,False,False,False,False
5tSId9-Ymc4TYmNdBwCl0oo07Mi_6t4dI6l88gzuU3huowp_i_s62VCZjWPIzxZLnqG2GjzzBKz8nQ,PLATINUM,III,91,17,19,False,False,False,False
UzwE30bgtkwuU5bqpn77TgbZAyn9JsxdhO7eI-PnzcWVf-NbrpSDsmTLPI_fIiKIRIooI57Vhinr1Q,PLATINUM,III,85,162,149,False,False,False,False
Ws_vz--5Z5m7DxCgeae_7XSUw3rvAITgv36KF2yO36ZJbSpWCGTYfCThuuA1sZkeh1bA-PXNOiECgg,PLATINUM,III,18,70,59,False,False,False,False
ANV2qhVTzIhGd0euzFnrmqQF-v3V6aT3zaTGMOdkN-lslZbwrzNODxET3YHv0lIgZkt31nYenTKMnQ,PLATINUM,III,88,56,54,False,False,False,False
fCE4hb0xA7yD5cv1O_dbxu9RIVyVNs3uU41-c526WkcIAbf5Ajn3ORawPbUbiXNp8GwR2KiHwZPFMA,PLATINUM,III,9,130,142,False,False,False,False
5rRUEPB3TQuUWAbVr1ePsvyBkYeJgC-Ujt4Pg2aXHLe7pkxQNfZWORAmXoT9JIQ158rDofbO33f6zg,PLATINUM,III,79,57,48,False,False,False,False
_v__t1FdBYJYn4pMi5A06y4wHTe_uPyjAytNBfUceGyHIq-VgLhZMYSVK83-L3kpOuwTZ14H0th0PA,PLATINUM,III,5,118,109,False,False,False,False
hQNJokMj7G2wTE3AEGy0l9LxSpv-TOHR3lUlx9fVofTNmsN699iHyk2u6HaES6j86b8CyDd-C9dLBA,PLATINUM,III,80,73,66,False,False,False,True
t1Qh6WwJusGeMfLU_h7KvNyKYHsZl2eKuIR0b2F3w2I_saYZcAb-AtcuYsTFNRuLJzNy8SE54QerSg,PLATINUM,III,17,119,105,False,False,False,False
Chc4B_QjDBbRfUYBYQ02zwHRN2vo9HDsBhPlz3lT4a5ZbkTrTbj2XCakovQgf6Zs8PRiV4XZzsd7MQ,PLATINUM,III,57,17,8,False,False,False,False
G-5cAlUTGKQ_V-F7-WygspauMFLydX9UeTCeiPgksI4BH93mDNZGcamzvBCsRanPtpMlsVNMAWTZqQ,PLATINUM,III,43,150,155,False,False,False,False
AKwKh4G2DpX1BM54w3h9Beap3QG0IWkJg_fD58-YIOjiVX63dBChWZDuCjVolGHPCL3XNauMfqGayg,PLATINUM,III,96,138,136,False,False,False,False
QL_7IpHx0Ecp16ONH877PyNNuOpQ6nfCKzLIFb-ULhMdSOoF8cEX9yqLy3Hcg2X8sMkRbDCB2R1eIw,PLATINUM,III,51,59,60,False,False,False,False
rzIoE3oO7wnvHsMtxBuxTF16eBCN_HQWWHoIGxcFm9ESS9wJqRTizG-kbhKdOklhS2pjj61pi-mJzQ,PLATINUM,III,73,67,66,False,False,False,False
PxgNijifkTW6tDT0L42gLpqHMY8i7hXZ2VwyNYQkmXPBIuRBHUo7x-w3YfhP726g25Ja2JAP3HkjsA,PLATINUM,III,12,39,41,False,False,False,False
OC1wA2IQWbfZ-zTHXcs2i1N7GU1Y63mnb0KsdW1VtSqG2wjfaFEr-D3hifCfiiwV1-v-6rqV-soMPw,PLATINUM,III,35,48,38,False,False,False,False
cUb9KSPXvcPPZk38YG9B1d03Q41TPPZzOBGhl-EXg4xV9R3aUL8UyffbavVDzerTpn303SKavXPXzA,PLATINUM,III,91,5,14,False,False,False,False
kumxDhgRE9rQ0VHAWZJMni8TyVDN9hPx1MQPIofS0MzE85Z02FHr_u0k6bSaIbNPpzPK2IDs-7qztA,PLATINUM,III,45,3,3,False,False,False,False
sm_Iy32FIOroz-XPqcO-JupJgZoNN26pULnERDMT_o6AxPx712CWcWevIWzClPTJpApsURDIsWcYBg,PLATINUM,III,30,104,108,False,False,False,False
uga1cWqt6oeQBvJJQXGQq09jaAhKKccAZkrdnpkF8IPqkXHRrLBBK7Mhq89C6g9ggAZvYhRZVS1eHw,PLATINUM,III,91,26,8,False,False,False,True
ragfKX0dsn5HVNfGRxE4Brh2QErw6uJ4cWw1HyYNbq0Dh7V-UxlEeDcBjRHoDNDfxKUQEoVYL-fm0w,PLATINUM,III,97,7,1,False,False,False,False
4hbd5kjIWMfD6IRMUyGTKLMrKaaXZ9tdaekHp4KVnep8esDw0zJYAd0YIe5svSwvWTG77z8pC_HbKQ,PLATINUM,III,95,549,538,False,False,False,False
34YR924F5ytMGiIPkqK1MoP1GdhPiVrh-6AhGALe2PReLxqRD_86-81CvDSHOdKE3inJRZDtRbI6aA,PLATINUM,III,46,199,163,False,False,False,False
0lfR-fXM1suw3l9yZHUW8UpPt1fZpilan7S7_M7z5t12uLEQYUSnj4Phccrrt46fsVykjAk5sSYg-g,PLATINUM,III,88,86,83,False,False,False,True
F4UBGEe4q-Nqly07Ng9pQc0mZxDqZAiEu2lP0V0O3NE3oTNdUH7lzFie0VP0pNPRs5cvaOcbyxeEnw,PLATINUM,III,7,31,34,False,False,False,False
GO3Kyi-R9HlXi-Ux2zoQ1BNCSYSecP3ySVUNszeqk4R70tas0RGiuVpknIJuV3GjPBr_eGI1vAFsnw,PLATINUM,III,25,6,4,False,False,True,False
63EjjJYwqidRQ4M_qaC8AOgYKpAjPZiWrgE8y3KZczQhi27S6vWSKWnQD1NciL7YHmftE0LL10OpaQ,PLATINUM,III,45,37,42,False,False,False,False
irbXtAinFUijFxva1OxOoVZSTZ0Qbmb_KXYHxaAVNj2S6114B8-cLK4Rtlrfp2hizBRoBXGlJvck_Q,PLATINUM,III,61,167,167,False,False,False,False
rY6SS_c7V7p6F9MxFaNn58nXE9Mvoh4wDCx4dYB3wEt-LB1tY2dmrsQBRw9jmB-o5UPqYmur8MouqA,PLATINUM,III,70,4,4,False,False,False,False
jetqOPME22YXvg8uXg1cz6270GOMsgAx_TrlKsU5mDgSda6qgdqeEGID43balNVCCRXPxe5W0TndnA,PLATINUM,III,55,133,130,False,False,False,False
ID5czufRg3IA2dZMYqNejk2zY2kUXFOqP249YntB_jA9zZsIkpQemfyWFPnzPOoY7f2VITkWWSu2_Q,PLATINUM,III,74,123,123,False,False,False,False
gYVlg9X22us1RgB3XUtaBNyyezPItPzYNZxhjni3PQXyW3dVymPtlSz3wKtA_TyeePbRPvsiTmdxiA,PLATINUM,III,81,384,374,False,False,False,False
ybX6MPtloHaQChaN8tSB6uy1nzjLlizcYqgDuZTD1Rw6X8szVTAkgSMi1uGix9Cq419aL06ZBbDg7Q,PLATINUM,III,28,137,136,False,False,False,False
DYwCFt9MbPoAGlia7vN4IMJwfXaIXio9HZrjaH4zdJKf88NOfrB5UQimyy_bC3tcfuDgNA7-WrysMg,PLATINUM,III,51,14,11,False,False,False,False
4-B1EksIcxuSTpuVNkWN0J75SzxggfIRjZUAqUVH78aTir4MuhX4ey9uCfcOMB_qD_rBc7vRQw23KA,PLATINUM,III,57,117,117,False,False,False,False
A_0nXT4jU05sY1KSCv9dUbDA8mqJtflZ2BxSHvNkTTAtDTWvGueYOpZHuBiMk6KaJoNyZdMLtir00Q,PLATINUM,III,1,125,121,False,False,False,False
Hm4vKkUA3AzsEiaVw-Aa8c9QHB9lFCAnnomUgas2dgzaswX8elj1K2gaPr9cO8p_FDB1CrDymNNxzw,PLATINUM,III,15,42,44,False,False,False,False
50emhUXq__v-I9aa2x47F6d7BfyH5l2EGmLFWp8zD0R2Uf5d0GZ7MWKTdwiYfgijW9T_dDSojSL67g,PLATINUM,III,21,21,16,False,False,False,True
sxh5wMB2PYlcMqjdnUUgCaxSm5d7bUxpqTqc05JQIqMNOdxdxBk1hW-3x0YMKUxRBAoBlMHsKzhuIg,PLATINUM,III,9,30,21,False,False,False,False
nWypbB5jyebeBet1YHSWRVuCtIZjtxie7vkm-DYoNbT_MM82E4wBE22LOKSlMNxyDqKVzm-1-04dbg,PLATINUM,III,76,56,47,False,False,False,False
IEROipz896VYxScZQGh5IgKVOwaUHP9jedR9c3sb78tK7zixmvG7IO0-J2eMIR_eRPz3CYfjxpjLIw,PLATINUM,III,49,34,37,False,False,False,False
gUxNwCn75osD96u1TS96-5mpwSLTVNiPuYG7R90Gm2vFzGumd96X_w5M_zp41ebhFzOSnWqL-GC6uw,PLATINUM,III,65,24,15,False,False,False,False
uZ-sVb9ClEKs8dNwCmR3aVMiMZ7Usj31yMPLzldpkg24x9F1T0ibiZO9X3_UxvDx6maAbyHMbmzjcA,PLATINUM,III,41,42,40,False,False,False,False
ZMJKFUIfar8zQIFi_ZOd0h2NVGqJ8yugLFQ0F4QxS71SlUQ_ptu56xL2ER97mYz6JzVAv1Jt1Pvu0g,PLATINUM,III,41,8,8,False,False,False,False
Xw1JGdxHHU-N_vwR-ITEVTVY6a135mGDh81RsbGe2vWt5ocrwBX9Sb_bcTXDxWznNnXClCgyigDMWQ,PLATINUM,III,14,22,34,False,False,False,False
RWlT-JPFEznunRaxEeTb4ZWmtMjaZngy6d75IFbHzTV15wu5_xTsry4WtKpazRjG62fZozR-196axg,PLATINUM,III,81,11,12,False,False,False,True
wBkKlxqTwOewge55_vscsmrO5wu7OgZYYS4IJYHxnwDMhvZfnWLIIdP_nCZnamX39zaL_VbDLJijCw,PLATINUM,III,18,19,20,False,False,False,False
7nRTSoL6s85Im0FGpWp0CEyiO64WegfOCKnMqeflvmluxDcJzf81kbt-FJYHQvlI6I0Z0hr-tM4sUg,PLATINUM,III,49,17,15,False,False,False,False
FmoR-Ea5QJP7u-liShOk3rWIDxXuUos6wOVQ-WU40LurhS0UYrNorEI7dVNCGOsw4DtjM24g28qSdQ,PLATINUM,III,74,108,110,False,False,False,False
GbSjWE9942NEpcKoOcNxsXIzO3pEob_6L4OlBuo0Fq0LFqSHMC0J0D4DKBQJEXpMCVOVuJY-hh-A1w,PLATINUM,III,50,113,106,False,False,False,False
ZZHMryTpUVnM2xR6aFD0JVaBKxOAnbqBvW7W3ga3H6sbca1CYn93-NPq65HdEiQ1So7ly3xeNNGzgQ,PLATINUM,III,61,207,189,False,False,False,False
vuIpaDoaTK4X11DERrR--qahWDob7QgoVzRZUDPy2Xhrm78sdRQtbVvi2pzowpnvnbY5SprY8bt_Zg,PLATINUM,III,51,105,108,False,False,False,False
5f2ADRC5OUaVTz7Lr5T2BaQTEGIRhjCtpbN44ACeMf-cBi9U0Yt5hYd09Lg4SwRZwjgZrV0VydkX_A,PLATINUM,III,88,58,41,False,False,False,True
SBX89NEc_P9UZo-apt8WdBCmlXRJ1sKpyuEeneuWN7pV0kMU6_ms-JKQlxtZ56Ktoo0SrcEd72PyYg,PLATINUM,III,67,58,63,False,False,False,True
no2Zw4yb0-HokM_z8sImKTmO89i-MoA6IR7CPvoYNohNvoO3qeqmAS3KLHrAmnASlssB5ee1qq1MjQ,PLATINUM,III,35,46,52,False,False,False,True
LA3Gmbn-45QF6A9bJexdMPXzsVxNqbZEOnaCoahzqoSRpxOlmw09g8DaIzh1XtbyH_F5xUXclox5_w,PLATINUM,III,99,70,58,False,False,False,True
Br1H1-32jW0-CiWAUVGW-SbhRG3rvJkMSJWRSdybtECaH6vGgwdyk0ylmSpwjMzdwGXQJ6ilmpykKg,PLATINUM,III,92,18,22,False,False,False,False
kNIu2dztBqBUsEfMk1ntnQMeEXp43eC4hGye_ybp9g2MtTVMZwG6w3pee1k0ZyoPwfiZObBJzrjYKA,PLATINUM,III,80,5,5,False,False,False,False
z8L97HNrz3_GSi3YJ93tLMLCjkMfumBUJSLNFaVw5TJc3JhCsYvStavlea0iKnu5Ht7J25fz-e1PmA,PLATINUM,III,11,64,51,False,False,False,False
vIoSI8E2lPDFUB0fhfNTCDzS-w3W2TiVWEdDO4uCeXky6sEyOShLvWyqIF-DjttGCxZzjvItEOSUjw,PLATINUM,III,71,89,84,False,False,False,False
FDYZPkgqb2AVNnzSeNb7sOWo1ARo3Bej0XZ-v0AJ641Wx78fLvpXVmHhGWME6ChXXZle0my0neWdCQ,PLATINUM,III,35,6,4,False,False,False,False
7oBbSwAJI7gR3TO3B4JixArtqyuz4JTSxTzMFAnNU3uNCdQPBDgQkgYWQVkjBH0pfbKxD62xqziV1w,PLATINUM,III,10,20,23,False,False,False,False
9NZa8XZRftu6GxTZjgd2awwJrELICRI50DZILAiHjmFXgu3KtLFwftQIhNo7gfidvkunmHrtb57pBg,PLATINUM,III,87,124,124,False,False,False,False
5vYP9KJhfW7YerOZMF_SQnpRoBm4WzNo4YqEdyLEh7TNBdEmXH8yxFubHipxk8qnJXCzcGvVJf__jQ,PLATINUM,III,97,15,15,False,False,True,False
06ShMFNdr30M2Azsg-sTdG16uTi1ZhtFpMttPlYkyELDmBxQ2aBZDwrpij5BLC75s2JDX0MOi3Kluw,PLATINUM,III,47,9,1,False,False,False,True
WSJEfhyinSWO52vTDMwblKZMxK3NdZvFmMNVg4iyP-qa3f98Jpb7dQVN5XIgwyqgQvT_I7JdItWaGA,PLATINUM,III,27,5,1,False,False,False,True
u_SGxJmoxdejpx8ff6j7svAG04A3X4ICyxY81Xwc0b5ZHYaidLx89XGBi_92KxUnlA3GjQ7cOcYkgA,PLATINUM,III,30,397,403,False,False,False,False
tsmh4F3pCUcxaEqRVTX2mCA47HfWTSRlCKz-9joVQtNn2kTp9X5v1Bs24GIj2Of_qjwuZ7HROE-jow,PLATINUM,III,31,79,59,False,False,False,False
fwDz8oIZB0TfEvQIcZKSe1s4lIh9eqm6vfgSBfuhDzJnEOm8ZVG9l9B6ys6qMy4OQox1Ce1P3fNVrA,PLATINUM,III,41,6,11,False,False,False,False
VJu_pViCSAQVjO4WQv5vqqrWwvwhVcprYoBbaWIHuP_WVnVmKmHza4Do5JKzpd_kT07K7Xfo2b_Wgg,PLATINUM,III,91,152,158,False,False,False,False
GZbWXfBJVb0eDZ-8S7cEWPF-ypXsEwXzZg38yAhR6HY1qA3Ru9AZiKrMzsAawL_TD9ViLnh9ZoSXlQ,PLATINUM,III,31,10,10,False,False,False,False
3dcADcPH9BYQjr3Fpz0QoynV7pnrGFWsDJ_zeynZgJQgFwlNG2kGDZ2HnV9jqTZawSVnr0Z2eJFA6Q,PLATINUM,III,19,137,145,False,False,False,False
7sznTFlw_ROQynf99DrPmPH8tOsiaG0v4ZX_FrdyUFWBy8zA2_GqLxVA6-v5yn53W7gUlJ7bTVxwag,PLATINUM,III,82,430,416,False,False,False,False
dJGy90hATWBq2Fxr3wSww7UOqteDSEU640fQSsdcqJU2vMKpGp1xNp9gjQAb9-wtbntqw7F2QZtVVQ,PLATINUM,III,1,53,47,False,False,False,False
L0WLZrj9fs5pSbZdv8UAG8c3ml_cshdBz2kP-hTOq4rBEr4S6M4VAJ0linROqtA9T1VtAkMzC8t4iQ,PLATINUM,III,20,8,10,False,False,False,False
4bnl1B0e84-4_uDEHzwrvpCjWWzxH7KKCkCP0NNqQXOjd0no8QXBnWkFC0-g1IxG_ztioX0gsVnqvA,PLATINUM,III,55,7,5,False,False,False,False
T5ImlqdA8iupWAIFc0XGnRciuZwMbRAziAujMSnlZmFwn4TmQrtciETY4uslKdlECbEEelQXD7CDMg,PLATINUM,III,88,373,376,False,False,False,False
FFjNUd7bLKW86tavXQIJrj-ICUuK0a1kXsbPmE2YZn7Qj1PuzmZB62612TKXewAQ6fTmPnQ9fIXPWQ,PLATINUM,III,29,42,32,False,False,False,False
6-n6R1BQXUteafodJ2x6lpyyO1N5Yd1TOdFvgeaqNVOIk1iqgjO7kUD3jZbkdnrjceHPJ6w2tlCOjg,PLATINUM,III,21,32,30,False,False,False,False
jn1k4iD4qGvA_6NMvgeymbip68zAYwD9SLWt182TSNPCghRXQeIjw-sJ8gYNkJFCCMZhVLlZ7d8m0w,PLATINUM,III,96,21,20,False,False,False,True
8FYo6AJKZHwrjqReAn38Uv3wyBopAIdAzv7nuxTHjTWxSDVhjY3fXHBwYjncLa7wjpTo9SKZUeM_Tg,PLATINUM,III,95,8,3,False,False,False,True
n_8-SlDYZe15p3EgSJ5TGrDehJTZJhbbvw24yOHmd1Dvm0lM9eq-6IpbK0aFSIr_5Gs6o0LOGYIlHg,PLATINUM,III,25,36,36,False,False,False,False
RuBZmVF1mLN7oC52A6SzFDS4ULAIeDQKaVioj6gwASL7hzYnTyFQORviNls11QaQen701WVHq54a4g,PLATINUM,III,67,200,194,False,False,False,False
A6ii6NHNXBg_sguJ7l1IcwDIv-v3JolkBxBaW8uGYRXyntWnF4WU6-L4rGddgASlQJmWjJgkjsvQYQ,PLATINUM,III,46,17,15,False,False,False,False
IX2Ibt_87CcNYmLpdfT-trvgucLMEFTXHMEZEMu3eCqG0bFrt4bPgGFScxfi7nee6DNaoXqmgHqlBQ,PLATINUM,III,81,263,269,False,False,False,False
p7wrPaA9eRORsteI2BWgY3V_K1_sTtxj8XODb5XxXSO4kr--SQbgfpvvGyXNE4BoCZskuZ9ydmuUEg,PLATINUM,III,18,39,39,False,False,False,False
1ddcFLlX8lSQ41fSEnVyT-Dh99O_tO_fVMZF2DLLGtPFCttJ0bcoEaao5EjxTm_AKn-nvmm1oaJRPA,PLATINUM,III,11,3,6,False,False,False,False
ofOQGIr_ME8CvEQIhaHYf-hOXRZCAx84KsuJM9fwB-QoIUnS0L5tvKHasHIYea9ghwwYTbE89syMaQ,PLATINUM,III,60,1,4,False,False,False,False
k9FBd3Okp9WvGSZ5SiIUWvLGAan2X47N-QqwhwuhLn_gls5n3DdwphSF4xXujnFUW54VuFofov5Q6Q,PLATINUM,IV,41,27,37,False,False,False,False
-WZs_cSWxeoXROnU9rZykveofP3oDfZA6O7GqWYH9wQ4o2EzaVq16ZT8JvkJiCWPeMbDlIkrUwPuxw,PLATINUM,IV,97,39,36,False,False,False,False
mzrN9tLV5ig0pbiZPYiWbpBpbqkUtHR345yWrEDRZKqJfIBIJpWhqMbx7Ql_hsV5evUrjGQXUuPdKw,PLATINUM,IV,0,307,299,False,False,False,False
LoEsPjgflbVWN4aodwcMXv1NoKTxph7_3FloUWciROboWMMiAnguf9oyD0tQH7zSk6F5GtVyuFnLhg,PLATINUM,IV,37,6,2,False,False,False,True
xDvcaFBOFEm7u71yCAEOYZytxN0T9mcGa6dVL4alZgfEapVdm48qYvKngZcwo8KA-5uV_-p7AHSCtw,PLATINUM,IV,86,262,257,False,False,False,False
4CMmgyBtrSqy6fB2viAMshJRgmbcKIE3xND6WNfYwiCu-1QCssTneoplrgsBeAvRZdLOU_7lCa40tg,PLATINUM,IV,57,33,31,False,False,False,False
EJXT6jT8gLAOyM6uDw8sTolGalSK6lM1E7NgDBvKH6nEiS52owTfZCL2eOzcqrjlhetNnyc4biIGdA,PLATINUM,IV,0,2,4,False,False,False,False
RwMJKj8r52n0Ajo8cVnj4ElHovWcHmSblC6EtAb3lsFZSJN3ilyIeOd55Y5aLi5Ra4UnBI3QNQdpwg,PLATINUM,IV,65,85,75,False,False,False,False
CzC_4VaqaPt83n88irNDEdTkDz0bnlcI6Yzcey5ninQPDGhNXWlic3TqoMvIsbOOwYGZaKxy0aEusA,PLATINUM,IV,99,148,144,False,False,False,False
gCgAVM43W5yZXOH_kS272kpoP_tmRLkuKvjLPwFf_Cs7BkqVXIxidkSWAtXe2bFWE2LCyLWR4670iQ,PLATINUM,IV,11,219,226,False,False,False,True
M-TJbNS6-ehwLIwl_HRNeSbbLHjJUuzQKvNOIr1UgvUhk7a4gERxy-VRLza-K0Lk5gRwimgAWdhpVA,PLATINUM,IV,7,8,2,False,False,False,True
E5Ut9o3wS5PT7QVNqGeUts40UMec3yY8xZ9SeopRxREvDtjgzERN2P8vSXEPErNAHDljGz-zyCATrw,PLATINUM,IV,0,44,39,False,False,False,False
nODgqro8frLXjBFNGosHq2z0CR7ew7TJLFaUGeBP3uwQpEM8k0ARXmh6R9V0BTC705Nxm87gapsu3Q,PLATINUM,IV,38,37,38,False,False,False,False
vKltz-zvLjd_l-FwhRT29Vco9Ye1tWdQq0LM2ZWPYBRAhEW_Wt7kV-2scsuUIFdlBWYuGsoOW774SA,PLATINUM,IV,23,63,50,False,False,False,False
lsUnDGD-vV2tuJq0LF-yIDMW90l6wIX_jt4STydlqPQQocfVliHZpKNhe79EeYDxuHR37--k1qGN0A,PLATINUM,IV,37,8,11,False,False,False,False
60Q7BLsO_Qb36KHkAlNH9h2C7SImrMFexNiEqOVHUWuNekaadZDNWWTH816ews24Bc5D-0mwjWCrdQ,PLATINUM,IV,80,11,7,False,False,False,False
kqv5aeeD6glugIAulDVhWzrmOIKnwMhwmA2GPLyRbqHVyjfW0_lfAy3laia0-vof4ffDMxswwxwIug,PLATINUM,IV,95,482,483,False,False,True,True
zhA3HMVIfBNMjAVlTk-g65HLg1focj6NLakWqk8g5L8oKi5upfDw1_xBv4dXzeO26DqJm-K0BeMfrw,PLATINUM,IV,67,41,36,False,False,False,False
ZyGKK3F93c_ze-v0vh9d3Nds5bgu5NnHutBu-545_B66ZK9KC6Zrei911J0vXkTuX9IVuPWqtnNZTQ,PLATINUM,IV,86,120,107,False,False,False,False
_gnzw_nlh3Emv_xXv-FE8GiqcShdDNmLihDOPq5lRUEY4vumpq5gfAf1b1CNc-xKrNPtIUsTs6p2Xw,PLATINUM,IV,83,35,38,False,False,False,False
Qjsn9dReojN5NJCrBWZpiLanl0mKUpssKf4cmSqSTYazDHwJ3upH2Abw1vcycIoOB-DqLfS7Ya08Iw,PLATINUM,IV,47,43,32,False,False,False,True
5EWtswA63QQQYrBwWmOdKVC9ZSfrsqHDg0vLRIvp1mofA5v7Fcib5wxT-zUNPzqYcJWrmYsD5VA1hQ,PLATINUM,IV,0,155,157,False,False,False,False
XpYzbpSV_cMSFxN-uIuKbMf5wCH8YV3Kk4VR2fGUig7_WHo_FbP7poPbwuW10u6Ju_glrfTELiVxQw,PLATINUM,IV,0,35,36,False,False,True,False
39NWtye7Y0drfvUkg4GHZ3VSqpgusR6627cR3own3n_E71HN-aHn9ejEYBxyN5eW8QBIkriyCaOQvg,PLATINUM,IV,16,232,224,False,False,True,False
lJoJzIwQO_aLRm57djqxA9OPtl01fxf_oQTAjifvdk6h_bNxlf9evqkvR5lAx9qfTs3m_SmayPWiNA,PLATINUM,IV,53,103,103,False,False,False,False
Znfg9CWSNS84iQjUDFKSY40flX2iThpcv8iVl_shR5krsI3M8Aq1WN6ZuI33Oo8z6x1AHhJ6yXm7zg,PLATINUM,IV,0,258,243,False,False,False,False
gXzXhLrY6sYSiMUi732juyHQtDI6uZwl9otrnV4UeeH6hwJDYlRR6D4AT237_zO09xcpir1mJXhlMw,PLATINUM,IV,72,26,37,False,False,False,False
DL2VhNGrdV0014WXfMeZsv_fO17RSA80SWI-ZltLHi_Ulau8XLT8itvXr09uo1uOU3sb3L5jEHmFwg,PLATINUM,IV,25,71,63,False,False,False,False
vqfTJJbczgxbjW8S07o7AUgYsvCi8chx52CoyVi_vjoOZeFMMZbL4kocA8tB9TaryLFZAyJ_38fskw,PLATINUM,IV,57,138,149,False,False,False,False
My-CrmyeT-MXultB8jaDu4cnqDZEIcaPY-5fPKmaonBeyI068-9Io-zmiUkwnXYJJGlioOMbs5E9pQ,PLATINUM,IV,15,12,13,False,False,False,False
rPuA0cx4GWSnN7YDn__7S7KA_NuI2H8ZMDNWqyJyZW6H775znXDJSM-H8jmDtg4xZQGDHmujrqJ0Hw,PLATINUM,IV,0,24,31,False,False,False,False
fRySKyZjPSUndYLztCc-eJDSp2v0ge6Tq0PRsECkAlBNK1Cii98c2Q2D5BsLXLsmIZigxcnz2T1Emw,PLATINUM,IV,0,561,567,False,False,True,False
3jcb8qSVEyLYFMK0tS3hZWbwts3dv1Bz13bSPnEP2n59rkWEWqt3uCARkTLoU6k3OKbCUPTtH4j3fQ,PLATINUM,IV,70,32,42,False,False,False,False
l6jEjg0vX2EFMygATQwtPLNVkH4F6GPlEpj82Cfy-BQ8x5nkK5IPKCzjg-CO8y7dQEn2It-WtZQpBA,PLATINUM,IV,0,88,83,False,False,False,False
akwA0zxaJSbrDP7r3azENjqGvFMnDR_usDqZUd9ucdf9b5bBxNYp0o7xhbSVj0Zbn0ZOLAx8oqCexw,PLATINUM,IV,1,12,13,False,False,False,False
zZC1CohN8VD0XobEPheZXjal3-yNGL_-t3YySG7w0mY4T9eDAH3fwhmowyAyO8vEvOVtkSp2BiRcwg,PLATINUM,IV,0,61,68,False,False,False,False
4uP1Zwn0YgCt4CNxyh9jGEmM4z6VO3KG1TAZO8mdnn8yfB_lWqZZDEalD1QdbTj09ZeTatoiUkELhg,PLATINUM,IV,94,91,95,False,False,False,False
R3QhNojE8pjfeCk6uOZfhnVfe_oI4sBegFO_pVJ-Ilip_78Gajl112T75bols-aY9zbNirm9geBICQ,PLATINUM,IV,19,47,49,False,False,False,False
g7JhZLKSCGwHZ2UrXUv4TWXOonZ3Jrydz9Zq1nTK1ecC9tUhlAp2hGfanbFpBZKVFUg8l-mZHOqFYA,PLATINUM,IV,18,496,501,False,False,True,False
fda_1lsgA99PNijWYTopLxkcSukLSmqjQV_yUy9FPKnAY8W9_6fFP2_7zWWuFiFODiDoJtk8_qMEBg,PLATINUM,IV,0,111,92,False,False,False,False
3yWzd5-FWpgDul1CTuiLxGHe5T-_NR-WEo0K36KFwTNJEfS_6ONeuGO6wIDCfS2Cez29oVkD0wIlPQ,PLATINUM,IV,44,27,40,False,False,False,False
Bq_lm7GDSh4eX72_x-dXdLMvM-TbgB-6fnXWnrr1XZzwddPBK-pboCbqne5_QBJZQwM2NC8PF5KY2g,PLATINUM,IV,41,208,202,False,False,False,False
pp0i03UzksDcZOC92-FyKf5mISVoWNVBibA3kzj_3Q_I1-TISWiV074410fGjU23NQBYtJFo84_JOw,PLATINUM,IV,77,7,2,False,False,False,False
dqFF-JzcoEmF9SsF8YbxT-97pTkI6_S_mKgJI8EvAikWanpn3e-r9KEXxbGRQpaLJUGFlNqustGiOw,PLATINUM,IV,45,19,15,False,False,False,False
QtLtvspdeu0qO78x_fshdWPGPcFYH3n-LaErmgGgDa9qH3BXYoUaD0Zu-H_9z6wDhhg_NR8zbMU2ew,PLATINUM,IV,26,65,59,False,False,False,False
qMFn5asw5NQD5p38VcPLoGedqC9sz5znLq3L8WK4wJdJAXEJN3NI6gTdNby4rkSMz1GKjDtbUGoZPQ,PLATINUM,IV,61,20,24,False,False,False,False
RksKpByosDInMOK11ZozkvRGR4qU9n2TvwYv382E9Z0xOdNe34e7aQ5uDQ6oLwK26ZcGTUQ1ZA6olw,PLATINUM,IV,25,15,12,False,False,False,False
5DmCwVFKOHnlIl6BqGqZi4kG7b1MfkwEJ9TTovpcN5-6BigOKo8L_6n8gxRNdR90vNHKyLrsrfi7qw,PLATINUM,IV,49,46,44,False,False,False,False
o5j0onn2Tvvg2QHPCp_tSZF9iAgtA9BcX1HexS9ViHN4PIT8CHz726R4nTeGkKdK6-pCYLlW1uU16A,PLATINUM,IV,30,10,17,False,False,False,False
T4SAlyJJLnQTMLMVnsDneW0JtXbDB48ptvcH4-pOjXRnquOLXl5n8rdb9zkMKpbI_Uot9QxL5lU44w,PLATINUM,IV,98,47,42,False,False,False,False
UPbIWvIjiWCrP63b28U_Gtlub8ye7QQVl7oY4A4JJEq0Dk2nwwyd4j8euqsKAj3dZz3HmFFhf4PVHQ,PLATINUM,IV,0,170,143,False,False,False,False
m39ziwZdhYRuYKe6yWqltcx3c_etanBmIf2XLxcMeqGe90GWpIEZ1yShp8Y3cUQnFe-e6j3bKzuYYg,PLATINUM,IV,17,19,18,False,False,False,False
8O4dnCG9ICaCT59_32wW4CZ1IEjmcJMyvr7aRTxDUKEgen2R798TWKPwltNkHjAepOFaLvtY6TG_ZA,PLATINUM,IV,51,69,67,False,False,False,False
VWevTCFTjjuJNxTiklX-p8BBV-AmH2O303KsWwBpBjp4bDb6x5LIa4ZakniZqNRD0xT8t1meN5r1_w,PLATINUM,IV,60,2,5,False,False,False,False
z8x6smOgg1BYwlo3Aev8tN4FCAIrH_0d2RYRFs7Sg__xo6coFSdJjFW8g1z2VnOz7L5ZS36vFmB0tg,PLATINUM,IV,26,113,107,False,False,False,False
PWF-_TrxKmGgksDzTl1C6oAAOB7Uprjsu7uvidzgNXHpoRA-hriRcHXwPRAJkqMy-Wec7bK0boBPCg,PLATINUM,IV,89,15,14,False,False,False,False
XQKwM-zuxOQBi2ySJEsqmD9xeLp_QFX-6FSKqWDwmGjZxV2mq2sZFuKtY8ZpxHbPP8Sd8-8CH8s7eQ,PLATINUM,IV,26,38,30,False,False,False,False
wmThRGfgvanzYfqpKbL3ZXsMiOxCbFkNbiIEAajOzzNqIA0ceVNe_bONXIqj5eBh8UWGGYTOWyB_sQ,PLATINUM,IV,1,9,5,False,False,False,False
fL1pvRKA44tKmqV0A2h0CQVNqZr8qvnh0ufbLa1dRUyBlJNgGU7w7kxs6acnMcOwXCpXgE2StIFp0g,PLATINUM,IV,62,62,62,False,False,False,False
6th8ZM_PNcArUANYLM4L2Z_9bVRtRkk5cTZrVuCykLjicDUcMndfFaH7JUdnu5DGissPL4zwwYhZ6Q,PLATINUM,IV,0,39,32,False,False,False,False
_9WpGQO33ISyv-N24CK_GpWDLEzrPnnCWowaAiKP6jledwIQD96ItQhld7-VwdthjDLDFG6tt4qoqQ,PLATINUM,IV,0,490,499,False,False,True,False
ZbAMi63LGqaniZ0XBzNA8YLBft24JY15eFXOc_W82E7gIzyP_kGoOBsXUef8Ir3j4NoPqVb32Kn5Qw,PLATINUM,IV,70,4,11,False,False,False,False
JTOYWD0oDPMaZoePUN7BJq76cYy-92gvtxIH2fYejlGv5ImEgZ88-Z8Eket2x2MzK_ax3kAEO8YWiA,PLATINUM,IV,14,90,75,False,False,False,True
sncrOTklzOyuF-5c0CaODOOpKL11RyR2jsTRoCKG2YOcYxOnvvscrAfqMbvmytZ4bueOEYhQ6pw6OA,PLATINUM,IV,2,22,35,False,False,False,False
xkvYIu7kAFwLv3uxP3EpZLEBC-9Kb9jHj_4fN9a5Q1hxk_zGaTTmIywvFwZEK0quNaMplY77nu_7Gg,PLATINUM,IV,92,41,40,False,False,False,False
Shqzchq7AxYlWH2vz-G4LV0VNQhzgK7nOe4rCp-h8NQRG3JH3ytDDgshtFD9QSQrKN2Tl2MDtIB7dA,PLATINUM,IV,45,7,5,False,False,False,False
Ypz21paeJ6ZhB7DQj3Lo8OKH4uPjRFMsnI12wQkrdEcvAjhNsccAf9yP5CHW4ODVh-JXTkI2OwcyKQ,PLATINUM,IV,3,26,35,False,False,False,False
qmBOXm9s8FN0b7ytZiVx3CWeNwbGN-mfBPwigFUboHqLVZU_rRSHVZ2n9bBfUIiAp2j04t-leYHk_A,PLATINUM,IV,22,66,71,False,False,False,False
FIQdXurlDwMvIASPTawrPjeO4XQ_DC47jVcHykbv5Aa5AE75xh6gzs7eLvoaM9DpsWRfEII7msDJyw,PLATINUM,IV,98,81,88,False,False,False,False
uJpTUEuQeo9HmdfyOAcy0eEkvLgKkpG1rY8wZSFw2mJpNOJvSuFUJMyiRAjfbBJ2ElMBuPeKWQWPCQ,PLATINUM,IV,50,50,55,False,False,False,False
WsJhnsXRC_hq3svNSIjwKX-sSGF3As9J81k9K4qyTvdHlj5EgEpofwkl4g3xuIDcck3Tqj2Uy6GRVw,PLATINUM,IV,77,9,7,False,False,False,False
namGPpvpMclMzhBb8RWFvxDl3u-60XojTQdtNmMHGqvrKFDiGPRfQvN7wcdC_3cecDdc4vbUSrLenQ,PLATINUM,IV,18,91,101,False,False,False,False
02l9DNPGinMfzbTn_DwnVy-ctsexhpj1ZpRv4WG-BzpufRx94FtICMbHwrNisMWqqvMpnOqsc2FH0A,PLATINUM,IV,0,45,45,False,False,False,False
J8iY6JXU4dsKHqytYkwyr-iLy4a59uIjzYSNrfexp6uvfWtg7fmZJ9y1rzJ20Rq9OqGK3KA3G8Lvhw,PLATINUM,IV,8,23,32,False,False,False,False
-n2FxDyqs4vL5qIx4Nzk4hN6M5DHwdY1k4YX3leB5_kC773IQR7LhiHR6rj6LsiR5hZw8YY5a67bww,PLATINUM,IV,30,4,8,False,False,False,False
yE1UJ2Sb_pNOh63kQI0KSxdzjYN6qIcjahQKjlHsD1DdX96xutfbO5PqDCm6WVe5r_iRD6f6r1zi4w,PLATINUM,IV,1,25,34,False,False,False,False
uDfBxwfBpfgZbbLhxJMXAiot348-2P_HlL_1goZA-OiSMGnkRBMRa1vN1vF4ASFsSasdyCb-nRfH9A,PLATINUM,IV,30,5,11,False,False,False,False
yEsW-UDbbebdahGC3uUvUj8m_WbloUJdD42try1wfvO4oB9giSa1bfU2UVowX8B_VRPnKuDpbuJ0ng,PLATINUM,IV,20,287,277,False,False,False,False
vifLQszGLIQ39hizwMT8kOXLLkJ9S5hkiY3HE0EvcQbdQzgGFODmkJYpumEjgH8R5OiIIuPLbOYYuw,PLATINUM,IV,22,9,3,False,False,False,False
K5GiuKzgkQNdId0dNvVqGPRPeJbBc7CEeDp82dpXZ97WKTfD1aPC2848X4v-_c9-Bfw5H8IbetIV1Q,PLATINUM,IV,28,60,50,False,False,False,False
zGg8B_R8VpsDM601EuS4iPTtluLbiqeXEmtZekYSQQQEqBzc4y1aWCaXbL7nkOWKUyckypEC-YDGSQ,PLATINUM,IV,50,97,85,False,False,False,False
uMl3QUamRgMzoCBc25HfSABrH6eASDAamhI376UB79u-dK1jMaIKPQZ9NWz2PfugwF0jJFwm7WmO6g,PLATINUM,IV,3,13,17,False,False,False,False
dlA0OGi4FfcAEvMrCkhRFOr94WLlLsjqnSovfoRJ34llDumJc0q7rvp3ictH_I6RYqwJkCAydI6D5A,PLATINUM,IV,17,60,58,False,False,False,False
17wfZLBw5bOF7jKit1YDSf9dTR6vwKsqesxzAgtpD-hjlWnDScAVV3t-3xgBBUpdzODhEmmZneHHsA,PLATINUM,IV,0,95,98,False,False,False,False
kcV9y2W0sUXAa-qpwuVsiSu00JiKjHUCem11VCo_Pb9VnoUfxAt-RmdXjox79n7fEqdplnu0RziIzA,PLATINUM,IV,83,15,33,False,False,False,False
OITw9tu8OVlsQAPICpH78EbV2X8vupULt-djv0cQjJZ64IAQiOKtfAV3jSqflGP0Gznf-GOnwOShcA,PLATINUM,IV,42,113,103,False,False,False,False
lmvFJI1wt3D1AfwRwe8ivPaiCTdqexFJzNL9-d-do7ofkI6gghkrAY6PFPwE_v4m7ptiHrNTBVCZyw,PLATINUM,IV,19,100,92,False,False,False,False
r_iLwC6F16h1N8q8Zva8iIed4SiW1sJFQ786fGBtymdpWa5zsLTnGNVUjOy1GY8qPQxQ_hxaDCw5wA,PLATINUM,IV,63,42,44,False,False,False,False
2lpW-MDDjVuHwJ-C7b8kiNIBioGwbaaUoAViaOTHK8GsPNIWquqLl_pcjhaNZFcKsiY80DNQ8f6wtA,PLATINUM,IV,7,5,3,False,False,False,False
oFF1TVnlnNohSRJK83QLT9bZCve_z9Dv_cnr1yyvl1hggmSiw-wYnvt7sOiKS2FnwXE9M6gaJk81CQ,PLATINUM,IV,39,64,58,False,False,False,False
pmId0OUPrRv_PSZWRVVdvu6z2bT6uFxjQTfR4KmPTWv0KIzd6CLJlKuBOYIqn9L92n99xQUZMxd_6A,PLATINUM,IV,95,9,6,False,False,False,False
h_opVwmC2_fNnqcLbe__0RLoJD6ROAHW4upGXA6ZD6L3NE7npFN_HgIfiq7YjC0ipTqdl9qu96p2wg,PLATINUM,IV,27,51,30,False,False,False,False
N3fKHnXVRmtJQlFy4FaISERGUbg0v7jiaOlr8rg6xGYZCMeSTZcXlOS_EoYtqgFpOMGP8tRO6CqlBw,PLATINUM,IV,0,25,18,False,False,False,False
Vv9nKMgn7_OEragtvF2WM6vqXJxo1GBLMN0l4xs58JIum--1Ke-zH0d0cNlXgIENx7BiThD1q0Yx6w,PLATINUM,IV,82,28,24,False,False,False,False
gciJg43TW6JEJ92dzQxraTPg-t6owwiCObVcR2xmcp3z5mMo2AMErtEWXL9xNNkve4jufp15dpB_hw,PLATINUM,IV,0,77,79,False,False,False,False
NkI26736FIJyasUKwE2aY9Lcwg4OLIv3aEuB2ubzxDdTYzbBgg4xN-YA3apqnOBI8g4ks40RdeTcUQ,PLATINUM,IV,87,89,81,False,False,False,False
_0NqGyzBVlAkfUT3bC6h9VIn0brqefi-LzQrdcn2A_fkd7zpae_VnD_Vw0iDnE9yrdbZBgJ8-sXXRg,PLATINUM,IV,0,26,27,False,False,False,False
jlVw9umYqbe6A40to-P0jIbWNDlkYVUEL5XpfHM8leOhlqDBDx1UqoCQ2npSpDSlw2haGzBosQVJbg,PLATINUM,IV,13,173,147,False,False,False,False
iKUqfCX5c0-2Gh6xUec-jgtKs5w9t4twe_UkZCR9bSvDZrJX1CR2lwW3xYIshCFYhjIwDv2SVKnqkQ,PLATINUM,IV,82,81,67,False,False,False,True
_uyZylDvv6NA6lSsvNmWnBakR8jNDfxmpwXvTEhu2H0mx6zPWPsgcSFFHI8uMyrvuFGOsrHNbAjjeQ,PLATINUM,IV,96,48,49,False,False,False,False
vmz1n35e76hJ8phbcTziysslpuL0jVbBDbNGQXSzXvdmy-D6ghWCyYjZf5rAbbzREvmnTFY9X8eZjw,PLATINUM,IV,0,27,28,False,False,False,False
ysN0sqOrcYyUbVOceIQnbdHvUUZ6KVz9K53rKVDq0_M3HWFghJpqtUHrSGOmVySnqppBYFvVojIh5A,PLATINUM,IV,96,32,27,False,False,False,False
7CzZVmc90PX9jpOK1A8l8Z41PWAEJoxu3cwadTMUdJMCZTnrA-y1VrcyrUHfoEeKEZuuyPgltLr0Vg,PLATINUM,IV,30,236,229,False,False,False,False
68aaTn0qMIEHBn9YvONogreCnGkNyoMJUJMu9cLLLZzHDVfLmwzaX8SD-WuHgj8SBxN6977BZNcaeA,PLATINUM,IV,55,45,36,False,False,False,False
sm5RJdI2PazBCLiM0CIFQgthfxsXlldbu9up_rIrdNpq4yxKRaQR5qJEajaHD_QhkRlqUC_XULIkBA,PLATINUM,IV,97,4,1,False,False,False,True
xD6T9OI9iK-BwfURJw0Rw7SsDItAVoPAyFJnWE6KFfFzyXEoPKg-QHWmuTNE2FzUML-YwjvL-q75kA,PLATINUM,IV,18,60,63,False,False,False,False
m2keBTsT_1ekaaG30kjdcBVyk_Wm9Mklzz1o613MqjVoyQGRfnxDz7QPj-mlLOcr0mmPntvK8nLMag,PLATINUM,IV,38,201,193,False,False,False,False
OFcSLSecTcgdGmVfQE-MZsrxI-QoMEhz9ftIyMAFdgsmm6IZDb0RbFvXii_UOjmka_l8k3P6mPYBEA,PLATINUM,IV,67,74,61,False,False,False,False
qGePmF0aIjLP_TucpV4jiDUu42oW8UItutb_07-6yH8TeKuQZdigX5hvPIAiVemVcBxR41NjJuNdDQ,PLATINUM,IV,30,21,10,False,False,False,False
EimEwALA2jMWEge8qQqcAvo3sfIP-c3jAGZUUCUTzCId2zj0KhV5o5UI3zHDPetYCc__AVjr8wkegw,PLATINUM,IV,75,4,3,False,False,False,False
wpxZgckAasGWH39-_FEONAXkZ7mzRM0g08plhNQzfL92xynewgcg-WNoVApIEfHoYbEL5tHo0VV2NQ,PLATINUM,IV,48,123,111,False,False,False,False
y_soyiiOoo68EmKzdzpPCqW0_tf9Lvo7frpnyo10xpYm9JOMooMCkOc7gtOWBtdnqanxSPZ1UEs73Q,PLATINUM,IV,27,14,9,False,False,False,False
L3LkGPQ0lDbjlQl7NgOdtZtPLs0Q4zts3VnL1pvqZPPx0WjpauH11H77yV8hRAe9ZCC6L63jKCwAAg,PLATINUM,IV,77,68,63,False,False,False,True
ALh5FDdMvhHywOOVJWFXjhWgOJ-SG-iDBKBBL4OGBL1KDPg0n9ZGLMTvzvxhadSA3S6Rg5MPUqqpLQ,PLATINUM,IV,70,12,8,False,False,False,False
nMUXgtxb51DLoQLEm1kcojXK-hiGpJknK-lBiweFGJxiCbjqyb2SnqrQEaot1zWWtCY7r0vsgtpfCw,PLATINUM,IV,76,95,106,False,False,False,False
g7S7MrcjKjybWr3-gTD_H1Vipg0eONZZ2DvKbSpCfDWkoWdGYWobANIZoXjzp0JPtJ3irvGbyEZisw,PLATINUM,IV,41,64,57,False,False,True,False
9UwmAq3Ev7qiV0nlMd9GNxC3gai6H-iwJkGcvr3D2vvUhSqZy16QlxU-0lJiDIy78CQx0iZW6RTuyA,PLATINUM,IV,33,115,113,False,False,False,False
42AzK9eFHlQoRxMI-n8b04odfa2IJqSOv6eiFIlErDLXj93KkTV0Ak-Tun5zxQiMDxB5xSYHbPIMCQ,PLATINUM,IV,29,14,18,False,False,True,False
4e1V_jAa3WKqtSQ4JbeuE4lKduF24ws4pXPXbztXfTu1vD2WxK-u2GPv9VwMrWHEK01_mjRJa8Asew,PLATINUM,IV,80,7,11,False,False,False,False
x4I_sjVnkCVO6Hy3oymgEwXY-Ai4ZyFrsJeSyR430bfcbmoDMizT6TYdvfQjnO2r5KrBUEeF33qHaw,PLATINUM,IV,12,164,146,False,False,True,False
AjPlLPXV6xGbMRz8TP85SoKUJLDjrVA7FfmSnApaZOGbEGTnMPiXFwK43hfIvN5VmvTm8aMytdpiig,PLATINUM,IV,0,81,92,False,False,False,False
SEz-MJEQC4MTA6WUPHEAKT945rxghzkltqpybcIjIzh3Ja_2KwgeVVAdIb739S6E4X_plME5_lWK_g,PLATINUM,IV,21,125,114,False,False,False,False
9o8T2D0fQ0sccGqL2ALm_mprxIa1EXxIB17QcM0OQ4Gq5hqr2RT3Roujf_dfnuSdwU0yve2ED0MnpQ,PLATINUM,IV,98,42,47,False,False,False,False
oaZjHzjRhvrFrgk7CslC6Nb7BONO4876Q7Ma3XkOVE847PjBz_gCdo7RUYaN_KnWU_gXlPuhgta4wA,PLATINUM,IV,69,130,138,False,False,False,False
WNiJMdT3fVnJseRxFWkUCF4qyzB92mEm5EgI7Gvy8rqg7AEvbFHctQJRh9qyJcPkZSYlCGBDU030HQ,PLATINUM,IV,52,97,93,False,False,False,False
lIECRGHByjgMCqFct30NHFNg7p33PYbkYtC9iEhIAp45x45qDZeZpQ2VTuZ-xMWb5nE6gFhXUvZTyw,PLATINUM,IV,4,35,39,False,False,False,False
W97HHzV4sTaUfAstqTJ-MD0W9e2p-S4_8AetGFmSZTGoeUJnjhrdDXAqImgzNRswr4NVkSlGEYDEWg,PLATINUM,IV,19,118,121,False,False,False,False
2Q1umPx5IDod61Bc45dO8Hm86xqIaD2hazKZgIjB9W1lP0RTqv9uhJ5ucsRl1b0MoKbZNgDLHAvdHw,PLATINUM,IV,0,25,22,False,False,False,False
_9-LV2yl5TydWXJP0_PBI-2zKX8cZtyk8kLcLQ36OpBvZlqeC0AHWy97jYRnyv97rP-PyiO_8Kv-fw,PLATINUM,IV,42,26,31,False,False,False,False
qYJ_b9Q4Rr-08BIhlKeQPz01fspQC2pVPp8Tfcnf1nLjRq3ORLgP62GLVDQ6e_WVd7nVAkPF6Z1M-g,PLATINUM,IV,38,27,36,False,False,False,False
Im6BkSinUtr_RhpRD2oR6zf3Eo-F1-X4jgjJIDy1ZLIUCJ_d5uqoB8F6-IyLDyUtsm25GIGxRKM4cg,PLATINUM,IV,47,190,196,False,False,False,False
3ojIB4dtsaeJgV32Qy5V2aYaxZLlPcyBoSFOM4U7v8W_8vellpiV4-0BQaF80bvlZnPCl39m6kAbEQ,PLATINUM,IV,21,15,12,False,False,False,False
tHxlPaqo5X-qugtWId8XiGaw5scaLcFdMlSKUMzPV2SD6nxOAhSWoN18aUb3FTVngF1A2ZVBmIYshA,PLATINUM,IV,66,61,66,False,False,False,False
DjkMNRA0x_npMNKda1N8HmdHkKgGTTT2raJvnlJbqqZMWBm50eU3kShBZDqEO4jKPUkHkYd2lOvqXw,PLATINUM,IV,16,65,63,False,False,True,True
5P52zfsz-uGu6bk2QGCoGPkA3Sk0dm-WuRhfIk0uxrKK-ymJuQjcO9PcDQEgcRnzhK4p684h9gGm7A,PLATINUM,IV,0,27,27,False,False,False,False
jx_IoBeg6bB9NdCqE9p3w_K4KmnZWz9Sr6knVgDe-rqWfTLJnZ0cdo0ANw-XgH5UTKjmoEXFkGKkPg,PLATINUM,IV,90,93,84,False,False,False,False
ec_Qg09AlaBPS8Iq4fT_bJw_JqBzDw68ohwT9QDYTEHX2bFoW786dL-XKQfDHGtygofeDs5Dh1gllQ,PLATINUM,IV,10,7,7,False,False,False,False
zuMqjUaOOFsZtnY928umu2JTlCMvLASvAIWfX2hMjy4rLAJoX4-8B9Bd1SgUslNPv8MHeN7CYGQoVg,PLATINUM,IV,84,58,50,False,False,False,False
LCrrA595ag3vanMkSJk-MEoDjbU7fW_kRKzhbB2lk4ZAoHoL4tw-KmEr-HbN70IYmznOKhhAwdh84w,PLATINUM,IV,28,22,20,False,False,False,False
k0twFmWaR3fS8jCQyul1esLksxpgPXv1YIcWWlFznC80cOyz-nZtVGTuYgSkSF8rNjMexxg6Pw_Z1A,PLATINUM,IV,30,113,116,False,False,True,False
wPcx71hU4aa_w_IZKKAjQugD5UdNubKhzjr3CB4t-TBkXQ4jkfMQePMe6zCawcEfku9RuzZ27j3Xpg,PLATINUM,IV,0,58,60,False,False,False,False
-MtR5GaZX55dJlmVxeW15qgCPa17htC8olNHunT5ZBgwYc0bykZJKO1RUewxXv8dHdATVHpYuGbP5w,PLATINUM,IV,57,11,14,False,False,False,False
sQd0Ta_owg5Y0K8_jyAjkW84x1MZps5qGRXmXGByIF0RZ-5UAUBVfYQIvT65rTusUSP9T51OpXImpQ,PLATINUM,IV,93,34,43,False,False,False,False
euExqix1Y4XRd61wRHPZmcq7nIZVatgEZDEZRROzxm2QhaT1yMpMmfxwYTwcNQ98tFzLu418PERVuw,PLATINUM,IV,46,79,57,False,False,False,False
87MnNcKLaBQMnKTAydH9tuhuo3lxD1hMpACCBUHI-rFaI1Ns-i4auMKDWgagjrCWx0Z0nq6x70ma5Q,PLATINUM,IV,27,20,15,False,False,True,False
ZcY758p4L7vDLCliAf17l4Esz1pDa9WCdVW2v2wSNPCQPGFpd-bS2nb6x593lNoSuQbI4bB7CZfxRg,PLATINUM,IV,0,259,272,False,False,False,False
f9OTHjmRK0h_QcwaEWWZjOopTPgrY04_Kl047dBdm3x3xdnvYhFTH_zjdxPyfgLmRItxqULqam0x1Q,PLATINUM,IV,54,38,43,False,False,False,False
T8DNygmEc7J_HhCmRnY3VsZSL4hrzBy_8fBw20FMlmHd5Oag34h-zFhDjg4t_zgUIfZgSvtf_UEezQ,PLATINUM,IV,18,63,62,False,False,True,True
8cPzkNk7ay-KtFqj1O0LoE-ztP8rpdN4L4bxjmPuYKBee3xKWli4hdQIHMbC6OC1qAq8z0JW-5Tppw,PLATINUM,IV,75,101,100,False,False,False,False
8W8rMcnCmLIipOgMn49kAKwSpkRVXIQMRMEYcJDDSWNKzmtzB3Cd15wYv6JDhUkoPeKS03M-8z0f_g,PLATINUM,IV,0,46,44,False,False,False,False
9qwveHwJKhJzCvhezC9-ivoPfaYOC4xt_0ojWZNABVKYSK5F_K03Yv9ex7ZQGo2XxJ_dHfydEf2xhQ,PLATINUM,IV,83,215,218,False,False,False,False
Ez3k6PhjchP4xqzo_zuf-bfP49mWSHc6__nlbEfKc5gQETe8aBCq9k4Op9JBo_IE9sb0sWLBir4mEA,PLATINUM,IV,80,20,13,False,False,False,False
pFtm-TTEkj6m39y7XbdVEMdHm9k2y9YBu92d7I_KsfojxWjNY6Pj5DVJJolz3WNIwXm7CDTSMzLp4A,PLATINUM,IV,0,28,36,False,False,False,False
4OpyNAX2PC18erl211ETPmsbe-LHr4GXaeOhYb_jIE1HSO0yb_ySODSzcoGdtqbGigCPCOa7Dddepg,PLATINUM,IV,96,15,17,False,False,False,False
hOLauBcllCW5bTrTTnHiIZNUkKcMmqIKG-RHSPq_hoHgX6t7o6P7mJSWE1jjhndFMebfuUMR-Af3YA,PLATINUM,IV,10,6,17,False,False,False,False
Irh2djlC1YRgZl4hZThOV6TMB4JUQS6oqjRrNHaYh4974WakQQij3yIrq3I1Cw9l05KanZlO3wsvnw,PLATINUM,IV,55,18,16,False,False,False,True
XiHLA-zgpDlqEonYi4b9dIbqZIObeDlYRC-J1oUxYb_umu_SkeJ7jX3MYy88jr4QHMbudN2JConIDA,PLATINUM,IV,2,93,89,False,False,False,False
dp_lQXqYQ_JaC_NmpGSA3jvB40J-fNrc1Q49HRwhUaCErkjhks8AC9uLp3Q7_CZQyN67zS5WaGcr8w,PLATINUM,IV,23,30,16,False,False,False,False
631c9i0mdtASoPH9vbJ7G3ZvKKux5FSyK_JT7oeEFb0d51Fq27tFYSxsj7ch9MsVbqr-xyhk4KxkJQ,PLATINUM,IV,40,9,20,False,False,False,False
U7exFFWcOLAAGQnYOSBzunldUgDkF9cbjFV-mJD16qTul7lYFybuBXYeLeWTc4Fh1H3x_7ZgBAgIxA,PLATINUM,IV,13,12,20,False,False,False,True
KTImk3ps-b9DAoL5JXa8A9k91HGD_HrP3hK-HZsedwFJoJZQxuai5j8_tME2ZefywXfrsABa4jEcYQ,PLATINUM,IV,33,39,40,False,False,False,False
S5jIEVP0K7_4g140PGZfNbqGuaVWAi2ipHSjrLAvrThb0b2dkW-56DThzNCR-z4iuEiug6OmnVHptA,PLATINUM,IV,41,28,21,False,False,True,False
jTgIbyr1jYKsxUEo35M8b_5stdjW1pApMBPI1aYvkZVIoKyfxBwe17mhktGKOfQTZZA62YXb_sLVJg,PLATINUM,IV,95,34,25,False,False,False,False
IgEuHRKqv7Ld1JNNFOiu4fJmIP4B6I9NLgQjaYzSvPB-EDYG_6GSsmOy0BY33TIhGVfJWPeWjmzpNg,PLATINUM,IV,30,12,13,False,False,False,False
kpv8-28s9XR9cX4iXGY-PZJixUo9dLq7id0hbHhZ6F8xpp0B3KJE3vdGtLkEBQj1kFbFYT9tzvtwWw,PLATINUM,IV,3,16,15,False,False,False,True
ux6jSqZ8ZSa54w3vqIj7aVk2A6BxdSEYoSJi0cBdpeOaJizCbseNCPtZA0H2iw6bWYJwv3aa9eEXrQ,PLATINUM,IV,12,25,25,False,False,False,False
FRuFjeDy1o_o0wIJbXjRlsCv7MSMXgee_eyFd5BDfBbtNF8XwEfAVNfsZ_AU8i7RRGur5A-RJ9PD_w,PLATINUM,IV,48,21,50,False,False,False,False
caClrwRk0HH-2_b0aDjY0BYRXguf1xwSLa8J88peMC4VwYHj8SYsbxC-Q_LpdX_Ba_jDzv5iGRDkMg,PLATINUM,IV,95,5,4,False,False,False,False
OKfuctruGEUG0I07rUMB0P2p8DW9Z2UvzBYYUtS7MOFhThHZCKe65WwcqfBqQUJjoaCTONI5OActMA,PLATINUM,IV,48,63,68,False,False,False,False
0_oggU9wJ9lZnjK3bXzgp001bPXljroWYGD2WXXs2V1gnZ_ALnloecfxBcMTh9UtIX_sZx-34YzRuA,PLATINUM,IV,54,29,35,False,False,False,False
VR5bdAj8w78t8DZAkLVy7uB5cCLAtR4P4RRl6XngmtJ9gpnBTV1GqA5fMK8Fw03SvSPqQnjy_OJR8A,PLATINUM,IV,6,223,220,False,False,False,False
SqKvQkYfP7vKnsr_PoJg8xnEjL9RMdULvlcbaUf4AGQ-BAnqygh0N6HgDsDAcWgBKjXTR9ZsLzR0_w,PLATINUM,IV,71,118,122,False,False,False,False
eDUMdCJ8OMyoB1isK-ghjbmU-s5k6SIqZJHPxhj_G-cf_lwrUP7uWkx0pei8k4Z9hgHpbxLSojuhwg,PLATINUM,IV,23,104,84,False,False,False,False
nop-DYzJTjwCcLQfcfv87aJkzR2p_1cF2uyv45EuGBdWB_g_OVDGuGVEb2zaziI6LI4NVy0OYmfcLQ,PLATINUM,IV,68,160,146,False,False,True,False
Y6JbeBmffJW_2yEm2LbaBmy0XLgV-wCmkeh6Pl00gzdZanE8zu8xMAyGqjEAKTKq8EstFFCQtNt4MA,PLATINUM,IV,78,233,236,False,False,False,False
oZrJDXhfXvrR2E5VDWKXyPJM9OwLDlTvOxEHYwsF1fEXXj5gnmda5NW3D0UE4wXh49uAIyW2ogFpuA,PLATINUM,IV,52,97,97,False,False,False,False
rcPVi-mUDTC4iIFLS7Y54TaGm-NeJuroi3BDLWjwL9r6TOpr-TqRTgNvWtW-Vdd6VESaYFvoT2A2aQ,PLATINUM,IV,55,39,38,False,False,False,False
epWoiyA8qWevCmh_ITKzBu6CQ0D8gnfTnChZE_djzTupRU1jNrADS14ez50VMrfQTA9OxB_eCU6JWw,PLATINUM,IV,36,33,25,False,False,False,False
sUVx315FpZnq6QsIR_zrpsrN7l8hLp83Zax0h6fB2yy4MacAAXvoH5q8PfSKBArUbEE8WBf9tk20Qw,PLATINUM,IV,36,136,148,False,False,False,False
c-UfkdFkzr1v4M1xNoWwNOyEk18eX3LMRH259DdAfD_Kb-CQdPo_zvCoez0a7hjpQllnEAjhUzW45A,PLATINUM,IV,10,11,11,False,False,True,False
euk0LRhFHTkVGkpwLIrn3qoH0x27PHWB7H5rW9LCGVzIIbu-pTtY5JjC00ToLYEdxFDnFfI9AKfY-w,PLATINUM,IV,68,13,28,False,False,False,False
UUnOlKpeBJoX-f8aG60VuquVx0sREYuVjVPO_Zg58qidC5e9Yv3OwCx0ShHl1ZkOm5kdEbRpW2Lorw,PLATINUM,IV,35,10,16,False,False,False,False
MH_Z-SlTD-CiL9hLARPqjKzvem9f5lpJH_kohrhLkveQUDIO-hE9I9pY7IVq1otB7fIOS1Y8Kfhbfg,PLATINUM,IV,3,262,249,False,False,True,True
E-iWPHaBGo0a2DTF8Kv1GJpKwkcagHsLTCppxYxX9fiDn--cEy22HinV143B7r6dbTplewo1zHZdRA,PLATINUM,IV,67,33,24,False,False,False,True
HCVvjtl2JGcuPNFu8Jeh5y53IXzkEb31nZdbUi8834oP4zDeLQkfJeAAA19JqJqvP-FQvO-ALeicdw,PLATINUM,IV,54,208,229,False,False,False,False
tPRjA7FM10T9O9Lm6n02cAOfEoF4BkVXsauEG1eWbj9fiMmz0ag7ucaYqMmsENXIzWkXnaTyQGJZSQ,PLATINUM,IV,82,11,13,False,False,False,False
VX3XzN29sde_0o1IZs2FAhTaVUvr_eJuA3DbD4fXbqr_Op8k9gg3m5yvHT5N3wvzKKpbRsV3ISZxDA,PLATINUM,IV,16,14,17,False,False,False,False
M40vo2WreoXrUe5O_DaKvcpSb7LpfoKNJEVuJQmbrjHhaaRNUKtmDUqc6IlPKxPkLayumU1_6M1CZA,PLATINUM,IV,31,27,24,False,False,True,False
o3d31Sn8e-y3wpxxZdJcc_bULF-YDjjm4ylqbXtcl6AYGtASQxeD6sJoljBjwWrHvWGut8ibck6HKg,PLATINUM,IV,0,140,139,False,False,False,False
EdJ7v6Yt8GBkpBvOxw5OMRjzOG8xBSF577bbG6zsw3moyI-wH2KMDcYUBvXzWytbUDpkmQ3jdHfFDA,PLATINUM,IV,19,57,42,False,False,False,True
BQ2OOLXT9aT9HlMvGgO6PQbhIykmZo1m78YlkaY1QPZ7GUbWZnzkvkOlTQ5G1-WNSZx9JfFPk6ZuOw,PLATINUM,IV,61,6,9,False,False,False,False
VWNH4cJHDAqYvZtiV7jpa2mlZNKQQdxF4HHBbbzzEjV2NQrLZS7pDRdthL-RlF-aacHSYzbrn67NYw,PLATINUM,IV,30,2,5,False,False,False,False
lyv-P-CTgk6hem9y39agAngQrqFP9T8h5jdlStCMTf0AEANk-LqW3Ur376ToSK-1urxHp4ZPXievMQ,PLATINUM,IV,16,15,26,False,False,False,False
Deh1QS9fk9wTHVGhmMBsCt9O8r1XCO6WXJ9mdPdjmZBPnLVk6Ausk76Hhn7xe7D7lw8eWLrQLJT3ag,PLATINUM,IV,58,61,54,False,False,False,False
nobFwpMGMNTJ-cV7wQ9vVhMy8OgpugmSTFFADC_5gzbEn_8bnNdg2ge0aHRZvgtvZnsuCNn22lowWA,PLATINUM,IV,15,9,5,False,False,False,False
i97cWB5159yUEmjWiI9-NXQZlpSmgQjxj5b0ZFZWbUiGroKOBEwRjcujtW63mnQmBsjaKYv3o8nS-A,PLATINUM,IV,28,124,115,False,False,False,False
XyuSUHbhf5M2pH4BkkZ0FlWYVXRcqlQcnwg4ruCIFnY2j5dgsRZRJBfaiZzdIoa1YOzpK4o4HWTHbA,PLATINUM,IV,0,309,320,False,False,True,False
ZSkHsDKsGW7eC8j_X1UKgSxPJPgP0ZcBBQ2xqD1hCiPTQdd2EN369HSnP138UY23J05B16UNi5np3g,PLATINUM,IV,4,28,23,False,False,False,False
diKLpIOdoklsY83BWBUzw-q_Jp33iZ78--NwVYLbkfljRkgCQscMvCMSS9nIR0YTpX9O1Ab4xl1vVA,PLATINUM,IV,40,19,13,False,False,False,False
nnmHfPxc-FyS1wwmi43qVSeyn_Gab9z6sfipMoiOhRTzC22LIGViRYMveuFQDicPOSziTdCNReB9hQ,PLATINUM,IV,15,4,7,False,False,False,False
7ovkaAkznjJCbCzDvfeNeRXRZwz6v7eMVENj74B3zdoY5cIosjge4eX5qC8vVKIdlD2F9GKUUrwXeg,PLATINUM,IV,26,112,111,False,False,False,False
shUylvVe-WhFliN5uniJg_XSEwhsja5LwhK2qfQLwWmaO407x5pzkOMruXYdKW2_BhPh45t_iOe4Yg,PLATINUM,IV,32,43,35,False,False,False,False
G4Y_3P1Wm4p1XCUNYyU6KJx1ang54u2NUOT328mME1elUuuNtbD2ompsANBq8ZC95ufc6_XE58QjYg,PLATINUM,IV,90,578,573,False,False,False,False
Cv2T-LzRbTXiXyBP4dpjAyt5EhQ0ybeCu5lvecxO8hycjm-nwGVR9CXfjtDjUfma2RK_silIUPWQPg,PLATINUM,IV,54,28,26,False,False,False,False
qRza5JyIW9yDfuZylSu1DUpYLZXD2J2RlOfumhBhw3NPOnK90-zeZtZ9dGP2a-As7yTPjrBxlaUsdg,PLATINUM,IV,15,217,210,False,False,False,False
G0ItH80tHb67jvvphjZEVUeNpJITOZOE72arDGA6MusOvX4h21GujorGKUJZHNvA5Sa69Zrq70hPgg,EMERALD,I,75,26,15,False,False,False,False
tJ0xcCtt1yDYpmCN5mn3z9ClmPl728TNBiSfmri2ZPsXFFCYoc6axDY1Pdv-1fQNw3KcJ46ytw7nQg,EMERALD,I,32,543,520,False,False,True,False
JXS6L2CIn5ZNGfOBxP0wlt50xdTmVM-x-YGHTAgpVtVqeNdkCSBvhTMiPEulFnS1tDRECSzpuwBRVg,EMERALD,I,75,82,63,False,False,False,False
_k7kBvTwWmuN1nXhBE3fREpDC5mfNAhe274k7mkT1zuRJWOwTK68gIYgNZQ3ILTUSii4nWvBOOP-SA,EMERALD,I,19,91,86,False,False,False,False
lMSS_7hCz8bS4i3PwkeOPqjVgLfGdrjVnQO-m3sCVaKqXxTGwv4kqH4nbxIhE2C1OfiJzNKm545f3Q,EMERALD,I,75,104,95,False,False,False,False
zsf-wZ-2Bl0Jt37N2wIaor8osTfU1I4tKlQMtrJA-vWV7jysg-pFS23Tg3QaO332L6Iw2hirmsoTqQ,EMERALD,I,75,38,35,False,False,False,False
G4LXZLohriJDZ_jDXZxFwtgax21KBJE4hefSKfo-if4wUTyqv8Hm28Upvvs6POFBt_j57uPmeZPJ-w,EMERALD,I,75,240,208,False,False,False,False
yF8tmmTEruDKmwd4e839mm3a41PVcpbgx7WrZUSAncEZE0sdEqvewYIpeeWRG43N-fdh1QeTCIRzRg,EMERALD,I,75,219,205,False,False,False,True
QATYoATnI6T4eV_3WvxPEnv91Wi_SjQ3Qf5QcZpkOfRbOdZRBGr6AoHupCFD9608bwj82zCLDkaR0A,EMERALD,I,75,28,35,False,False,False,False
WOmsTbz_ZKpoK2pj9UEbeYKFSSHLW04_tEAn8-uhfFgBr1c01kGGkZ6GOLiKiqDLHDKLiVLBXRpwmw,EMERALD,I,75,87,83,False,False,False,False
yMxfij-o-GHCZIndbmKJN5QOhmKFjNtaJRqMjkGn-ev9r5GH1kHJz8NQQ19GizEOMN5ubaa51H7IVg,EMERALD,I,28,204,209,False,False,True,False
a5EfSlylQ3WL9xAid6-WdtOCdBuZKQ5lFr8Gr4FzS31MagmZsddg9Mtp2dB3CKLpA-Drw38B6dv0Bw,EMERALD,I,75,30,1,False,False,False,False
ylPq4N45MR_q5A8T6bgFJLSGjxWD_QJ-P7jiX3VLJeTgnz_Wkcv1IwTSjgUk67sfx6JRcAg_PE_amg,EMERALD,I,26,175,165,False,False,False,False
EN0f9xlMIY417Sj8IY31p2F-KSz6oa3ylpx6nJhi_OEOfm9LpRh-hxEolEn6YWZWmJPAoTr2u8tH0Q,EMERALD,I,75,65,62,False,False,False,False
boeBDgYQqO8mHLXAQMv_PwyJY2jpyktFRJWUUHfkl5zX_Kn-NHoFo5nB12qHM7281K_POJJ3n_9wYg,EMERALD,I,75,43,32,False,False,False,False
KhG6ofToGMs_YDUHKyla4Ucp7dm21pVrcytvDlmURNb3Wb_iyb1jbiWX5W43NcfYAnd5eRXk2iXJzg,EMERALD,I,50,137,128,False,False,False,False
MqCN5eCQz_mueBVbhutQH64JrNxNo4-hViRLJgwBpoZBwRNalOUjEUfvrCkTp1z9YJC6wFEyeb9sPw,EMERALD,I,92,30,25,False,False,False,False
gbZ3trg-fo2wbSFHIZTrNP5v2_onH8XXkVarAcP4QBZA0P28ahPRc_z2eBqUnRNpL0rngIUZHYQsTg,EMERALD,I,75,73,50,False,False,False,False
WFkTuvrl_0Afkjls4Q8E-TBsslzj3GSHRYKEtiRl_Xml7ELzODLBrREfGJBdqihbLLcnpczzTrfCTw,EMERALD,I,75,32,26,False,False,False,False
2Zf2F3Szm7uqgYEB4PGViuRZX7Rp_fuQzp1C_31trClgIEGAk6F__vsIpaankL7_tJI5iMSRTVuvLQ,EMERALD,I,75,57,48,False,False,False,False
TK2B8t8fwSZH9JhESorsx0xUJFvjbcpUXzktUioX3VBRk7B8915jINPr0s1x5PCeSGOWE4ZC59n3dw,EMERALD,I,75,44,36,False,False,False,False
FhnC-EhoVYAvhU07AhD2W-cjBmHQKqqKklJcMKaY6Wx6y32GIZBUXFBukwQ7_HczCwqk47yplR_HVQ,EMERALD,I,75,48,45,False,False,False,False
uFfGen_yT0GXs334TREfNJkK3_O-R30qCzyU4dbrLGbvx7lBKX0qMY4dOM8Qj6qb3AgPdtKJWxcTLw,EMERALD,I,75,64,54,False,False,False,False
CCGebHXlFazOcRvhfFiv_9luNao10bkwPZzmyCiwNLEVMsxgmQr9Im7xOGw4G8RVrlYa7dzp2Zw8mw,EMERALD,I,75,207,182,False,False,False,False
YngAOBK4QMoAgUOtnCaY3mcfB8AvDuEKSixqxiBHh6dTuONbLh9ANS7GT4cjrq3hH-cqfFnkSxaIFA,EMERALD,I,97,4,1,False,False,False,True
hp1ULERuchLvqe3ecp6CfbSfp82RzaUBiHWb9ArRVB73WZBL7LHj_kIn75mGgywcfag4rzudK83IHw,EMERALD,I,30,53,36,False,False,False,True
ItbCxnxgFmqbPQWk2neNuo8drGNR6iTapD5EOcWXP1QTFrsAKErV_EzsMc4feWRsOzkDdhLNc2YTug,EMERALD,I,65,27,17,False,False,False,False
p_OPJHle0XstMMfeHTC5CaHcEuE5kJB64CoP-Kbf-8rb9e6mmlr_403xUJrjUhmUOeYEjwFoxJbmfQ,EMERALD,I,75,39,32,False,False,False,True
d1mbTxaUMLAGl0i_tey1uGJQOcLANS4i0atfz_u6DL8TEnzhr6BFGton_5gBJ5yu-83Aq5QCyI06FA,EMERALD,I,87,8,4,False,False,False,False
V4j09ogUPr5dc6CQ_pEdyBD8QKcqu0OHNEv83tcQG4wXUVgE25XLrRIQXSqE7XBnKM7souPN80NzDg,EMERALD,I,37,268,256,False,False,False,False
LLERoAWD_ZcbpfmF5fZZTOSy-ztqL8xEGDYdSA5pi9WxI9tfaLg6fpw0HWHRLk2JIPaFqQcEwE64sg,EMERALD,I,56,129,130,False,False,False,False
wAUsGmSGKmJpVSLksTcYXW4anO5itEveAKG0jYK1xyvf7Lp05cZh0ELb-OJB0QgUyoCOAUE8qig8qw,EMERALD,I,24,90,84,False,False,False,False
xmJJq8AQOBvsZDL7nRwYAemQDYOEYE0BIU_pveBbR9EBHJ7YmQYeDd1Kt7emeF9idlaIVDvLtmzaIg,EMERALD,I,75,44,30,False,False,False,True
SPAAadnVYZYjbiS9TDTgYAOUGAJw9NmwNwT154NlmdD1jEztotKXiSd9k04Lev3VAUXCXDCB7YH1hw,EMERALD,I,75,115,106,False,False,False,True
cD5L1FWDARYf_KtK2yRLqXP1XDzq_1SK7mTrBFcJWlS80dzOvnlvH-TclQUvLNZm3yeLoFnUHtQ9aQ,EMERALD,I,67,82,77,False,False,True,False
ovv3_Y1AlIAI9WWNkFQG5Jcr0DlF_H9M73ZHf-OAx_2a2cXZCfND9OzuXsievbmWAYNrFsM_JE9QpQ,EMERALD,I,61,52,39,False,False,False,False
GlYUXT1pfQnd8oGpQWSX-ih2biGrfNG3FUlgq9nad1oeldZILkxxVgLH-WnmXtJ0-bRRzxxM6820pQ,EMERALD,I,3,54,62,False,False,False,False
A6j6NzZ6u3iaprbBtmldUXjvZS_guwqzZiKHcoO-aX2cN3W4A3g2Ab0PwKitFT5nqmc-cCGQIn3W6w,EMERALD,I,46,75,57,False,False,False,False
OHOO9GH8wQxA48scnnbFfBINKfpKbmfk4NlGJfrWSIYK9dzpQV7xc5yzWDaS4k8vB4MmDfJ1a9z9sw,EMERALD,I,75,47,21,False,False,False,True
DtLd-_XP8BW7ZL0TdASSUKKwfA1vEhZl5fYbPcJY1EJ-i2dHzrJd4QXBkAkl2XcwDIxLi2uFkKy5cQ,EMERALD,I,30,51,42,False,False,False,True
yNeJNxpL_diigfMivz0AR4747QVLclE8LJgT4Qrrg1KZ59SYIrIejK8vaP-0WXGyJJJsk6tUnrgNsQ,EMERALD,I,75,14,11,False,False,False,False
HY2QoDgi8JGSavO6j2Fh7LyZ3QNzGi-ygztAw6oJFBeuLjBX-GUsRqkgU3QO6cyt-78vLkBTso5IXg,EMERALD,I,12,25,29,False,False,False,False
nSEETs-FzrO1sAn5QG4j0ENyIgbrBgHL596fuJdsOF9Ucnob3EdGqacxzbj2aH4e1XcJqYzA67W4xw,EMERALD,I,14,132,111,False,False,False,False
30s_kM8w2JFlVI6pmh2-781V_DP2MctWrtWMYVs6cKV1QHge5bBsHUd681RFGVNnhXEsYe2nDrOZmg,EMERALD,I,75,54,59,False,False,False,False
cYxIMZsWMjuwsLd9V-dIm2vLHsPi6_QKkUNM9ghwVflWXPUtfO6EeEXJsieaRahWYqJqQdePOtMs2A,EMERALD,I,75,11,8,False,False,False,False
gxgx8GCm8JTvd5R39uGpEzwnLeq7mfhb44Y8KKhsM3W9znPnneaOLbyPdNwa4tu8w69uYbKxQ9xUEw,EMERALD,I,67,58,48,False,False,False,False
VEJ8aMkDb8VfV2bTyJ4InmUp7yiH-o82PdGAN67BNuQR2O2t54Cj8qXJ2geq3qNkVTlUpgScwu06bg,EMERALD,I,77,34,43,False,False,False,False
Sii8tjbAfTQnNxWVIU9OlQSpDYVCmc_zmsMJx3wTrhZf4u1vTi5P275YHOYbt5SYTTlu2aj0eJg0kQ,EMERALD,I,75,77,65,False,False,False,False
g9HkpxJjWj3C3n5uCZWvPbsaq6S_VjYMPCDJ7gtX8SJEvACW_-bEBU9Mw3sfIgK20hhPGjqZmmBVbQ,EMERALD,I,75,217,205,False,False,False,False
BJe_Tp8NhGevW5URURgH3jjnMZIkU5gud33x5QwP_0n4TvhY001_aqoh2nruC9ildIPeBlqqRihYVg,EMERALD,I,75,24,18,False,False,False,False
nB-T60eLXZAMi2fJoi6DC8ndrC3RWHazOCAQZ-YL4RaQuD97j4PJjxG9hv7KBo023PxF8ysWeYLiSA,EMERALD,I,75,62,54,False,False,False,False
qjrN_4JgpGvV958cbtA96qpNs4L78qLSju5fBZOPGneL8dOPoWOqwGUUQyMquNDQkM_ZST5U_rfdIg,EMERALD,I,75,30,25,False,False,False,True
27XRzh2qVUPB5un66x0obWjVuJnZtVH5voWKNlr8uBZ17s6VL1t_bNiFvtjMeAMlJBV_KwqmDHFjeQ,EMERALD,I,25,34,28,False,False,False,False
f0A5zD33qKVkzn7svez48rrHBteQ2R83xlxj65qNP1AJHOEZ4NMTO3TfhVbjNdt0pG8cPgbWYVPRVA,EMERALD,I,30,76,80,False,False,False,False
52aFGhK_s687R3cBIjofZ4tpamxVXQCdkjhD2oCaMBgH-F7VmSoeBetbBhl8WRfrUKp7MO0t1FksQA,EMERALD,I,50,218,210,False,False,False,False
6E1gEHivnnZwogezKgdQdFfiRJsWP2ODJa6SsxQSTA4drW3fHEGF5PmIEcl91U4PGwuiW2bQ9LYoZQ,EMERALD,I,50,132,124,False,False,False,False
OPxcQd_LVhbsDA0Bo2W0TU6N96KwIc3ZSxfGRZjm6FtIpe_vGxUlkQ3hs4SBdvh8-iAYIbMzrPSjLA,EMERALD,I,15,54,51,False,False,False,False
-c3Zipuyu-1ciTZeo71t3cw7B-BbiAha6pdo_xmF_pShb2GAACB-z80C5hIK5wVCF_EVH1lN6FquBA,EMERALD,I,75,50,30,False,False,False,False
rRYD0GIqVvvfI12a8E2gSM6w5Fz_psIuEC7k4pbHxNpaMPCIJtZKL074VD7knlobbkkQ67IVY5MIkQ,EMERALD,I,75,106,88,False,False,False,True
aXHCFjuixiAT1I90PjHpDKo865ge_8qk5pTj6pk1kgou5192kIAR8_nYSvmN2hvsi22rAramivE2kg,EMERALD,I,75,37,43,False,False,False,False
Uqb1RF3ZbRDbEYVQA2ARccM6WhOrl53_DpwQ35OQ_otMrtok9GQQwL6goH4y6ucVatkdV5HsVKqOLg,EMERALD,I,75,14,17,False,False,False,False
8Q23TSOfTR6Hz5x95npjABS2ERIsmpkZw1ie_YLeLsqJzpBe-apiqnvgqex28xnUdm4ajzqC4M0gqg,EMERALD,I,47,15,9,False,False,False,False
QKuNLqhhtgMLNHQTm6Fd56DEG2rVMOV9e11zJQxj7MYNZXkhQIZLV1KgnEeT39LxKPiG7Ul658PVGw,EMERALD,I,28,41,26,False,False,False,False
yrmPjxNTSROqdDn6ex7MMmK_T29B1B20vbFE_UNveB2lgwn85jNqobL4KXNyuwyFsl_66tSe89J3kQ,EMERALD,I,6,23,25,False,False,False,False
pX5tmYj7V7NzJk8n-CHodIsrCJBHWbFvFbDNq5n7PUEukAwcXnAkqq6uzeAiiG-UrwRJXfWPVdomMw,EMERALD,I,78,109,84,False,False,False,False
N83sNFOc-L2nmL6CPMXYk-oTZGdI3vg8QT13KKemgtnnK87gIA9WzShOvSxsYuPgDwGM4NTJ4zYjww,EMERALD,I,75,121,107,False,False,False,False
IvGlvu2bc2YhdDCkpUR5rOo6InPi4XX4wh-Ygkc8v87mflsCMPxPRO4Mh_oLCn_GXm60CK0iAsyvbA,EMERALD,I,50,38,40,False,False,False,False
79mFTwZYfNodFUER96lq3SBsSakk5FY3DYuu3wUbYAiuBZdF5Nfq4BokPG6CIPHa4SjNeHywA530zQ,EMERALD,I,22,62,65,False,False,False,False
Ovrk7BM5VB4_OKB9a8xP5AycYsnCv3IE2P1Ju0r_z2niHdWHNFPq6Pwrqd5gGIBRM3gLqC2H48WAYA,EMERALD,I,75,114,110,False,False,False,False
JrLAwpZ0-rA8ajsxGmL-FCsoL84vOp9bv1OwqwYHuFv00e5kXvFyIohA8zFtMqT5gLm4-GcSYwcGgA,EMERALD,I,75,38,36,False,False,False,True
OKZcv4fi6xZrPSloJxTIl6787OzEucQow42BBOo6-rMh4MBIwrAi4hWBK3RpqHjlhWECtpBFmhXOHQ,EMERALD,I,75,48,28,False,False,False,False
sBNl5od8O0KlTmjq24U15HtkvlMHL5xfTNCcyQ6SNL3tB1Z8MlqVEei_7LmSwHN3Weip9SqwHiTVbA,EMERALD,I,50,128,106,False,False,False,False
NSR2D0C5tp8DnYvZBV-VqDOUq9gtzzmZNnJK9_Sovn_tL_d-gY9ZB8mB19TSXPin4Rl0cEu49BDwZA,EMERALD,I,75,96,71,False,False,False,True
R5qANYXduLY3_rmWGIWNAKRklabLCcMOEAXHaFoHtinS0oPeN9ntcds2TdiBSuKYY8QRA_6Q8tfxAA,EMERALD,I,75,30,24,False,False,False,True
Dl3wrn9Lc7sLqoKYqg-b8K41sAY1gQjx8SLbNzpvf_BCTSPrzC0967S885edkS0Ysegei6XlJQb78w,EMERALD,I,67,208,199,False,False,False,False
sRBCyiBoGJCKlQhlU6ar1ml0tA4MhxWQVIiPRGdTkLaOQZLEKtfNbexomhxFUZ57jKJEVZkxtUnq-w,EMERALD,I,75,11,17,False,False,False,False
Lam958RqiWm7REGCOxhmMN2YH4bENpncIA9SuXCE4af-_sPEMVUVt9B5JwlOYb4hWsJcBbxfMccm6w,EMERALD,I,32,127,109,False,False,False,False
R0w0Hs0b-Y0Pjl7ouglTB3aIevvSJ35edjZddQCBXxQBblt0UXUtQKuGjaDrzQ_yFEWNUG95D2DxnA,EMERALD,I,75,75,69,False,False,False,True
RI-JI97KHHOA1zweMMhNpcZ7QFZIPYAdEQ3WYooN-uqSLyIysHv4h5RtRIkcV_onarQ8l7xR_rX15Q,EMERALD,I,75,14,7,False,False,False,False
rhzDGGKlGNsMfC0U5PNDqU2TTyDXmKfPFoEbVqOhbqftdEqUdX_G_05-C1tJhIm9ocT9p3C0ULuhoQ,EMERALD,I,5,11,11,False,False,False,True
Qa1KHK7RmfDVJYJZNwo1KN11cTbmnsLP2S88FwNIfXLW-CP4FNf1-m7eOLHWg8E-lN7VATakBtf9QA,EMERALD,I,47,53,44,False,False,False,False
XF0SCP9JjqdTh9QeVLenGJftcCn1R4dvmEqSvkoQmBcGs2RwVuJTUWNIhcnunHH-9-p9gkobV45itw,EMERALD,I,75,19,28,False,False,False,False
eqQ4rKvtnUTpbpNdIBjNCM0Qz7UcxmRvfj6Iw98YTID2w8EEBG713BEjB-uzCM4GeWhqZBL2ToXhNA,EMERALD,I,75,102,103,False,False,False,False
MTaqjBq717WoBA4-QTnvsdC05kUziZJH9xz2Uk6S8VtP35w3ULqIEyOiiS3KZeTxKxDmWqf0_qNU3A,EMERALD,I,24,46,41,False,False,False,False
Vh1aVx7aOltYPeVEVJsZQnC4GyuqbrwlcZSBQedEA9javHZ-NWNQvobrc0ylqxD1g3auOZDMr3VuOA,EMERALD,I,24,410,388,False,False,False,False
7jLpQJEZpfhT1_MemnysuRtY7rc9gLr2nczkEm4lyqOk4trDhDuKINz8LWBHoYisCxFG-0blpOHk4Q,EMERALD,I,83,199,173,False,False,False,False
FBaS3LJT01sUp_dHFDzfVxpD0Q0BlV9YwASUJdaMXOv4HK8uTWDFw3OXKkai6aHHgY8TupP5C_M4hw,EMERALD,I,3,98,84,False,False,False,False
_9N3iAc7CbZD1uEJmf99hhvdhyakB40bItC7zPKsR7srcqz8-G72p8xyAtV8kz5oQGLmNm_-1T39ow,EMERALD,I,53,16,16,False,False,False,False
K7HIFUAKr9nAayiKbx9OWtriQmtBUoXTBLigutWVLhjZnrGXOUwN2U5IdUAvYme3_IExE2at66aXAg,EMERALD,I,44,97,81,False,False,False,False
UqAeGeqyvf7hUriMjRVijKEZRqgawXEI58w4I4NsaHWmWZ845cfqo6-n1LAfbu7UbdergRZBBM3Ptg,EMERALD,I,75,80,57,False,False,False,True
TARqrL5aQHE6sVMa5CTkv17tU50b1U3VQPpRyibJcGgPH9hIkc7RcdqapMNw-1AFZiZHEsdU3knupQ,EMERALD,I,74,114,108,False,False,False,False
OimTpeg9uR9NfDk2RwWLhmcZcaJ23Qcz_atulvAszgkx0jT_616mqhsDKUAdmChd6mICWLIhSvel9w,EMERALD,I,30,26,20,False,False,False,False
kNSg8sYOWyfzFXD41_g8xuGv56U1DPfJL86eK1QomTbLbo5IQgffkiYtVU6KtlPP3UkYUQh7iEELrQ,EMERALD,I,75,53,44,False,False,False,False
VTpGdrzMCH_L_ieryHp--LM399B07x1xNBX1bEnDJf1jewydSPwOVuQvoY3ktWCNRKBOnkxJZXEgZg,EMERALD,I,75,69,52,False,False,False,False
szhl3upEe8yLPtbr7hospU-M3XzARgbHfyd9Cs8s5xEK7Bjp43G0yJ73-rcGvX-Jh_kxg7KwrQz5IA,EMERALD,I,75,44,17,False,False,False,False
WgIM2siOsCGMIPWj3E0yeuaVODBlbW0Cnkwsg43ckUpXXG856F1WVyU5f1joc3YXMpvy3mS-r74X3g,EMERALD,I,75,28,23,False,False,False,False
AniCBNpKVN0SG28ayLPI3k7PcEMxhNqZ4j8r8UGLmWp3CTtLmG_T5dIrvVvGnuukyTe7gJL_uamJ3g,EMERALD,I,30,202,178,False,False,False,False
W9Cn-x4Ad64tlsaEq4eu6YYajHpzytAd3BIZ46RfWNUE02cC02RtzVZa7B-Vg6YJ562Bk8HPmMdpHQ,EMERALD,I,75,26,31,False,False,False,False
y8cK7gRcoJ5eXr6NNmXG2keW7SQyM4ukb2R_tROhHgKK5XlFfFPL3l4PNzx1CHbzNGZGQP1dJLXlwA,EMERALD,I,75,18,19,False,False,False,False
FuOe5L_PJPOcW43R2haYO3WXklg13EvrvGnMkx4T8Y9SDlMrZN5zT1O48mIYtHvB6GGHU3nTrK6SlQ,EMERALD,I,18,240,222,False,False,False,False
MI09jhU7IO-8py7ukjgyDApkv_62jVmo2izZEIoIcHoOJxkuTPed6nKyPyz3L6oGN6I4Cccub-03-w,EMERALD,I,75,59,49,False,False,False,False
hVY_ty2gFaW7k1zYEzsdJSX1_WBz4umZvDLcT337EUhnAM1CHQd4ctewGl-2C4iHzdSNbuBlIcA_JA,EMERALD,I,48,22,12,False,False,False,False
r9JYsVXueC8jp9nE9hn3GqeT5AhCKuf6cqgq9OAz52eoqxoM3G0esRM1BiFL8RDI_eqtGTXgsdPaJQ,EMERALD,I,56,128,114,False,False,False,False
BsFgBubBYVi-RY5eaz4b_034DlGzLcU5O0uUB9xtJodcWRXGQVkBgoUTojLd3UrdH3vqvs5k4Wcppw,EMERALD,I,75,105,95,False,False,False,False
1fSdmzL6pbf5Gx6jrwIGhjMEAUO46PF5iMtVK59bzaUdfR-BJzHSjg34dJLZUm-LqEHmCEj0WeXxZQ,EMERALD,I,75,103,75,False,False,False,False
abau7CRnVpn3Msr2ITcZEl7lACUiUnehmSZyzAStJxdA4lCYuNLVhC8IoFNa6HxdDMR5GYebN95rkQ,EMERALD,I,75,85,82,False,False,False,False
9M9wfm-wz-hB-vfUmAy0iBIV2ZXddy0r6HTeOyHx7W7odmIaATe80GCj8irugDPX7I6Ti-iTRAyz-g,EMERALD,I,36,33,29,False,False,False,False
cAajc5Xp076Hb3Lfo3RugoLhc5glyUiSsngFAOzW6urFLX5uqSyDjMpF6vdrvb5ElD_u8aV8yXEiVg,EMERALD,I,85,26,41,False,False,False,False
hrraBa1Sp0kVARFGfDlj64zqK3jCf0kfihPrgmFd6U-7UUhgreJC9R1YGtkySF7iHG6aoycLfKiX0w,EMERALD,I,83,16,20,False,False,False,False
p6GV2-RH86ER-YWsxF8WWe_7K20JJgSqPr2oPnrU2PTgXyctyKxW-27qZzYJB-_klOhIjEv3HXnSDA,EMERALD,I,75,26,17,False,False,False,True
66ieKATcRQE5SGv2BujsDlj8iQGbfdS-ZnFvYwH1vUe_VJiWusgZHXVSRIfiYtg1SU-Sa80FUgZxHQ,EMERALD,I,75,44,39,False,False,False,False
wWsnn0l7EQvzTDbqK3ERDIFJA3QNd7FT-1INEdgus_GAUfHmjt-f0op2fHAljJsfZmMU29pnzuVm9w,EMERALD,I,1,24,24,False,False,False,False
sBqF7-ahDXAgJj2YbuEm2fiV77XekfG5widgOodLdqXHQETPYOgDg_IOTOM6DDQsPa4yjT0JUT0lrQ,EMERALD,I,64,37,22,False,False,False,False
DQNiOfd_IcahOYr3bZ0iEUQyargEkobX4MqhNDntgy5fGWPNtTbOtTNi3kE5wly6bbl1ecKOp6E8VQ,EMERALD,I,75,69,52,False,False,False,False
WC133qbB2_OIobQ1Slc8r7grCvYOYdPoZ39OkW5ai2gCXIfx7QuDttCVetgsTXraFE4D3_WSQwDosg,EMERALD,I,70,91,92,False,False,False,False
GcnH_u3HH5VWeHrzN8x_llT1-p8x41HhZtxJE8HSYmFukAkJNS1VKCwCAuWTfdXU0Lt_jbkj1tqrUw,EMERALD,I,75,14,10,False,False,False,False
BP3QOYfH5szZcdPri_mn2MHr-KZVvMg_xOCjWiHdBCkOaTqzpVS6hXUabxerelmNlZqZArTASlWejg,EMERALD,I,75,37,20,False,False,False,False
T7ZkMCFzyr4DYBXtoULwXZeUUTU9ov_he29UdaFoncNq4uhyvS-zAsasD8c9Vrwc2tzaRU19JYwY1g,EMERALD,I,42,65,63,False,False,False,False
L7c4usUWbmJZn0HmOh529-43jWuhw9ofNTixl1sbtwM44YpQfH6rghWGKQzAvofAJKOlW-XOOIDV2Q,EMERALD,I,75,43,27,False,False,False,False
SjydJc6B-EM-qLMpS55ZVXFwdToDpzYm9X838LPlmzKrPspP59351ttCQXRyHQbkOsjtzj1NCXueLA,EMERALD,I,75,106,82,False,False,False,False
KezDhNzeYs4gyaUgJ2HMqJJSIhuKGNZRopyEfBsNW0YsY5Cz215VEBHNJhbFXmrSX7Dh01luDqgdag,EMERALD,I,1,41,27,False,False,False,True
7Fl6X4gXJqUY-ubM7nHHRK4WPjk75QKehiPVqSerSniZjAf480goex9Ni_jsF_ZESf9joAAxmj72ig,EMERALD,I,50,71,72,False,False,False,False
S-5NOHzntdhm-MX2OaORkVVneRYJKP8NDtY_x89GEF7musJrss6Jkp7I0oH9APCqLLiPg-l5S8FMTA,EMERALD,I,20,126,115,False,False,False,True
R1VFh48GqPNtFEyO9aJR1cOcJqwjEC6cBqtdfS9ptnZolHYFlKLGbMg4sQxL_-xntHhxwWCDqa6XGQ,EMERALD,I,75,122,108,False,False,False,False
_qTLkVvU5gxh069s4HkkVw-y3jDpBVmV4SrCIVUh5KH9DdrzpVQiFZH9QlER6UXZr5pBhlHDgLuH2Q,EMERALD,I,33,28,28,False,False,True,False
HoW8AWnHdwL7wnGzNCBA0oz0OINuE0anRfm5ClGBV4KgZbnVYvEhdq-QBAsz01TqrNEZpfsqHHA1YA,EMERALD,I,75,38,28,False,False,False,False
rr0U5cD4GDXHP1Qp1Nbh6fmrRycW8etmasijr_zsoieJ79e1TO_ypZf8RSNk5ccqVB9gdVMyoawLoA,EMERALD,I,75,89,62,False,False,False,True
kUjPMebL9ZC5Fuo4WMCN1Gc4jhcil6sxLUsFiAhbB_fVH3YmEDZj761e0XlLd7X3n7FPlT_swkYeIw,EMERALD,I,75,85,55,False,False,False,False
3_K6YLHfh11ggUfSnU5vebX_asygjrhEYMjBTcG139yue9kUglA2u9AJfh1JCV9LEHeBBk601xYzGw,EMERALD,I,75,53,35,False,False,False,False
GrYgMAsInHvkrNFXj9bN2aVKSGahlYQb9UkMI9nqwqk8HxSvscS3UW6QRkEi1F2-FArc8F6K8oZK3w,EMERALD,I,45,39,30,False,False,False,False
agffSY8SlRZ-ygzuDdGJX8Mg6VrgeKyp3ViyNXSU2MmkuzM1oiCettDNW7WIDJhlIou6tno8vhnaQg,EMERALD,I,75,123,114,False,False,False,False
WLzsHOdaJzNDv-91MpPl8oZpqzP6z9nnJwHK7wA1tX8z9dok1uUniuU3QVX9BMLIU3jQprcme-QcnA,EMERALD,I,75,22,20,False,False,False,False
-Esy82Jhen-LUAN2Qqr9KYP_dReBGwHEgGiomFpdYaQGRgrQcYd1f1TuKi0PFHTb9CcRaJU-5Dhjyw,EMERALD,I,28,88,82,False,False,False,False
xP-krUYzewxKt2pb8qYhSvCaXEqsFGi-Vkp81TO0Doa_9jKb-klqqFtwNGXvl5FX-6SQumuGt2iXrg,EMERALD,I,53,27,21,False,False,False,False
wIDeoe75seTwsjmeVl6OTB8lTt7HiUFRRyTAHXmqEjhDr8WQXNDs6lwKjQ4hoYnx_MZfra0tNmLPZw,EMERALD,I,75,97,86,False,False,False,False
4_VIPiK35tMD8Nvl3_L0xG4cxZTWYoYNpQ5bHfs6bxohVKzwnIIZvLyPdDVjdGC12aXkwYC34QdI1Q,EMERALD,I,12,133,111,False,False,False,False
QMJ_iUJn1QPQDg76uvShHfbeEMQHvY18DzJZswBghH1jU-bHvb1hCyKC_feQbPJ37D9331Bw1jSO7g,EMERALD,I,43,204,179,False,False,False,False
P7jcn3_-fPw4wm0reYkiH3Y886Y50Yv4xPeL9T05bZJSE_BNbfJArt4cGW0dVdiJrA7FDM5zxB00mA,EMERALD,I,92,21,17,False,False,False,False
wszNTRg_Qs8La3AmLhCz-LGAyi9vo9GAfLF5FipthzwLvfdBeXP-mrLzKV0vYx97aOepVi9c4vfUVg,EMERALD,I,61,86,69,False,False,False,False
YeNLNyqRZe9da1WKV_D7YrJpKy_8LX535B6ZABx63-T44nPBoiD1W9yEJFiLAxpC_5Xg5l9_L8gNeQ,EMERALD,I,14,36,27,False,False,False,False
7kB3GUbLK9epJtaS_LjY2b6-vTE6xNMVgRloHty5Rl7irlUAlDtRrvxBq-0dYYxSO53-DP1KSQm8sA,EMERALD,I,75,58,48,False,False,False,False
BjXyRwph2WlJaZt4xIPAO9GqUC36HOlsGQb_u29Rsd8fN9T77_zJBTw-1GjZIZrcXoG0B96b_BAJhg,EMERALD,I,31,321,323,False,False,False,False
hNxux6pZnHKSQkKEzZ8u6fhi8WnL-M07lKlySOY5yoglDu9qXcALtd_dVJO2UIw885asVzd4mbFjfg,EMERALD,I,5,5,3,False,False,False,False
-OK32vYENHgcFMjwmrMF6kns5EcsXznw2qrd6IBvT6L_eaLWPQ0pVIsYYOThIFiyTL0KmKRhtidZ5Q,EMERALD,I,37,13,15,False,False,False,False
eI5PD9LfyXrQmp8_nUimrDSPwDJdCcl4LuXtHUOxw_nZDz4LpTYJkcX_uUQotJi3TLHnrKfrTJwyZA,EMERALD,I,4,437,426,False,False,False,False
jLoUNQPhSACvRoQ9iMhKJeDPj4VgYy1p7TP8B1ePmCkufA-_X99KdtzXYn6LSSmw69rFRQEFDSRWTw,EMERALD,I,75,23,29,False,False,False,False
6TS05ohzc773Kg6xxiCPlIcT_7FT_XN-ZS61wuYlvm_lJApUqtQKIB5wDXkBNMgIQDPel5u_xSx7iQ,EMERALD,I,65,24,18,False,False,False,False
Cw5zMkbJdhy2rqRrKB1QKMqBWc05-TGdFeKRTNK9lsXiuiLU7_qcXpX7Y5tJemaGOO6IWWF4Eza8hg,EMERALD,I,27,45,27,False,False,False,False
fqoAW0suRTkDyuE8pV9TgCIQVtO5aV07w1J1U5Pzbcj_ZgwWN7b1_osiavDKw8gjA_MX7FmRQItZ0Q,EMERALD,I,65,34,31,False,False,False,False
CT9KmMxZ-RHTz_htXIawBY40kyl0vJ_AEyfJzY1WLkUyK8Ft6dde2Q4MsY_stWwuf7wwNYOT-FWs9w,EMERALD,I,97,4,1,False,False,False,True
6gl_1bQs2t9DtaD6DaqHGFJstXh2cI5nsMVy23RT5jH3SriZqBO7fdMtfoXD6PpEg3EolWMFJQ2UHw,EMERALD,I,55,37,30,False,False,False,False
RjzPx5-QMME5wG5WFKATErWWTT4aZkySk0eRtpsF9iFaomDDnJT4XXmbcJhpLVxQe-tvL02RkKtTFw,EMERALD,I,73,97,89,False,False,False,False
CS_N3Y638xSjGg9DM1grYHMRmlP0PJzuoHBxgxrbzKS364W6_yR9CEJA3O-B5yiKeR2QL0SjtJxNvA,EMERALD,I,3,51,53,False,False,False,False
cLlnzXVtW69F0PAIjiKiCEgQWEEPCNVUgWJLnNwRCSA_mCLzsthEDxfRjgH1DI2yWu5044pGm36b9A,EMERALD,I,75,59,26,False,False,False,False
lidNpenDp2qx8FNlZX2o2tFQ2R91f929ErjiPXcWwN4clxsDgzwXiEYYTDxZMzt1GfDF3uX9j0F1mg,EMERALD,I,50,120,102,False,False,False,True
XV7SSWrs4QKGXZ2-AnaQn-D3NdEDVq6oT5xNovqEznejmY9wCJluGfxWr8SN8_CKjGwjzZ4LcZulKg,EMERALD,I,75,31,30,False,False,False,False
wTpnIpt55eRaRg5T7DhR22z1u3-oL17NPR9xrFtjxD3Y8F-6b7qbFGzzBiqCAhVLCo5h_cjJdNMEcQ,EMERALD,I,75,37,27,False,False,False,True
sKH1XxHkq5a6qsWtDhgfmLXwZSNVeGROxfPepu6fx474rPReZYUKgYX7vcaiPQfUaHlKyI6B3zFU8A,EMERALD,I,75,131,122,False,False,False,True
WNGqdlq_b4y6OWnrVfaZ8F88PrNk9wY7QTkfNK9HDZXUKxtEoEYoj4GqMRVlbTWQ3OEyDlEc53Vhug,EMERALD,I,25,107,102,False,False,False,False
516VRvRL_mG1NWwMf4vCxVyZyaBfxjdJrqT8redQ0xJRDZ3iniGKlK80CCTIQ2z4dNm7UynDBvKasg,EMERALD,I,53,290,271,False,False,False,False
lcFQ-8RRncO6XPd-ERb4i0r2hqTH5UxwLMyfrbXuI_LOq3CIxxzNTAmMiPWeC5kKs-UF-mUKYC3vsw,EMERALD,I,75,50,42,False,False,False,False
sj-WcBEPJ0lFry63w0S_AXbhg0sM1u0Ia0Y687dLEzWH5ANaqAKImPQAkxuUTfhGe5Ehtao4h4ajDA,EMERALD,I,68,362,387,False,False,False,False
NhT7iYK2hDd8DQka299tO3GuNCglUvDoMxjIH52ua6-fv7Xt4T-NuRNyNqdUvWO_jdX52gXL_13Lbg,EMERALD,I,75,124,120,False,False,False,False
zbc0IKbBLB-11sN9I3HcIjg3CiYVz7i3ZoAr06XJaQE3IFL1CPbcKGhdT5MlQMgHT0h4DasIqS7zdg,EMERALD,I,75,35,28,False,False,False,False
vyiawjR5CaKqv6FKeJtMEh6c3MM6oxSktdHzNii_bXxpQ1ZPaVEmCA6BPaVmWZlHDLkFP5llx4XbTw,EMERALD,I,18,48,70,False,False,False,False
GlsWSL8fegYAuNIeO0Cc0g_xP_4A9vZnIkjDZyybDhN4FJJKJhEgGm05vri4p0oiKgWqeV-xRrQ-RQ,EMERALD,I,17,5,2,False,False,False,False
AkOysSjmCBmciLKtMJ6SWRUV7x23DkmZHLE_TcuCJ59w7rJmLrRW78ArZfozSAnSnuQ_bqT8IMjIGg,EMERALD,I,88,75,73,False,False,True,False
1tv3vUyVtOTDZF2hEJZhWUn5RK_Dek14tVpx0bLl2zo17Js3rAtP3rJ1Jl0nNG4RHa99rEW2gIIrDA,EMERALD,I,75,34,27,False,False,False,True
Ui-Qhyu7xyubKRjLOVwtiuL96nKon6RLJlgVy6dxfsZ_sY0pB7WcWd2MGzP99uIzpbBWGACx-YOBsQ,EMERALD,I,19,63,41,False,False,False,False
MyTDRfo1giaMSKVChmejwDqGy6dvuRy3L3Ymb1FXtF23f7OFY9mRp-KTE_8R6SrcwMBbeygK_Gitbw,EMERALD,I,86,48,46,False,False,False,False
Ht4ulL7N0DlyGfgQl19pSfwwBLIT0j9FnQ4ZKNHQZcFoeTMlDspkSHX-Mg1rBN33fifzhv4fmGA-aQ,EMERALD,I,61,13,13,False,False,False,True
ujINn6BlyWHafSlcN--7saZUlY0j0ZnROuuvSzPTt-RWmZqhpNPgwpeTUqVlbYqoZqOidJwUpjBfxw,EMERALD,I,92,94,70,False,False,False,False
2siX7es40CR578-R6M69nUlJj-fZ-lepmIs30fp9CR7HxkrQ1woN4RbaIvQaL9yd0GvvLlGjLL0VBw,EMERALD,I,75,58,51,False,False,False,False
ipF-PU_BAWnvq3pzJS7AyVibwKPyz0kknuvmEFJN-dicjT8oMI_X7-u_m21Vsx9NmXL0NqUP11PM4g,EMERALD,I,56,164,177,False,False,False,False
FtR5FURSLgPc40EsFuIT9r4g0USkkBumumrdmaWfdBmr8h2RTFZLcDgug-GV7LdImL94jOjT92KvgA,EMERALD,I,67,166,167,False,False,True,False
bpmoHxfucNBaZl0ygPqznZ5iaEuVcVS7QjBo9KwJzkryJIxxl_65dGojQgi2jyngXFTJXlu2m1hWGA,EMERALD,I,65,7,3,False,False,False,False
rXqbL5Jl2WOGkkn2SFjjWH1wKHA1TH9UOLz3Ir-tKAObQasOKzHWj2M_cz6Tz8O6VxQRjgI5sCWsig,EMERALD,I,55,377,374,False,False,True,False
PwOXDdrrmU5_5UyEnH66ZTXiTjhK5Mto4VuT7jFkKK8XXjZlAGgiwwoNR8XALhPcKC22niLJ8RRZpA,EMERALD,I,75,55,52,False,False,False,False
ONZBVCEYwF6Pee2txvIKx46I5_ETZDMRL64aPm-ZBBEOuKbvskxHvU1kHY-9prOPJAnIwhxMBbyrcA,EMERALD,I,1,6,5,False,False,False,True
S77A34wKAoxN4Ebi-NvdODBCF-XUlTX49ILYEcekZTqpWikf_5ToszxAgcPq37LHEGffbUYHXSloZw,EMERALD,I,65,22,18,False,False,False,False
mbbMoz5rS_JcKn2qdrtVbv1K0N0hrsvblBf93SIRT1b4igl1E_cWVACYco6U5eUhLoh59GjdfplOIQ,EMERALD,I,75,24,22,False,False,False,False
vqGD7GJq1WZAjvZVVAbASFNtex2HS1QHTpd0CwLSgjbhO5nWOTCoHdjAmMeXnf2xOdg3RR82yYeUAw,EMERALD,I,75,35,34,False,False,False,False
Hd8X6t_b-8V5ACAYWF4hd_8juQM5LbMLv30U4Au7OFDjl7MTVJqusYgMfNaCKyfInCShTR-wVo0LHA,EMERALD,I,75,18,34,False,False,False,False
8gFll_X7lPhuVA7nhnbPHS5FKwBitYGJNm_wTVkFL3FRU6qYXZdIIMK60vNaP_mcks3qWiCxLexL8A,EMERALD,I,75,58,57,False,False,False,False
b1B1JukgCETnSSg7PZIgeugYPCcww8-nNwfU8cCXM9XZnXnci_1AsHKUSXHjxhVPpfceVPDgRCZImA,EMERALD,I,6,65,43,False,False,False,False
eXlJXY6Tg5wnW9y-qGf4HS4fVE5qDoWW0mELtm125uV6AH-d_JNjjdp_KWmHgfrjQ2TGYyByCQzvvw,EMERALD,I,75,71,72,False,False,False,False
0vNlpgZ8dW1TaNSec4BVnSX7gk7-W3DkHoRs8apgdlPPsMNOgfIyjbsaRgw1DcmVsU8dr_Rb23Pj0w,EMERALD,I,44,143,134,False,False,False,False
1kIRb0SeVQ-PJJgX5vQRgG__sXxcF_M6ym2_BWW2v7SptLHUQKZv_7vamUkMZ9_uo8mxxFENJUc19A,EMERALD,I,80,49,47,False,False,False,True
sdeykvXjHq-9ChRJgAAgK37tJVNkEG9gwlLqE00mVL--5q_8SfLZck-kCkJDe53d8J6yXBnhnN1x1A,EMERALD,I,75,11,13,False,False,False,False
8MShuXiTKxIW0DFK0fXb08V78GgWjUaUSbIfK6b1dO7IMy8uzG8T2M2eZjjacIurZW3-pZ4IDbBtrw,EMERALD,I,55,7,4,False,False,False,False
kzsiV7N5dRsanLqaTj1-7t58AHYWhBKwAXq08IWbRWzVe9jsD-KeUzuvDeqQxNThfP5XI6Xpu4vwzQ,EMERALD,I,50,156,140,False,False,False,False
RSxxhaaKBw3ONWWePYnTr7-nhnzc23SfwxlI46WaMx_BXcimx6Zn2nP4PkBg6E1OR6-ofx3Rwi_PEw,EMERALD,I,75,28,31,False,False,False,False
3pW-Es_mkxw9ff3ZKYGDrfgNn0q2Y8LZSXcXnsw3Lh_ijftwaMEzN6Z_lfsB4PIVlA4rrA1EwBqcjA,EMERALD,I,75,15,21,False,False,False,False
BzSyi8LrUaiSv-vSnbzCM4R3dJmR1XKvveRKixTdC00pXRXkHM3s6LYlgjrcUu314byfmkjCzpOPsA,EMERALD,I,44,48,38,False,False,False,True
z7XfoWSUPhPHQxpXc2k5vvPpI7v7h2icim5d4VYM5akqbFHlbuIjAv_pQZgqSJ88qdbOSpGYqBgxxQ,EMERALD,I,75,37,36,False,False,False,False
Vih8ERWD6mpByKB9ltsuIbxdfKjx20A_4lE8jmCq-ocNN2sgexUyLTol-qqVeFaqF5nXwy2olw4knA,EMERALD,I,21,180,168,False,False,False,True
AoVVgYpKywfstkjcQ2k76daghY5z4enAJecWM2I94tF0hExk0ZDPJDJu5G3kuVlqsQcxXQBE0mBenQ,EMERALD,I,75,18,15,False,False,False,False
m7_l67KvLGP2BHolDpv4mKozhiUeu1bhe5g_JTmAa0O4gbmno7qF-zGC72imCYUF2Oj_MHHrUddcAA,EMERALD,I,75,78,55,False,False,False,False
3pHniJ9aJVfGnX2_aZR75X01-cHvO2J_2mq3cD1prK4zJUSKyTBMh-6mYYDoTMqAx3nOnom37gFZ9A,EMERALD,I,75,25,20,False,False,False,False
LnyYJ-DxnptYIA8vPN6shKdpkvvIelsIfIec6Nfyncjir8JKg-A42wFz4lAomfrxLpkAMPmGIYzPWg,EMERALD,I,32,267,251,False,False,False,False
7vhwKPnGl_MCKfQf8DtP8snXTGKA7KL9Am7lGx2x9TsQMx_v541Q3CrmsGXvCElbNespG7lIqBdMUA,EMERALD,I,75,45,29,False,False,False,False
gWZ7-r6jajAl00cePxBy-diVhus_VSExCPJJr7h4nCOLn48D3r86QGUk4Q2h4mJold81uiAmxLnx3w,EMERALD,I,75,17,11,False,False,False,True
nxaXYaVRCOFfgt0vlHllR1m2AJOb2LJfI5lnmmNvJG7MvCzqzVo7bR2QberWNhXEqOtBIdIerdFKDQ,EMERALD,I,75,52,52,False,False,False,False
3RovCppujO9P0uM5fYOJBNToVPoxOEz-DLfMRAzalFXan7uZneHeFhgYJpTekwzbgfJHIWTY7DhglQ,EMERALD,I,75,75,76,False,False,False,True
-LuBAElKCqFsRs9TvuERW692iCtKUyGuYiQ-S63oLvPl0YxAD_JA9xahfmCJUPnFMwGymKj-sYJVzQ,EMERALD,I,3,335,325,False,False,True,False
DB0Vx5JxQYAQshLZ7fCp6eFxHCA9uYdYy3cmSqxKI4yH4YWXwdLf-4SoDVJKIdkvIVnQLYZKjw_Qqg,EMERALD,II,30,107,116,False,False,False,True
t8R9GYUcM2_NKtjhyR2Hf9ZsOILHxeDJQK75GjzlSGJ6OkB-hHGoAVb6hTqRTTiEwTNJL4hOTDkPoQ,EMERALD,II,56,83,85,False,False,False,False
3DB9Ngn9p4S1UTvimR-VDk-ybtnpL2h83JqMRgdwV7zIALqw5hY_Vmu2Bc-RBREvU7BYyvW4nfVsFQ,EMERALD,II,34,58,46,False,False,False,False
B_4bGp2ctsdHTLhxqjcEyN7p0b9w4OC_seZJLlHLOSvlUUiZ2OVAnSzI4eES1wZ1fMw5Ci3XqEuYVw,EMERALD,II,72,46,40,False,False,False,False
rmHQLoIduHMN5VthtFxiYVZ42Oc5x7oHAdMnaxmmVu34iayaQecJD_NA0hJYbqBOVddRQXQLxObcGQ,EMERALD,II,66,24,20,False,False,False,False
G00s3XQ7oLLnmLtuLGCblAYGPp6ttzrBsjkwLHROxQRQVSgVjovwbV3buNh_DtwUpZbEVScDpR9Xdg,EMERALD,II,3,90,77,False,False,False,False
dECaL9rV8fmNrfnOTgeb67BQmjDcoORZ8QSi5MwjznAnB-MzbVuv1lKk88vlwPIih5LFvD-MhomM4Q,EMERALD,II,6,126,117,False,False,False,True
RC6mcgSLHzmPna1d55DdU063wdCPe4GI0qv8cH8qlDOHa6-gzPWZWoa5IepR4YdEFeui8F5KaL66xA,EMERALD,II,13,125,106,False,False,False,False
gnr5IHZtY_0t4OYASmWlw8GJi6dIHXKcUjPgrV-wtc3YjmhS1NDRTLp5a0YB-YgEUBPax_WLZ4v_xQ,EMERALD,II,57,13,5,False,False,False,True
tdHgS0ELuz1K5s2DI3vVIk3YVyAhkRPLwJuqVKBI7cR5Ah6P1lO5NVRIoAedD1j48RGfJhMyf81sZQ,EMERALD,II,80,5,5,False,False,False,False
Bo3F9MQ2ADr5QBSO2wkhGclyvUde5sRIcNhhzf_pwpSiL4LvbRJG4rC6t1ibejVRL8iHfu0muEW7_A,EMERALD,II,14,299,302,False,False,False,False
oh6QToVoEznLhPlgSAjhdv8hPCPtfSLP6dwlz5oiZ9maNV0DgE200xz2zNuPHvYkqPEWeDHY_DcMFw,EMERALD,II,24,134,148,False,False,False,False
qiEMAPFHy-9aEeSWJaYuAWJq0qK3oUbJKrA8A_ZyO4DmSiENO4bappYZEpy4YkwmEaKFhobhDOSQFA,EMERALD,II,80,99,96,False,False,False,False
QpTLnTn__KNVvBjHD8-cVvfx3mfaTLEtWZSjG3-1dco6Z0xypAB1Bz7VuQgJIPnmuIJm2NXERYtQVQ,EMERALD,II,44,42,54,False,False,False,False
Oj3yvliRJ0I3sQTehk6XO6eS4WU4b8sAU8dBW5ipWHZhMFC20jPnhbyDNRuAxsiupoK9QZZCx4mw6g,EMERALD,II,2,107,97,False,False,False,False
F-lKLI6_YkT1UkMlWmgKtL_HHzqC0nYqzpE8LHnT-hsWnZ3_Fo57WiR8nahecb9tEFycSUsDMA1SEQ,EMERALD,II,15,39,25,False,False,False,False
dndSoiYYGdCjVEXMljqCYWkjPs3OqNNqyeK3KeumgtkMJGvRBS-Hzu4_47ysA85dMLVgCLfYH3pfIg,EMERALD,II,89,28,26,False,False,False,False
8NAg5Nqy8qihvVibx6j2o_ufPiPFeSuhIgFS3rIzWlqKXr7q3yqYs80LsKga0VwhyWfAO4bx3TdSKw,EMERALD,II,28,35,46,False,False,False,False
OdID9VJLNeeoFt1cdR0S2SvSwIy0MVZbQJEXL7qfnf84MW2r37Mq3sJecBVkdgWKGFomR4BVtHuz7g,EMERALD,II,1,137,111,False,False,False,False
wadh065up2NTmobfQrQjSLMz4aj65_UAOal60Nu9Og63xtARuQN3UdBDAKg4Qok2G2SZhlUnOf9sow,EMERALD,II,21,156,144,False,False,False,False
NaTv7NWXCR5loW3vcm_QwE8i5Q8CSfR4EuSrn1WPdgDlxJdN68JasBDO4Q8jIvFHEeo2JHv3_piicg,EMERALD,II,14,113,109,False,False,False,False
iKipdCVSKHsvidjSo00KLTBY8w_0-vX-tp7xg_XIHBeLOyQTK2fhhH-bOPD0LzIqfFmML2BdmHdZ-A,EMERALD,II,95,220,185,False,False,False,False
yZuiVIBj6a46eaTekXqSjp01NNBun6VEaer9DbMH37Codgns_rKYKBW4Do-2IyAIVktbr8A4AeIopA,EMERALD,II,31,81,84,False,False,False,False
oSvAEM-QdxYvtKskty5-kkRy8ji6TF39E1J1GqDN-ZLAPPi9m42M6HuuarGtTHSR-eb99V0SJXTOvg,EMERALD,II,15,9,15,False,False,False,False
aVnF1qu0q3RXzEd2eUb-PRuOlf6GQidT3zY7eeC9zKr4D6jg55fgfIuXjsIYAO2XNPkG-Gqs4l7J0w,EMERALD,II,15,42,24,False,False,False,False
8QwEeQgzHtFjOnFqzzi4J4ZFcAqv1uV3-QlOzXPrE9C2xuMp0-fLJuHeiul0HelyL1vhJZQFKWgiJg,EMERALD,II,20,3,15,False,False,False,False
oRCO70v7E90fkpnF5f-0jlPJTqFody8NMbRgyS-o_ag9Ywy0lrP12ByPe60OzhG-S_9Wa0_e4YU5TQ,EMERALD,II,11,145,174,False,False,False,False
ZB0eQ0w6cMBHsbwYjZi7J022UiVNrnp1SMlPAUNOMTT3eRd1Wc8Fy-q9silDAWXP2UMM02Ffo9OmPA,EMERALD,II,59,168,154,False,False,False,False
i5Wt-Kjzh_L0N5N6WIk6A72HdTjUcnl5IF53UupQYI2U47q8y797Dg3sbT2JXkRUplEQvu-HNWBk6Q,EMERALD,II,92,52,25,False,False,False,False
snerxb1zNQD4MhFWK1IF3w3L3lz3S0iPk_jppuCukDTipUjWGTAE42L3Ug0MvvWPCcikOso0_-K2ZA,EMERALD,II,6,81,79,False,False,False,False
mCY3Q8M7eYt-oceNkFA6be6a-yDyCn0nYMiQxSv0Tc3yEEZMmV6zBnLp44HEDg44hon1b1itmLeG4Q,EMERALD,II,36,48,56,False,False,False,False
ffyQhZDK_528o-n8R-jUzgJCr1wfpisfQrIpQ4eD2-klqzCsOi50GZ6bcSGrZtXQL_dTnVdvIWBF7w,EMERALD,II,41,88,77,False,False,False,False
lbrarV3ik5ebVlp_sAGnAbZBpZw86E43wJ5CjZv41U9uiMbQDWuJ_6umCzdtrTPL9cqaHIYLuqZoYg,EMERALD,II,40,304,299,False,False,False,False
cQWLQ0f9FlNFZCIOsBRX1W9AFZgg1frAMudNkHaQXWNIuCBz7Kn6FxJHfD3lyeIz0Jx2EN9LwXkmzA,EMERALD,II,16,48,47,False,False,False,False
Rb5IipJA7JOMnzW0VUqF7MDu_nLJFuJsYbtlK48AuVP6nWK0EQGYuAuYAYgCMwnq2DHyKgjG-kTuwA,EMERALD,II,48,147,128,False,False,False,False
hvT74725zjjhAR8ON5uVnwbAnEFi1-nKe87JGCG2lPYTdaNhNQeIQ1dFVoKklpJL9xIa5rUemTfOHQ,EMERALD,II,55,4,5,False,False,False,False
Gomr90xkMMAibOm-E-02_koesyQpJg9d0zQcyoVWBvvFplmhQEMeebVp9Ns2iyg6FPOjRFcQUb3m8Q,EMERALD,II,18,86,69,False,False,False,False
lFbSwjCockSJUz39BObU0ZpV0LO5VSZ-fGoDr2PvNKSRs35R_mpugK--xzose70_-sOBis3ZVsniGQ,EMERALD,II,25,140,137,False,False,False,False
EeCqQ3-c5VbXujvLtBc_RT7L2AGntW2XBzm5pEqpkyjhvarULuwo19xKl-kNEKhOkZhnbPlmYvjjVQ,EMERALD,II,61,140,119,False,False,False,False
cA8TBuibql8AKuZVar5RWufZoDEjQCBeftJZ6NjzR-fTqdJkG2igGmKMRv6_pQi6VS9p8zuoHstSOg,EMERALD,II,23,141,144,False,False,False,False
0bug53FLjFXmWpxTLdh3Ij5Z9wWoI7rZ6wrZUwV8c8f0wh3Y1-iW7vwtJt6g1yuX89NHMH40LgH5yg,EMERALD,II,61,688,682,False,False,False,False
oeVTNzk6hzgVzQXlLJA02n9A2si7fLuGLY4E6dhovjZZnEpHBv6hxwkFJdV-sVqb3JXLJCEH1SMjyQ,EMERALD,II,80,160,151,False,False,False,False
Dy1tMrk4WROTvU-H_WUlbwmYdI2dNxf2YRADMdOu4qpTMb1WvhZ3LeVy7J5ijR-aTulKAqSm3UQJag,EMERALD,II,70,18,9,False,False,False,False
oISQ-H0WyNU0MGFlMFzmd1xxx7mJFbB6HcJRnJ8BqoU9tyyWF31fXqaafCTViMmLysh8_xaVlydRFA,EMERALD,II,15,70,82,False,False,False,False
McFs5hAkge8Yc3PohjVeU68_ByeM1rr7KWTBywIclyxGM7mFBC-Em5dTcJM-97T57L_duM5gOtH_pA,EMERALD,II,51,25,17,False,False,False,False
Ji-ifH8r_bAV2Vr9wr2Apos1wiog6CR69xuJRxVCbF7xVKAQsv8RiZY3ByTL1zz-Uw4iRGy4WAPeFw,EMERALD,II,13,396,382,False,False,False,False
V3BgukURjnO8BPAJadRfG_-_4q8x3Tq8DOWCE3ky4jxL-zPWIo1HpTi48vHzktzxHMMa8v8eaaDfbw,EMERALD,II,38,52,50,False,False,False,False
sGLsMVK7iU8uw9kG-uCVJug2KrTYceWZ3YyMlilFZSbIv6ojsteAMry13r8IZtrh5ydtcIGSpek-vw,EMERALD,II,10,2,3,False,False,False,False
FSzNUPnNvJfIcpckmcNTs0WFoZYurAW4IqiIqW40Lx0iAKXtxOhZ1yLHVemKlyoRBVIHgFRaLPTnVQ,EMERALD,II,38,118,110,False,False,False,True
Q-5BolkZ8j187Khsm4FzgBm3jDMbZIx8L4mk8N2JHOrIzYjgwOZAl_WWZt5-9z6YB_gpXYlWJwLYNQ,EMERALD,II,5,87,81,False,False,False,False
k2uiTmNn6A1nwBDg5zNy82DJ9VgZTKxuapWDRclpILHV0iilZu0eIucuC-cgr26wvhR-puNR2XW4Sg,EMERALD,II,81,71,56,False,False,False,False
1jwEjQryWf6yYxY-YgKUuXysOsyLNnoT_PASa1rIXLy2x7BLyYmtMcB0MqBhHYjfLhbejLZ98tbKbg,EMERALD,II,26,86,85,False,False,False,False
pLjtIf8e5NnOoVXOcF91k-dkMlfe6I_kD6un-gN1OuwNwlVIZdfRPGtEhW74JlrFqW_-PtgfRzhoFg,EMERALD,II,96,127,108,False,False,False,False
_Xl9zskiYQktkpXPJFTeESQdb_Zyqnqd55riP2qu_QP2Ejj-6SdM0xe_d2bu5XW9X0wTyMPofLENHQ,EMERALD,II,14,72,73,False,False,False,False
bDCfYmjhAFOpB9LpN6oZrMGc5irCMUCkEgwwc0LR8QOjaQlCjzHa-u90ffm2ZV9a3iH8lQPYM8SkRQ,EMERALD,II,51,244,244,False,False,False,False
ERfZzKImHHlaUg2wMnnJwLxy9ZOuTjuS8r_kZ7Ec8fs6pNBsc_HnUSihcRe6CYNuRCAExjGVoKv_XQ,EMERALD,II,10,30,31,False,False,False,False
oHr-cIN4FLR_xm_PCtYeQUNw5KqfkDLmjoXNIU-e0WFvI2fizkYlD9GKM0pLT9ilIx6mXlRnB0ZbHA,EMERALD,II,82,32,28,False,False,False,False
q2XnI8WHuqvDvvHMJaXM3DPgfGCR9CbLMsCBEHvXfntG5qcoi4TVFTLMvyIk9H2VS9TrTelI2FFMcQ,EMERALD,II,49,174,161,False,False,False,False
cYffI6fM8kR5CFSIWopPVlyTy5kkSIqBFVzLMbL6QQr8GIPXllWqECXDilVNIhTP67pVrCqA9WFvLA,EMERALD,II,0,355,323,False,False,False,False
6StgGOTM8BOjuFBnWpDdszEA0eJYQE_8gCtz1iqFLBqzx-ElbUhDTS_e9X-NPi6SizkwLiRQuNo-ig,EMERALD,II,82,317,293,False,False,False,False
9ukXJ5Pf-IJZ82OFZ6U8auseCa_5KTXmjqPuX_sIMrZ1fk1uInlMPqx8ypSfWdaIB2px65uYPkreZg,EMERALD,II,13,376,351,False,False,False,False
3OfnEVATCgWENv7hdijjfUvGI8L8Yz4o2OyUT8Bf7JBn0wZAlELzYQdnePi-pZM_XPZgrlPmm9YQng,EMERALD,II,66,9,4,False,False,False,True
vqN41UxfEn1xTbPvJjY6P1JvbrPU7oQw-Y8QoUnpWOhSTvLK8qdJsfhirY0Vnc9czWMCPjMlXIBFig,EMERALD,II,31,43,34,False,False,False,False
UA_6LD2QeP4EmDpmckzhAUPaglH-vLj06XBrIoKFUF5n_g-wPmyERJ--YwQJmQKDPUnP5GIl6lK04g,EMERALD,II,83,48,45,False,False,False,False
-oOLTt9hCnNXywpjIxrpScGxcN57MBVsg8J8pZHCHMAJvISJRxDEisGr-ezsC8CJn980jhmIswh6xQ,EMERALD,II,95,44,49,False,False,False,False
S_hPXfzVCLzKJQetJEWfcdp18DeGHbtNTCncBHprfH9wQq1YuqNrBUKcebSm7ZKE_v0niQ7WKaE9kg,EMERALD,II,50,46,50,False,False,False,False
OPWKrbbTuThoipNXuNW-xmo_kFQtxiHWiWAiUQiyaB4sXSmYEIf6WTjFMexpkPyvoHFSka4GnSrrFQ,EMERALD,II,47,86,78,False,False,False,False
XS_7av6jV8Brc3IoVkJgwsud0v7RZGcsnL2z5RN0qm8LUXCSfqBh5C61aiNNV7B5S8oPGJNP8yqLDQ,EMERALD,II,77,55,45,False,False,False,False
QhRzn4VD8iXZTrbgJ_HcWUUy8_yYalfcmxm6icPCAXoiqthL5Qf5Ymx35BiBIrv1jjMUoKrkpXzr5Q,EMERALD,II,33,322,313,False,False,False,False
KvgPWqjygsnV-4rXC24cRChcYrc6Kk6ZUDFmOUGI-ju1HmZXSJYV3Kj3UqV6RfWW4RQqTVtkW4hWvg,EMERALD,II,29,142,114,False,False,False,True
A038hSpdaBDyontM2_ZDMuzJ7VveQXcmy6RO7PmYcKLhxAy7990jnbmcBq61Bc-RPRfhaZJeXEA-rg,EMERALD,II,93,21,13,False,False,False,False
-VrVAoO6t4uj_u7BcVpNe0d6Pa13w94FYw_v8Zug9_THy5oCIKgv8IC3O0imgEBsnk1rm9I1MQtDcQ,EMERALD,II,87,155,134,False,False,False,False
gLam6aJa3TaRugIoF0-ftI50inB4zKmLLRmnDOlXoh1_TGY4k09qc34DsAoqLa0Rx5kRJ-mSU9mDfA,EMERALD,II,15,91,82,False,False,False,False
pSPDlOYazWctg-NuH8XH6ekbiSIMg0NGJm5p4h7oAS2x7CGRUO1GkO5vM9_0UJxH1tNGwjUvU6_-4g,EMERALD,II,60,186,187,False,False,False,False
gRQ30Pb0zqRIAPBUCyQz35h89m9BvFV1HAtZbL5JPIBoS3_XD2dZ1n9X78Udtx94LXfYzWQ9CzkkqQ,EMERALD,II,28,28,32,False,False,False,False
AZ7kXT47VpPwqpCm--oi8d5tvWBekSYZ7uEuPqDwAjWQP4seM3UgCo_dyKDMekpLKkwWPZfP6jI_-w,EMERALD,II,29,28,18,False,False,False,True
0tcIYaaTCdFezMZGtEc5lKmEZ_5OV_dt3l0GsofVi5IW4SR1jowgj7dXfS1KkoeE-KPOdA4KbolBXg,EMERALD,II,18,77,69,False,False,False,False
9dr3DBUyCrX8xm6rHkFbybhLnQytEwL-aJ3mFAivQQ1UI_sldMJmxiE8Hz5H62Mq9eDD4iV9mhpCUw,EMERALD,II,48,121,129,False,False,False,False
LtvE_tpFfW0zpghcPNObwK7jMWO0j_ClONrRoM5U7lVL2yahhlTle6BZN73_gYFqILv7yt1Gl_-bIg,EMERALD,II,43,31,32,False,False,False,False
XOQ2foIzgn7olVOF-bGZ50_6RDQdjwl07DALLWJi2QaM6VW-59cResu3GvC5d-S0bvL_b53pEBt_sA,EMERALD,II,38,28,23,False,False,False,False
GgztWF2al3mG5485vE1yqkRVg3CgyL2ML13Fz8PbbV0i_ZqszOP2ImmvJja_Z8CIxSIlgB_Y2BfxqA,EMERALD,II,71,152,143,False,False,False,False
0x0TJoYthecbbGjOzSEKHzJ2i4G2FPWhGKKMoVbnHfGozAh7mNtvfS9Gkk355B7B3NYhpI62MPx86A,EMERALD,II,98,46,39,False,False,False,False
vIMxkBAqD_mVn-OgFpNzSDOaeSRroRKPpSjBdG0NXC_iQ6ONoskK8hmaWr_32cOYEwLaDq9KleNPoQ,EMERALD,II,58,51,39,False,False,False,False
cPmkOrAxG0XiB7pt-F49bU2o3XFqIYF-Hu68nzaE1GhoVcysSq5Rtjk5V97N_aFhX6WVhXIVc6n_fQ,EMERALD,II,2,279,279,False,False,False,True
mWyOh2Dn5djN_6HFmdNqvcOaVluhtwr30y_AyrJg_taOuvavdobnSXXoGTqY1Pe_Sb8_ijJbhiN7Jw,EMERALD,II,8,197,197,False,False,False,False
4LcXg-sFyeqJlwxSWEQHoJJGEmgw5S-oE_1p3dQ7op4-rsnmfL1COWhZsXLiT4XvzebOl6TZkq2InQ,EMERALD,II,74,35,21,False,False,False,False
BMpqECNbRUoyHE-fsMKkfGBo-_NODACOV5b7HU_heR_YUYWk-8wF4pUatOnyAEmf4Z6CDlkzvBCFuw,EMERALD,II,92,27,32,False,False,False,False
eDR7CEkhCoY4yycbo2Cs7uEYht5fKl3VfmXuElE9Gj4u1qoNWlw8xu3RHoTDQ2Y1zQQLJbVRl6rxDQ,EMERALD,II,88,113,106,False,False,False,False
kOdoHwHEOQJhrowTncscCGQTPx3PiOmXqHHDuX_llChIO-_0R-wqgPSwE9xHwOMPYehQYVAV6cfjIg,EMERALD,II,16,166,168,False,False,False,False
nCgG5JGXoC-0i_AdAfu4KYrvPw2iV_EEfKFMngESrMGfzhJ9yLNpOg0ANop21w7vDUOM-0EREaXgXQ,EMERALD,II,25,23,20,False,False,False,False
RlPtOCvptz_2-4TqFyqV_X6QYoCDESLX21BLHbj4yy0qsDDE6aPN8vc0sEW1r0LS2z8SoObutzEG6Q,EMERALD,II,25,210,198,False,False,False,False
ZTt6Iz6IIS8uJxokMNl_v2oSucEijJJGJzs6m448SXEelkAaTK1iWfGW5k0SzX7rUjf6u72k2sxNug,EMERALD,II,34,404,401,False,False,False,False
HmuJcLdUkTN8426pQlDgQdBeKiI-DLzOocIWb4syOlgQPYnOSQ_y6nH5jzJDIox5t-HavU93e9jdvA,EMERALD,II,77,162,159,False,False,False,False
XtwPYkMTvisDOeW3Ui_KK00F-l0wmyizzkTJ9V1uXe49jbVhfE_LvUcHwZ4r9p7vfTdQzTu4jM39dQ,EMERALD,II,50,52,36,False,False,False,False
U2BL4F-0g7SwGTM9iM-lf0RiSDeKi01P0TXy9zu4QGex_j6F-LwIqW3nFJ1QLJoz_L0aWtlwrQC7qw,EMERALD,II,10,27,18,False,False,False,False
J3b8HoXobpNuZogAvpZzMX9OJMEhRkhx1scYD-3j1oGEaSJOJYXKmmqBAajKxHRF0XsD0F20yYr4DQ,EMERALD,II,56,398,392,False,False,False,False
33VD9AmiYovRa2T-kxuJri6gu-FSupHoDaLeqV0-qErhGqtY1w0JKSXuRr0xdRzvXWPXB_JgnW_5dA,EMERALD,II,67,11,16,False,False,False,False
UWIihZHHjidHJ2QPl7EHml4jz_4kkqUCst3LaMGFA8KwLYxZZe8gnlj3QZYhbzQ6tofjN2sFCEKYjg,EMERALD,II,31,171,177,False,False,True,False
iuIWkgqwCGBixGE3y1CQvkqJpLGWVwL_n7sm1I9ZdT7YuRK_zUB6kZVlSxxSEBxmQG2rogRT5z1JOQ,EMERALD,II,53,148,154,False,False,False,False
UjAh3h-5C79U5FvzsaVZRayl6QY8g8sbGqvuoukCEEIfGYkKpGC6MdREAGCMydYiz0yVnwCuq2v-pg,EMERALD,II,40,41,36,False,False,False,False
-a2GNJRxcmUvLANp-gZj0i_eIHMaq_U8EtqOLsV_ETeXgSbSjx8ooz11-zMhNXCrTD-TRc2mOWZUaw,EMERALD,II,1,14,10,False,False,False,False
r_p8pkvfAKnSLn45wcl9bTqxIIzdk9hDnRcIaqcteC6uV7mECJiFKrcrmPQg7NL-JJ6GIzyUA4N_Bg,EMERALD,II,50,38,30,False,False,False,False
WzK5iYQ5ju8_lwdatuz3ao-5-KGZ0wKrUvI5jYt1ltrzeZr8jUdYPVvFxZzbOir2CPRqKch8-0ugkg,EMERALD,II,74,77,52,False,False,False,False
X7iv6-m1TWq7D_zQXTq05QegCeNhlfZQzT2bTg2v6UN4NPfqeUA2TcP08t9gNAJ8U3-lJmc5rO2eHg,EMERALD,II,63,154,138,False,False,False,False
TOo9-vQFhyrSxt_YxoxfqwZaqTixogHmolfkbitigTP6UTrSl1ICGvGkmSxTW1MfYUCr8THeBCBkkw,EMERALD,II,70,48,59,False,False,False,False
G8F4Tk5kv73qWgajaylk7v7aWKcDKbmqZPai4Lr1n9558sLn26B_FrKnyHlgb9VMK0B1C5mHpHaFww,EMERALD,II,59,227,205,False,False,False,False
S7VOWRcX9vYpaMBP7ThU5RZc2ZYA6pHyTT8LnfiG_zciwtZTG21Z0Grhzac3dX4RIxSZt20uTJcwUQ,EMERALD,II,83,343,331,False,False,False,False
Cfn6CN6vOT-fVCE4vqnUSm4IiKYk3709jhU_IGKJmUf4esQF9QtjlbOcH8y1nLUVzLtRdmCv3mo3Rg,EMERALD,II,19,69,53,False,False,True,False
ebaXdwEsWVOSM_1boSYYn0-R0nGKrabOrpKu3YRVSoKrl0Bt1YXO2-1aXZ7C6e-vUAAeXYfLwyFl7Q,EMERALD,II,27,72,71,False,False,False,False
eKfmRjhmT0rLeAZPpdC6mYXbayBIX9v9tasDa6wwAiPtVB05OLj303K4TmwpWjWp_5PgsTgtWpiCGg,EMERALD,II,98,28,26,False,False,False,False
bI2xhtaDzcWMXZKfwGsTP5C2Dmmz_-hNFFnN5-iprlpp9VPSOIqNz8hdMH73Y6_NN4pSq9FotZfBxw,EMERALD,II,0,30,29,False,False,False,False
tNDIfTWTqyBzFJ8iHSAo30MN4Ytlj5tJgXKCDLQ6htnQ_sXZB0nhnyGAs4HXeKCCr5ZQfEevVF7HJA,EMERALD,II,50,73,76,False,False,False,False
xzQcDBaIm6gpSjKL44svlpQMuX0m0hK65iLbhBi8QfQYCizOB6ag18KJsBw9HS_Z2_Ly5QPd5BAs-A,EMERALD,II,86,44,23,False,False,False,False
a1mGHGwKwyrHLStE2ptsJVl7yyRa2cpdW8A7gUzfFFv3mA5ks99PjV-3OQ1RssIDc0k0G4j1iH_Qnw,EMERALD,II,38,29,34,False,False,False,False
Q49HvmVhni2Sy-BCBtmFX2wivEF-xOzqwrFDWCCuoeihsSPRhiko4wCf1g3A0dWc6n_ZgZxcCX4Haw,EMERALD,II,0,19,21,False,False,False,False
Ig54yaTl4gmaFGXTSfW-b3JRctMjHIi04X8KPcX14oajzS_NjVYkDPAsHFyIoudnT_3d4bByWqwtag,EMERALD,II,18,1016,1024,False,False,False,True
lOQb1a9ciBeniQj26krilwb2z2vXDmZpsfEzrk-Lze0rBHxqNM3XMbdzLChCSI4a55Kbdl7OEXuPqQ,EMERALD,II,30,155,153,False,False,True,True
vO_5YkQOKsRkNMrtBhJKWAQ1UEBupYf5_U9dmVysfSSXzmCOLfyVkw0NG15iwOORSBY6rjg1lH4UhQ,EMERALD,II,64,253,242,False,False,False,False
QPce2Dem8vw_FpboElh2odmYYSFR4Ye5axM5SEMvfWgKlOEZPt_pNjK8r5DnBMnmRfAx-tLXWTgqew,EMERALD,II,47,28,32,False,False,False,False
OKGr83bf43sqDt4HYAieyMXGyQZuG8HpplwFqWvblQjL-spki532yANVS-lDrm0ZLXr5uKPyfFU7Jw,EMERALD,II,42,21,13,False,False,False,False
er3XFNvw94jygyjOGI0LduJ9-nyL8zWtnLN8EC49ziQED6aDTQDk14q8IqQY6WWQ6hEUrKlEM_OU2w,EMERALD,II,6,59,43,False,False,False,False
QkSKhOBMdceLpAovYu3qAbRUspI9fLZKVJyQ_5BretKDLXMdRFHETQJrIkBp9XCsoXZhQvXVCSIXvA,EMERALD,II,62,87,82,False,False,False,True
vx3FAkCoixMNgnzVLQ5f2n6-nALeFcEWy_HwSKrQkqPucV_V9j4vptwAoSQgoocePuNKZjLwUUHbTQ,EMERALD,II,72,323,317,False,False,False,False
dT4Q7tHA_vsr-e9PNkAS5sRJwvtH8KpzvDdL2ypESuXVpx838diBZCtjMo4YTwy0sV9fmsFkhq97fw,EMERALD,II,43,62,57,False,False,False,False
_A6yN7gWpjgsLQuLioxQAICFNV5hUzux7LbMyIq_nkEis4VSgI0SWjXSYMeHGVije70LzboYjRxhjA,EMERALD,II,9,154,143,False,False,False,False
JZ3MZprr01-G7_AdZKtMCqIlLrb55PEQUOubTy9KtZ4sKE1NG7BqGRXPgbipy5oooUEwnrG6U2ijuQ,EMERALD,II,69,240,219,False,False,False,False
N6MreS4fWQ5wv5l79aQi_H3a6ZTKXWaehcRLsCX0CMsxRvGSqyxK6dFj1LlHaDS8TD2b2Dd49NRB9w,EMERALD,II,95,119,100,False,False,False,False
BO0d01b6kjjZlHOO-K4SShxuWAY0QZIgxKdBi4dgmvs5KcAtK27IoXGQ_hIZAYVeAAZi8qJKxvQHdg,EMERALD,II,40,374,363,False,False,False,False
WxF8iOqmNW1Ae-n-OYJrvijVdwLvXEn3s-RsPCNbY0FIdN8bQfTJwrtTLtRU1LJef49bjasQmCOKIg,EMERALD,II,9,73,76,False,False,False,False
pxsKQYSAdqx6yOtTdQOWuhbjTOPJSrwPml141EM-BJPg7-axAawyLYyTdLR2t3qe7nPJt9mRhmK3xg,EMERALD,II,9,43,32,False,False,False,False
_6_CSoIhlx06782xUJhB40Lu51agU7pNpOF-1Lgw08N2l6Lsi3MeS9Hr9ENpzo3sMYetj7Nm0lEo9w,EMERALD,II,95,87,78,False,False,False,False
EdCGNM0AatGqe5Orwa_p2kTflDvgB9kVWW1cRmGNNmUS9Mw0mbdbArLMwivKFiHEO711fk63t3SQYA,EMERALD,II,18,100,99,False,False,False,False
3c14MibSGsiX3GTcH1HkfVjnzZEZt1DBCFH7CS0Xh8LV8Wr3Im6THcr87-pJCPSaZ8ulPqCaOMkpHw,EMERALD,II,45,244,257,False,False,True,False
gck6TxXMKjectljOfSw30ctnj78fx4eCiZifEZZzHjUN2Qgrv8Cu_M3JoHDdTYPB27Fc2KeWJYwPFA,EMERALD,II,42,61,62,False,False,False,False
ZTUZaLa6q6hFRy0KiA9Zd1jOdFQFhGAdxRuFLhVAt7ywgJ2RGIeASut8AK62pUJy9NBolaUkHVQ0Rw,EMERALD,II,21,13,8,False,False,False,True
LtoKmsYcB3kdnJk1e68FdzcL1GhbkamTtKI65U852FIl5AZKJStGg5i0qdRzWrQ4PkqeYNrA6dNjvg,EMERALD,II,73,127,114,False,False,False,False
xSxNvJw76hbyDuvNdnLeIF9iZkv2ZK0rMHUOGIIGhBOvEPXe3leqSR_oOaFyvU2SBm9cKhQuTpxSKQ,EMERALD,II,59,299,279,False,False,False,False
TWYnOKP2UrabbenVDBax1WNOSeBe_bjjlH6b1fIHMCFMKpPKrninDGV6804zTCHbTXI1bugyYqnmqA,EMERALD,II,24,84,76,False,False,False,True
C2BvyhmOys4VLFRf3LKFjgeEutxHFyURQtkrACypaGOudx-gwQbka6h9qzhcVgHTytWcqVcBvBQU0A,EMERALD,II,30,95,88,False,False,False,False
eYTIk7Zs73_JEA9RwIuE2ZsApAzxuANWJSUlo2GOZM_Ju8ytMivVNp3EB-DSWkfPI9p7F-QPUzZZQA,EMERALD,II,97,4,1,False,False,False,True
h-QekgZs0db2tGhjWFEjOrTACpLDH8zOHARNCdYlrzxCv2DQRYr5Z6gU79B4ULNaD7WXPCo4H7SW1Q,EMERALD,II,75,4,3,False,False,False,False
VM8h1PCV9tTqU9R4-4Dv7uiUMcaR6zmQ9IwaM1yGxotdoRzOopHzby8eG8tlqWYl_cGjYdBUjc9mag,EMERALD,II,16,72,60,False,False,False,False
wSc75DICUyxbNMcj1czIPdeLAbI1cgs-si0P8g15Ljlkobq3mGdKgllgdjGrOmKzLowx-qcs9Idlkw,EMERALD,II,19,54,52,False,False,False,False
TtP0vKByw-cxYh7sSFJYw14Y9DVYT5E3_bkmGvIWTBX2qCf2_mrpUShrWor0qPnjJacC6X0n-ikYDw,EMERALD,II,66,179,162,False,False,False,False
1pgC6sB8nnqHvY9vniXFCBCRo1LlNUKnW0IFF92aAI7n9JpUEz2DdUeNmRxeJSXZj_xonsoCXespfg,EMERALD,II,59,212,205,False,False,False,False
RS3_70LP_9eRhQvdZv7W1CT9IcFjqFbJ9Nmqz3V3zbPO9hmdlNkwGPR2CVpq5dYYSzaUrrrV93waTg,EMERALD,II,48,36,20,False,False,False,False
4rdjzhme5oYtggs89fHUsbbzSvfevb9veD7zGB6bwLc5FZivKCStDJahn2QqZvCirNubAKCym9384Q,EMERALD,II,46,280,275,False,False,False,False
YGcqV4H-lBvivQRDnp4t7DIsNwGRYKoynVR9TjYhYyhJA9MKyasLFr4dymzRkkIHjoJJfD6Hi0OyOw,EMERALD,II,25,67,40,False,False,False,False
togIIg52wgne-lnKotG3o1QD23g7_cdwF4UtojpQuqhbSQvBvasR2eaWKV55737C_SugUK2466vXoA,EMERALD,II,59,67,41,False,False,False,False
TH08hDIUzzJq5nmR5IrCFpZM4Y4TAWxy0uKnYxWltXIw0i1GMbdLfM_men4ipLy81AZ80rkrquvNpw,EMERALD,II,24,99,119,False,False,False,False
p5OzpafiecSJO8IN5zGtRZHD9CITUggpmA-pRloSr-GliHVQgzeZuQbmHMupfoiAuKQX9oTk4s76jA,EMERALD,II,20,58,43,False,False,False,False
zvw_rAe_HWmqRGDh8SsYHbzxwiIYXO9XYnJqTave1S3ZfQ93tU9qGbvL8A9dOmEPlDORG96ieHIQ9A,EMERALD,II,66,336,331,False,False,False,False
Zec1OTFhI46bTt34zPGerMIELAnKtCldsWuxcb3lu8Q-iqZ57jDskMxjfL21zZAQZsAWsgqGGIoNxg,EMERALD,II,64,21,23,False,False,False,False
JSiP3fmfyiPcP5rMwlJYGxuDSnc5dYKyGaQUgcJfI6L49ERe5HcrkWBgSjVihXqrJRhE34A-emJFJQ,EMERALD,II,92,68,64,False,False,False,False
NktGDPJEvDX3h4e5zh7XaibKd019Zkf-TbCxemipbdboKwQgDXSdgVETMdSCxGxRY3iRC03OgeObuA,EMERALD,II,47,323,326,False,False,False,False
nO5C_BqhLkRuJYWJbvVCqb5GyCWAjbxwaH0zB48bJdNXrBuidU731JOlWp-raF4W5Ptr_i7RxUW_bg,EMERALD,II,37,184,179,False,False,False,False
ANjPGSXqemRWh42wB5hfWc4y0UzjcTLU8RTPRjcsfvx3-tLjbZsxQf4To-PzIeJltI9jDtbur9sLWw,EMERALD,II,64,95,48,False,False,False,False
RnmeSrK9bgWoFbj0oTaPl2PGjJWZk3znonKlAUurgg10V94-zDnIDNCXjlcFG1KUQBDpNT3dNEqoag,EMERALD,II,96,165,149,False,False,False,False
A53XT_NMrcY0We0duiy3vZsRgsIdB1Jlr3n1JgU6KEQymyxjzC0t_P7ZWlGMRT-2t24Fhp67006QEw,EMERALD,II,10,188,187,False,False,False,False
52z9JllVngE4bVQ8x48bTUjYFJjGF3adkcb_xAfzfWXVxmSaVToHwWdShr8J4tsn57cQte7_Ho8gZQ,EMERALD,II,81,229,236,False,False,False,False
KJewiZaG8QXT8qOddi8Q73RMy3V-6-2ZC2cGSd4XxQHS4AVUv7LoQAcJlwRtsw5Ay8L7w8QLe6E8jQ,EMERALD,II,44,204,201,False,False,False,False
Jla8uS0iTSSPsN598p9OCM25Y8FlAN9yC2O2kMNKqfOUgw2ZqTbp9sBUCPaencW0Vh4Aj9he60lTtg,EMERALD,II,21,74,65,False,False,False,False
TxwcH_JN6CLvNe21op4FQo9EpCbVBe5_T36r9FAhqyGTAt5xIPMuxlN_DgNzx0_zXUJA8EckEj6ybw,EMERALD,II,59,304,293,False,False,False,True
9zYQZDZ-Bv1HY16nrdN2ZZrVi1JfCaG9X14vORtqOUhFaVkM_G8ei7xeuuKRyvDxjKVurh5T3BhvkQ,EMERALD,II,0,45,44,False,False,False,False
anv0sGXLz_fXpqK5CSqnDR-n8GtMaUYFoozH3WH4FXu5CBBFx5TrhYBGUBWWIDmy8dJvqCny_n6USQ,EMERALD,II,5,225,201,False,False,False,False
C5KCZ5lrO2eREOYTRFr8Yrpj0gfos8axTNM9mA1nDFrggfN7zEwldGT-bQGjjwvNWgOQaMffvwydwg,EMERALD,II,0,68,49,False,False,False,False
ZltS-EEQhQVTDIpT-5_AmxG6FiZetMcISFgfcsUTGEA37mkvLZ1C0iiU8YQigI-KabhZB7WXBcd9Hw,EMERALD,II,78,137,139,False,False,False,False
IAV6VXPMj0BWtnmdU_XiChCaDgUmkejPqKCZ-jmZHO8MHbQ2GN79LT-7KiBINbNABEnlqgwz1af5bA,EMERALD,II,82,56,53,False,False,False,False
NsTu_kk7nSwfZ9VI09meH2Nl2rHVo7l8nyztQSTKIsf9zkkR40zuDXmajdO6FxWjoHhxCRHnk5W77g,EMERALD,II,87,335,307,False,False,False,False
dJlN2xTTNbdvupZGYrjItj_P-74riVFI-ye1sz4FlQbpNktp1xFXMrv1v1IVPUUPI1TwVpP3fKuxmA,EMERALD,II,14,137,129,False,False,False,False
GyDos60pFJA0kaCbQoClBZVlV5HgSS95wLdTDR69oQdev-qS6u_OIkXlgzcUNbrqPyuBhWXlzhceoA,EMERALD,II,74,101,78,False,False,False,False
NRF37j6aIYKaZCep5jMP4pKCekQFir8hXZncE94sRoMKsPp0JvAMB7eFvqeTtB6xHV8oOla8lf5Zlw,EMERALD,II,16,20,15,False,False,False,False
jUkSsO_fz6VekfY6IbeeCN53sJCaPISRqdjW48drVtXz381GQHKi1UFDXvoGP0lVoJpwgMYKUf3MXA,EMERALD,II,88,67,58,False,False,False,False
_JFMULkZTFZgVnigDW_9Z-PHhd2yedgv3bOd_LC1dw6zw_VGPQ7gNEwgAjOF5gqCgrQvTjB9_fXewA,EMERALD,II,1,139,122,False,False,False,False
cl3Ki9cr0YHLAcbmV8n31dywMQD7yxJyXoqGSRMCqUR73D8cVU3hAI0REvRcpbgPIumbbz_4xlsZ8A,EMERALD,II,50,255,261,False,False,False,False
dAn4wcqUycFBNS60Z0f9Spy7HTI1nn0908EQZsont_hYSB4oNzZH5WdB2dNZCpvqdaRb5_lI5B9gPg,EMERALD,II,15,141,124,False,False,False,False
UKiCmdmHWlnppS5tBavhpaAoKIxOxY7p5FkVbAez7s2f55rIza5PJuXicibsWYxbARRIvOlEfRU58A,EMERALD,II,15,31,20,False,False,False,False
2PflWPQJGxvYe25UZZSIin6ZsmzJ68s3tgjjs0iuQgJU0yUTVp6d7UPm2SeSKyJ1WR9NSpW8JmRY0g,EMERALD,II,74,151,158,False,False,False,False
4LhOBAjvszC15C3JwE7yBqh9IVeD7j5FylpAgWwpZcP_EwgQjU1gkL1Hor_gHyf4T5ATp3Rht2ThIQ,EMERALD,II,83,189,201,False,False,False,False
HxUF5MwkNDl113K1NUMZjm-majKZF5O9ygvNUCQ-CEMDDgG4nZdXRUY3_NQ2IjxRSTntIVrNS2lVNg,EMERALD,II,19,34,29,False,False,False,False
uyKVlxlxWER42Ud0SmfnGeHqD_O308_HDgRqwC9lhuTre_YUV-guivTxXDCUujTl1ToGfDUv6cdA-A,EMERALD,II,66,90,94,False,False,False,False
ddyi--nRqx12RrYxdVqGXNgL6_ZbbY-JsFN4c9YvULR3EQpJWiyQtZJc45JYwkZPWlqrGDQFGZ5PoQ,EMERALD,II,91,161,144,False,False,False,False
KrHqTg2YAKqsrihHk4Bpzux6msACkjOIQiU5dzh0pYXWkC89uWk9SKBlQKmij-qnqcl_U4XEWnGqFw,EMERALD,II,51,196,190,False,False,False,False
qLwUiCsAo_hvXwMzERRF5mdVreOQXh_O3QFZVdp6cAQ6RKmDVxzZlG-iymeI_Oy5H54ecP-n79Rx6A,EMERALD,II,75,177,162,False,False,False,False
3hU2qfw_nIRDeyu3aUkIpBppdJQcRQF4lExC1HjSAD_8PJtERHKHmny5hzMXDHH6qJp_yDQF23BzkQ,EMERALD,II,89,216,209,False,False,False,False
JiwgnRo2PkFnTk_womGvPM3mR8qfct3Pz3EfFjqWxELk45GIXGu2_Md6XiawnbmM8x1D2qGM_e0MjA,EMERALD,II,60,44,28,False,False,False,False
tUlqnip9dbRK7SGLHP6TGYS_Wo-OFjiv3W9ktFsU4L3fJQGqKOOGD7HtR8GPQ6j8wmGjVWFCFmzcLg,EMERALD,II,67,432,435,False,False,True,False
BodsdIV1-SfzZt2z1sS7uq-8fd4GC91pq_zP0jCufdKeZq-H0shtYDCLw6-h_3-lBjoVIxguxr-YAQ,EMERALD,II,24,92,84,False,False,False,False
rp8lgl1HVxRkm1FPlvIT-693Yhq-ygwRHR0FBfSDb4XDBplsf8xBiygQAtBfWK_AA4EeTTJSxSW_cA,EMERALD,II,97,156,147,False,False,False,False
EFH1cJIADkIBFBU3Udl8GspzJLL4UK37V1kDR0f7sJsJrUBDS5rLVHPa6Ro1d0WW7iHoEI4e_5mLVw,EMERALD,II,42,67,60,False,False,False,False
e0mtMMQBE2Wqg-re9ygftFdykAJTRClJCGDUUe4siFd-__z529kkvRXcYoJVXBOJWrHTxHiaNK_03Q,EMERALD,II,53,104,94,False,False,False,True
5KA6Vw9Z_rwtoML8AzlFspqePpdSJHepfQFxIUFGLW5SRcXpGIkx42HtNP1dVBXrHsfoXEjx3i8NbQ,EMERALD,II,75,190,186,False,False,False,False
V14Kou8gU3a10-lzdIcmgyCbtvBPvw61pKOEnmMs7uRlOEElmwBAlZgzKYd8_pE-CHqLs-oucdfdng,EMERALD,II,40,27,26,False,False,False,False
NxghWHrADz5ttLbJNRyoV-vtwyNvXrdEHuX4TPuvi2P_90_W8vsHJ46z-KMz05qRzB5QseiQFFOHBA,EMERALD,II,50,94,95,False,False,False,False
goPOq6Dy8S5kern66rOuHAg7kE86mhL3oC1QB0AotG1tkMH9HUe_7sgxwTXRdsRxJWxeWgPRxq9Acw,EMERALD,II,70,199,183,False,False,False,True
W_Pc56RSaWG6OClnAjxXqW7TkfrMXswIxx85xGfEQL-H7wlJnC5wjt5Z0Xi5VvA3ikzxn666h7gfXQ,EMERALD,II,29,103,92,False,False,False,False
zHaq26kiRyeLCveIXdaW8zcwbnetmYDYXYOZu2LQIndCkaTMaF-8BUN701wLJPu2xRjFqVhXeJ27Hw,EMERALD,II,28,80,107,False,False,False,False
8GOKw_xWp0mhbRAlsjs4hmt_boBzOd0pE4sjfnz-Ukb0v8unyp9sSqLJWPy0j5CQvuXZtyy827IM9w,EMERALD,II,7,17,11,False,False,False,False
UxTwHryt-nK8q-ynhq5D_VNtW7Ca0Mn4VKvpCuQIZuGe4LjXO56KFOvAh1ZMnYDPleTCQdtO4XHaDg,EMERALD,II,34,116,122,False,False,False,False
yGkZnCdUupc71SB8lPkg-VQHtpcdDmtB_BmZa3xb_N1UlKGGj5BU7L1_BhMSymF7LnRlicOvV5tOOQ,EMERALD,II,30,12,5,False,False,False,False
gA0M3zSoro72RRb7GDl_NbWWeMOL8ZhcEM3fVn0OJO1PY9dHmCEUWohW1oSswk2sw96GbGPw8xL21A,EMERALD,II,77,449,438,False,False,False,False
eUReJIHMESFUYNU_-An5uXjbJ72ebcNanR_Jo-3GE-kGHXwOrsP85hw8tkvC3GomOhdu3S1-SA-qYA,EMERALD,II,74,26,24,False,False,False,False
SGoA1zgJoS1cnR7qU9PZE_FMswimzCFN1baSgNZZAzt-PUgc-c-a3K3dlXh8z2Aa-txfe7wkjkXXzg,EMERALD,II,98,48,47,False,False,False,False
lSoAkTfNwWYUkB4Ql_NNXLj0q81piSjvs-MtQTJFmQBZ49vqFbwh8dJGj4aivvLB75jxrqtyk0ExTA,EMERALD,II,65,72,22,False,False,False,True
5CGiydSJ3FZFMjk-LtJLQBDO3Ob_RFrYnw5QN4Tb2OWXS0W_9Zv-37hyPKOUCn4KDzT_Gk2Ga-HHog,EMERALD,II,96,56,63,False,False,False,False
MNy4DWY82H2L9z9NVk79yvzo4iHQEPCZjpbD4xYBOYbVJBi5d6i9gQoNIF8o7WcZYIEnJC4XW11YyA,EMERALD,III,47,26,23,False,False,False,True
bOdK5Ul5AhRpV8Y4ONaz6JgI6WdMGy20jdjHVCUmwPCfs6SC6Ms6OwdvvR4w05co3yxtCbPSxfQWVQ,EMERALD,III,5,45,40,False,False,False,False
KZ7paoa5MR5e-QkfCwnrf2kFjF82yKzk3-6JwjiYvneuxNpp2lFfxxduy0CuBxRwJwbZgLxNzqT-Jw,EMERALD,III,62,92,85,False,False,False,False
-rznKLauLCtEZTJINl-OMveWXdQhvpJdKmktXhCBNfRfzsXs2J3L0W8_9LduAkwrWGThEPWAgzGREA,EMERALD,III,30,434,441,False,False,True,False
4J-P_SgP76Qje0y9wrfApwIx6ijE4vAgysLJEM1o8dzTqyXYCQkEJNC2ZgIcGVIv9TTjVm1r9uCjWw,EMERALD,III,73,42,31,False,False,False,False
K1u5UoHjyIgWHkmEtah330rt2zIfehr2qjtb7JD7q9k1gERbi_a9NjCS-dXm-luz52zd_dDd8MSajw,EMERALD,III,13,34,37,False,False,False,False
PvJ9iPH0HzEeM0un4OioNZYsHNrXSns0gkaTr50arFP33-mxT_izvWUri9dmnS1gjaydM-qzpYxBmQ,EMERALD,III,21,146,145,False,False,False,True
tC2CqTYPfrjm5y5bCV0Zh_YBbtO1ZP0Zu_XEStEw84BgnEmOuLWs_BU3Dfz6wPwmhZi_xKPsei5vVw,EMERALD,III,50,89,81,False,False,False,False
QkbyzW0Bc7oCjjVsrnjL2UvQZCs0sROgB6_4D9z2ErEj3hHh3I86J25b17SFUQJXoWjectdkq3t6fw,EMERALD,III,37,52,34,False,False,False,False
_F7AcCFjusQ6o38l5MwGtdo9MbuBl1-JiXOL7_7mSt620XsP0HF87995uQLirzIzEMFXIWh38kJGoA,EMERALD,III,27,81,92,False,False,False,False
f1TT_f8uhXhD8MD4kLW85yG3Nutko2SG1685-D0KWsJFuM1_gSZxXLRhy_sPgdKg9R6RMEAXCY7eLw,EMERALD,III,24,70,65,False,False,False,False
BS99wmmWtai9IDX8qdi4_cGPo_IaLAcw0Aj7R-1BG0iwk_hwcc6S3t2QNvSAaHmHx9UeiRCFdgaumA,EMERALD,III,87,8,5,False,False,False,False
iatJyg3Nxz3EerimCxfouiMJNiopOzFosehGj3PovMD1mUs-uL-J05GY9RYclOfk8sMMS4MQOT6qxA,EMERALD,III,29,164,140,False,False,False,False
PwKn8-aI2w4PwPAOsfUj_rTdxNTrXkC7uKp4NuUgJ_8le_VaN6JufOUfcFrdgBtYT_KhonhhiavrUA,EMERALD,III,35,97,84,False,False,False,False
ZxC8sZ4MixlLsK36OQRf0lwhuEakdYWGTKVXk6M3SM-tmwvpfdfmG2qArTHRn8n_jrbyKYVf4r6ifw,EMERALD,III,92,7,4,False,False,False,False
XyQ1ivlHGM_yh_sB2fLkjHRYqzmpnHlsKXBd3aGyKYSYTAPFGkWGedVDQqXC3cMxVhWBXLHK-nrzog,EMERALD,III,25,158,150,False,False,False,False
Ufr-W3KYwbeDirz3Grx4TgVs1iqQNSuL__aqnfr5yPPhszXfzQvjW3ytHouYD_E3Ggj5iQWFlLlsjw,EMERALD,III,67,21,23,False,False,False,False
jRHtVn3lEQ9gPCM0TaE41yTJSAoDrS3bglQ6Er-1c_VKigz5aN5_Ori5jpJEE4mtnKqontBgCBvUhA,EMERALD,III,65,381,380,False,False,True,False
GKk9d3ntzkJCVz8DZZ1t7X0TcEcjM-xPxBmMZ6abVvxZDnd2v92FKWQgxriTWxxdrj3tAmdrW_NNow,EMERALD,III,12,59,57,False,False,False,False
8KMlC1T6x2X65cPQ7aJSSG7w6xaVuy_RDuJA7KJHVGtYH4Mg4fKuc07Qa0IH7RXV55KpD5VND8mHHw,EMERALD,III,0,22,27,False,False,False,False
AFf95_WfCjvsjKKqo81XjMMA3uKgCGbza9M_aTKDsLyyz5upQXTzmYkDnPDgcKa-3qhpX8Gy9jaC1Q,EMERALD,III,76,33,26,False,False,False,False
6ywqIIhsJIugBeaYcvFQOX2dNdXSJAwATbbA2rGXUBhDtwZTMGgs1tVrbel_EtXK0IGcLzDNjDODRw,EMERALD,III,70,49,26,False,False,False,False
Bq-fF7_TLAZWo2ZEuSYJS-UpshuDJHbEpEGqMPNWFii6CqIDoM4eQ7xBaauGm4Ywsn7pa6Q-V6H64w,EMERALD,III,53,161,162,False,False,False,False
408lCUWaJoF_1GmleGAwVz8um25xdxuBzgtrbBwJfewBB2ScLplBcLLbnyN8v2zesrd3F7J0ZDFiHQ,EMERALD,III,52,41,30,False,False,False,False
uiYjRCZbq6ag7oWTUWE86OOnoXjxuD9pBsC0-BgQn8SYhRRyd82XW6-78jh4Y3WdjrV0zpzJXKxVOQ,EMERALD,III,67,61,61,False,False,False,False
eLy6uIx8mhdlCdWPZGGWd-mPCa7jgT9aMMBD6bZjr52EVWmH3_1_QlwylUW2B0JNFF9RrgtyZS9mUQ,EMERALD,III,40,3,3,False,False,False,False
0fiU24eeKmmQeXffs-1k843w8PpcnaZTruBS_FzV-aNTQZKOPOkTpMTRSO5WeHlvgA01OeQczjh2MA,EMERALD,III,7,157,156,False,False,False,False
-AN8bR5eTR8b4tUTxCABwxp_hJU4uS4AIZUrH9_IAwyxmQQmkehRGKbxgdlO2tAp4p34T77xaaxk5w,EMERALD,III,0,37,23,False,False,False,False
V60kY40Evei3qPc_a0yk4PGTal-EtdH8OBu7OqkAmfI1E8P9rDX7MiCgpq_RrobCnkNQEfd5XgBJ0g,EMERALD,III,52,30,15,False,False,False,True
Wqy2rh2NUvPAO4_TY0eW_boKTJkbXiaiOnQ1EhltQ4MOtdwGcYkgqyLxCg8p9n7W7CRLTLyIH_jbfw,EMERALD,III,57,48,44,False,False,False,False
Q_Us8Pndyv3t2oQucRaNoAzIIsVWTkhuKMv8EBxYMpDkXQachyY6hbNs06wq9tY59qVebyW3pWCikg,EMERALD,III,22,57,24,False,False,False,False
uQVNcc_ruBr5D5fJsH1rYeLyAvLTCmQC7R6aqpuhEY-zkWBAx_hIMRw78YQxAytkukSAJE8i0seELQ,EMERALD,III,54,243,227,False,False,False,False
iF0CqDZDBQ0a9AwWnNQk6c3qyxSwBtCpJ6vxKi7UIbvwqRYQ7OFxbegc8c0Jf5lzjBLFdp_pVkb16g,EMERALD,III,81,117,91,False,False,False,True
sz6j2DxXBgE2WSnPYUmqAGtSpzJoQscDi1VDiLq9DlAVFhUOLcNRf9imtQThwaBYcw0uK4vWKmbIsQ,EMERALD,III,0,65,60,False,False,False,False
UUauCKFYtoYZVEWF9W0Lg25kyG3k2vzo3EXh9t-nLk8YnU98VXQnFQhqTOtRQd3LqtdIIvanX7WUOQ,EMERALD,III,88,85,66,False,False,False,False
m2cdYKyJmKOREZ1lPHz3SMZhZg1_tytcv--OfVy7Q9pyqAEBTuCKwDXQ3_OgnFLFgDtai7jBE_C8FA,EMERALD,III,4,111,106,False,False,False,False
zJVsiUkI9XkLNHn4_V4DL_9biJP0hB3AIgP7QcpTlecw2npp5UbtKeIRUfE3PVjkRHNakariEO8n_g,EMERALD,III,69,36,37,False,False,False,False
hasA77Qp1SBPFrBJQ6Oo0Jfh5h9_SkB79_usCcQk1ZpuepcONaD8sv5jgk3RWRTQ-jWAU28CE4Dvew,EMERALD,III,59,22,23,False,False,False,False
p-xgOMj73zhP1waNJwF1emNP-GCasdXCYXr7HDLWIrARawnOSKpYS2Aw7gATrrot77YBn67BRuJOew,EMERALD,III,43,20,29,False,False,False,False
2YyO4Ujnc7FX16Ju3MIP4OkRk0XYbEBcM6GQ6AX71dM4hfwd3x5CuW1bDAIncJNIULwxuVnk_sQ9qQ,EMERALD,III,35,23,14,False,False,False,False
yNwFpbGYvAeRYldVkfOjXZqQXsF-EPZcoTZ4jhDX_OiumQDDnf4r4vtuzj-GRlxJtc5Wf2R8To4A-Q,EMERALD,III,10,26,18,False,False,False,False
riFeGkeG8r8MhMMCrTAT27A3Xjg9IyV916JHfN1J3s92dIimu9nqUI9Qh0BTjkTW6bKga5JOaT3CrA,EMERALD,III,20,1,7,False,False,False,False
6QbxFiceuBkW5oXWG9L-7hTrIfk_J39o6Ls3BZH2TXaXN3JZ4DrcJ5tM2bvhiRkARw3RFZYicSaFUQ,EMERALD,III,37,86,71,False,False,False,False
LgZoP2I5utNuhkoHSnmWzEKlHJSmMaKiGJuWFMA5Hf6Z9e4JmT0xxJXZ9urgVjxgSwL2hihVepzG2w,EMERALD,III,25,17,16,False,False,False,False
0l6h3_TiHrpK5jLMB1NDZCfVpxprXrgaGkqTo-D7XtAoIC7-DgKQ3FSgiv6ERzCPSppg8X9iKuI4og,EMERALD,III,95,8,3,False,False,False,False
dQSmaicsRwtfqP7LZLp1s085vDVJCJSJw34pl-dVdF3cb8_2omBBP7iVECEG0dvVhPdmn6ua53cKAA,EMERALD,III,10,202,203,False,False,False,False
hNcJ-DUvJ8SrWNEbp1kVpnY1Yxz5U9Qjmf3w52SFcA_QrGclcQAqZ7gH4EESsAvGMKSVqplD3uaWiQ,EMERALD,III,34,249,235,False,False,False,False
6iHLDT-OikALV7ihEmlaJE8L9ZCveVAlps4pTrdCFZL7_x8cO5zisaZ-aIzzz1xsdzR_2hMgI4oxpw,EMERALD,III,57,29,34,False,False,False,False
spA3XUZNOfH_shcBGbWSDDMhaGulH7WSkCZjvyD_ioe-6VovEqkSonxVI2Y3eixsV9wB99qIYJPkPw,EMERALD,III,89,31,26,False,False,False,False
8Dj9pILyWGreVYVf93JA8UhIw-JDavuCtObGNZ4akfDbWZERawuR0N_xBfp5vAoaZzblq61oLhuETQ,EMERALD,III,45,50,43,False,False,False,False
QwPxgB2rm4oK0Say75aWfBHxccfzKh4ajDgMyONDxpojVV7jwevi31pkxeFpk7Agj5-iEd18mbBcMg,EMERALD,III,25,115,120,False,False,False,False
8WZv-dK_TX_aHQUKg-Pi14j_OpPESI-1EvwUqimGLq3Znm5niWooHg2ZDRqVRxybNBlowxjXZj-O_g,EMERALD,III,3,138,139,False,False,False,False
7gkkyKtZcv4o9UC1GIx9y2XCMJgcN-nvfwYggcnwQxnIjElO1i8FPA-cePyEvzVszz1Uze8LqCrDVw,EMERALD,III,20,116,120,False,False,False,False
n9_8Ii7a2DJom9rm1T-JOEDV7cP9l9so5ru108Eiep7XaUVeWkmaFnSv6EqZjtIPa9VIQis69-meAA,EMERALD,III,94,225,229,False,False,False,False
pjoMPMn8Ro6v3KCWApj-naUZtXrKYe8fNtytkpavdWQAOwS8k_HG-qUWSJ55WKji-Yude-SIXGW8AA,EMERALD,III,65,5,7,False,False,False,False
X4T9jcC9Ncexf3kinDZrQD3Vz_ZhQnR6cfvxQYH6dYAJXquru9EmnINL2pnsCLc-bQkTKWtyqgJfwQ,EMERALD,III,82,104,93,False,False,False,False
0mxqVbGcmGv9W389MiUG3J7IWccFJQyqnvLPK4FBtukTOfolvnwyGmsuArNlzFky4Ftuq6SEhAjXQg,EMERALD,III,39,117,107,False,False,False,False
9bYkMzws30GwdQiGTc4PtKijACFsLM8jsm1K_dns8AIUtk7l59ZhCz85C3kVEbGUUwekLVOyEtiwNQ,EMERALD,III,37,117,118,False,False,False,False
w8n_MGE5UtRVylwzwBp76fotCwQZrVnZW7LAF6s1RD9ZgMhXrhhqmwZplPZ8fH5SSMchxzYWWxibeA,EMERALD,III,0,78,54,False,False,False,False
CSP90O1Yrg0McbEK2iRy84lVoxrF2iTVOXLwgqsJOg1ScBCHMVXFoFByY2mgzrgwjK4Ak5THNytYug,EMERALD,III,56,256,248,False,False,False,False
SzyhPXlGWS7Dc3BN_rHT6TWbLODIKgHg5CHEf7I4awgiarDUKjJMWwj470Crg6TASrlEJXNnZ6qR0Q,EMERALD,III,64,479,459,False,False,False,False
QOpKeoZ3XYqr9avpgM95siZkQQvtn6WtKtquXvuJP0nz8l5oBpijHrokm-oP1Mw9D0AT4NRHjHLihg,EMERALD,III,17,9,14,False,False,False,False
CVjcXbBncoekMvHDqMWHHWnOZ6mdCcQUXY42CUgiwvxNtFKHV3I1lAfne9qQUT4wYhPtWsu2RbCFAA,EMERALD,III,32,38,26,False,False,False,True
egZfXRylwdI4Ky3uXZOpwrnm6Wi5ZY3ObgTEIcTl3zBy1fWoPj4CMajeh1rcz348Luju7PozHLz4OQ,EMERALD,III,3,77,62,False,False,False,False
tqQTglqBV_v5nUpsJCK6tcJkVi1G2Ohqy0oMuUhGOLL3bE-MTEnRiZbg_ka4GCtt8qGm3Gz3Z8uEZg,EMERALD,III,64,261,241,False,False,False,False
XbH1ZHC3MdwgvjH46G98eZgL4iLQK26Zutgaw7enmhuk2XvCK9-GsLejzBFefC6HO1yBS31ySXuaHA,EMERALD,III,14,110,105,False,False,False,False
40xGrRCPw31Np9I181IxTyZTxZrlyme1WFtXCOdVDc93jit3u0aRX34RfLkabQQMQMKa4lGahzQFcg,EMERALD,III,21,120,103,False,False,False,False
XJVWQ1sX8B1RFud4qX8P_51EbqQT12H5tdhBRKggTj5XRAmj7Cp_gfoY8qo7jI5jYgVoQXZDbTDCSQ,EMERALD,III,30,94,87,False,False,False,False
8eCiqPVrRJao_EQaQqdpH1RGpoQAfyztKE33l3fDr9hKkaWNkZbgz7IyT4ORT7kH2LGypzsSMGdhdQ,EMERALD,III,40,23,13,False,False,False,True
v_JjkFD9KtGZOeneWcME5X6-9Nu2ku9BYMFJCuxPXH9EdlwpBXIztve60zK3fHFh3AyknVfazcI7oA,EMERALD,III,52,73,50,False,False,False,False
gdhcBjVX0hNzHwbl5gOj2_8lqbaoyuppjPniMAA40JeSafVtQ5kPaLlFHZ8upUF_DUB6C-4Eh-UzFA,EMERALD,III,71,16,20,False,False,False,False
E8B98BNJSBhNub9MLNkzE4gLkh0R4OMy4pSwjlg_1Hw5HW2QShTO44wMgZoFxnu1BFFsuZkHDDhGtQ,EMERALD,III,68,169,153,False,False,False,False
-QCNpdK4FCeZt9Y1nQZHUqTJy9RsjVL24N-5R3kcm8SKWuY8XXEHnJJ2psDhv2jGxvnraoCA-JzBIg,EMERALD,III,49,14,19,False,False,False,False
FVKLXFj-qb3c0B0lYNUfQ_zSbXSENJdZKtbpwmRKwRHCbqL632GyIBgEZFSYGaMWp51sb6INiw3TBQ,EMERALD,III,48,653,643,False,False,False,False
PCVjNDM8-sCpnXMbJ7w6C7EbCg51KK_1NQQiyChsLMqFT-iIGCyE6cmq5GvMP7O8LKho_Rm-phfTSw,EMERALD,III,97,37,26,False,False,False,False
n6s27B6L5b_mkRPkgmCo9wCkzmLYIwa1q6fpR97gI-YRtZE7hhESeHVMqFgwOiZ0cF6GxRR5ObZs9A,EMERALD,III,95,8,4,False,False,False,False
m3DmkpfgVsVJ-A5Qf1HcFETIdllyFcKJNWGqvBJROWFWCPtCkEZIvkBkyJfuQpsWOfzFl_QpmJCYcQ,EMERALD,III,54,43,42,False,False,False,False
ssArxAnwjpzraItCLsqlr03dD4coLuB-mnOOa0JbGR0YkRYPFzR6V2UNiQY6zY7M65hAAyPhVyWgWQ,EMERALD,III,25,29,17,False,False,False,True
0UoTI_NPweTxuA1ZbuKsb8dQDCcAfBZ6dgnfAtOaNEBBnZDQ3iHIuzqMQHNfRbmFmR-g7ybFSy1X7g,EMERALD,III,9,21,29,False,False,False,False
cN_UUzcvjIE1xRt8d7jxfN5LQZ720TkilRa9ydeuL-MNwKOg-1gK5rR81DPPOVm--yhMjA8hZeJG0w,EMERALD,III,96,56,54,False,False,False,False
VSiRFcAxfN1A4mwTRbhTO4o0MtHzBs8267k-wWCQAu524y7ifTMyUg43oGwF84oBwNtLJtZl4SgTyg,EMERALD,III,52,35,36,False,False,False,False
pf8vPsAJdB6d3P7b0SeqiZlz4AEnej6UCYsUVqHtnPXrzSW0RhPqIDXfIV3g96LEH4FUVJMkqddCjQ,EMERALD,III,19,53,29,False,False,False,False
lJEOPFq3yLdxY2jBem52E1S4y3Ct3q_0fXaMaQ0Qz7T7WWjnW3gDJAGuEtqbv2LGS7dx90TBIBEq8Q,EMERALD,III,46,3,3,False,False,False,False
BJzqZpbcB86fw6bvTmOTJfw1QpEBfbRtEpupOi1T4hm6evZfxCUk3nAKyLqQ3maw9c2x80RC9cLA0g,EMERALD,III,94,39,48,False,False,False,False
jrd-0IymCx_eNpOQAcUt3oFwXHs6vBXJ-F1YTyHtD4zz489Z9sBLhKaJddO9Aai2tdHwph0d9SsUWg,EMERALD,III,81,195,187,False,False,False,False
_bn1FONkpmuwQPAK_64TdhgPY-1hii5bvtqmYbw-zBhnpN06mBoizzqSe2cGXiL9v0_q-7eYfsXLYA,EMERALD,III,88,105,95,False,False,False,False
6jEvi7nfEsKKh3swxOXyfcsqe-QL2hN1EdKqI64s3KLdddD6IN7-UQ1uKYOJErMIa5_-ON45QUmkqg,EMERALD,III,9,201,193,False,False,False,False
qWFaWz8voaCe4aYXRNMDrcAzjQlzhzgEoI2N4tfYMOhMLSljtPQEGTyX-eNqIG6QjFPcKZYyiHLIRQ,EMERALD,III,43,56,56,False,False,False,False
iS3TWzyz8wvEy3NyIrgjUC1lXbNJwJCMBCbeJY4B-c51f44F7gAW2OuJOYqvqT9EA1eDy9KXY98MRQ,EMERALD,III,11,44,37,False,False,False,False
xjLFv3FsQFzUjb4tocFlHsT7QdHAQnVA4mxtjFV-obNL_tlzCbaM0ekX7o1Am8jUJ_HcJ5VEUzHsgQ,EMERALD,III,50,134,116,False,False,False,False
bhzd51SaxlCEF6N48eR8a7QXDfdeIniKFFgEOotAQES5at84RiHwOL2kcbPiwmjnlnN-52rJm-7Nfw,EMERALD,III,47,276,284,False,False,False,False
Up9xgigwHn3rBxg5PTCZJiQA3bFLwU-7zMVasnrQwyyJvq22pdVhXMjtBILeTCSMasQotGscYlfe_g,EMERALD,III,33,114,88,False,False,False,False
8ACV1JxJUiMwJBJmHUHpVcBavG5Q6OiAypK_uiNBMOhZsshjzEBdMEuqo1RmBK3p79OSoag8Kwhkzw,EMERALD,III,54,80,84,False,False,False,False
Cn8SofyLBBla40phX5QeYHRZDNsh5PlJyoGDUAeDTdT_MTvqbZPjfb1Ek0esV6YUcr4P9xHWllvPhA,EMERALD,III,93,76,74,False,False,False,False
63aPstjiciax6xFwvZE4zSjJ4zGRiQXRhJuAtSNS42rv8Vwh1qizesysNwouu6vKdmg32xbkfvNisw,EMERALD,III,54,70,74,False,False,False,False
nwvwjK4l3lTTMKnflXmx87ZAc8gVFcPyi4RKtjXQtDbs5TjKCnT4o1mYfeRblmT0_TlIdPH6PoO_OQ,EMERALD,III,26,79,68,False,False,False,True
nXPpy8CGmV0TSSVA3QI5bVt5ETpGUGEV3LWZ9Yq8Gt4qFDRLSaxpvtCMkSQyGoqAhmcfw81wcMgV7A,EMERALD,III,65,93,76,False,False,False,False
U-aVSGfi0EqFur896n_yb8BYwzw7C3_F8mxBAZtlCQqXShRwNn0lqq6Vc39AEW6Cy9MOHRbGhjgL3g,EMERALD,III,71,95,82,False,False,False,False
c4OOn1i0MAdkM4gckGfggLl2U9xsRCa2usBvtRvQS7WWtzGP7JPBCBvzAolw-jxJo5e_pSHoUr399g,EMERALD,III,38,102,107,False,False,False,False
qtPdzc4h17H5mkGqd0aAZm0e0mBi4ROsR74LfjzVwDxZTtUiysNLzKRUA1VTIAB48_GSfY14NKQ6XQ,EMERALD,III,15,9,4,False,False,False,True
EIKy5dYUwFzpXA0vQa5p7BnlhBh6Wq4JR1GQhbaQiQ8PqG01Nr-MAlzGB_Cqww16m9Fxd1R4N8Ro6g,EMERALD,III,29,112,101,False,False,False,True
_FbZFvPtjz45Sm4nWhfH8rG-aJZCWYcSgMxUoFX191Utoe5TArAj9AJC1oReD0JAIR4c7TGrKXelfw,EMERALD,III,17,32,31,False,False,False,False
f05-MnyfKOfn66oV6YdUhIGn0pcp9Nqv4KpvlzyjDDz1UtWSWrRM7witmbzD-m2Rcwyy5tiTqPfzLw,EMERALD,III,29,24,17,False,False,False,False
DKt4FtddbvSeoQnNyi1-E-sJbFhd-lZJkuAHDA8Tc3MwNWBAPFN86Hj9UhjSBMITcZcC3xp4wrcBBQ,EMERALD,III,55,7,7,False,False,False,False
ymloKxCiN7YUT092EClhTAhkrBF0FeBxQL_2j2gMwhN4_ygks3da1uAAQy7M0P7Yaq9FawjIm4pLzg,EMERALD,III,72,175,162,False,False,False,False
i1L3mIGDosADaTGUalorm3QZATd0eyXTH5DfeGb4kt_HJ4HWbSl7G8SnbzmWFBzVhPjW5G281icYew,EMERALD,III,44,45,50,False,False,False,False
zLIMzdukkeA7sz5N8OSYKfGi4_s3QD7fokXwwTXx48mFZzrIu88D1NrzhXbG5old3i2uFsQFOedg4Q,EMERALD,III,14,78,81,False,False,False,False
zEGGNAtfZy0J6789ixvg-MaQqyeaxqksR04VSXMoXfl54Kfr2EK6Og1pmdhwiwxhSwvmvxf8lyPC4w,EMERALD,III,99,74,75,False,False,False,False
Bxljg0pJHXSxXuoKvnHRVmJZlS9HtKKv9RoLGKbbYRcpt3ZC_cHc4nwzp7hwk0ZAoDrWii9D3Rt3vA,EMERALD,III,56,171,153,False,False,False,False
H4qvzbkfSdo5jkmSEP4cgPIygUIRCLQ1y6M6fN02NzADnyW7-noOqcr3qg65kwiZJZYsiMkWZ_MlxA,EMERALD,III,59,29,42,False,False,False,False
xLylQJQLJKqBxRohLX1Ly2JpOsordxRxhOAf2odYkapQ0p2BDQLkxSv5ldeU_GLAmYp96mzaShRfAA,EMERALD,III,34,436,429,False,False,False,False
FuGD1N-gqN1JRK4NlSDdlZSzk8NUN06ZX7arkG-LGpjSyHuyql4rjwo50HUNr-WGU3dLckmAwxi0NA,EMERALD,III,67,30,20,False,False,False,False
N1k-ATMEd6do_N8gp2UAybDM2fXpMq2RDi6MsJ32McEtUa_D3CkFC0rZ7QGT7K_GRL-uAaBPqKh-AQ,EMERALD,III,51,21,27,False,False,False,False
YY_iJoQPu0RHnGhk7g9VIoKz2D-dFEtAFQUaS33iarEzx7HsR63AFwx3xxGgrkAg51A3jKJh2teTTA,EMERALD,III,41,105,98,False,False,False,False
HtTt9TIKBCDFscM-pNikPD81lq_jr8uTu7yybz8lm4uV5iPhthcgEilcKtmn8WVgYHSF9dHoWClTBg,EMERALD,III,13,131,115,False,False,False,False
_TB0321aJBRp5sHjr0XTkVVWhhiWV0CEKhU4qxpDsvksubjVWT-T0b19dMS_KT1Pa-2S54ktm940yg,EMERALD,III,80,27,19,False,False,False,False
oP-khpVY0MhhHcxQ7_ivr10YDnL3MbKGPSiKrK-FOhUagDLHC4FwHxZL6X0od4Dpa_Y8_j9cGdwmTg,EMERALD,III,35,63,45,False,False,False,False
sfLevcUA-T2JY4E0UnVNUd3C-GViWboBsB5Q0-VgP7y_8KhijSRmQ5kJSs8tJSgisGnKwggbC60Mzg,EMERALD,III,61,116,104,False,False,False,False
dnizXC4-EvmG-56Ayk_-csgWwO5LLANxZ4hAh0bkP_CcRjmvnSCWofT4MfhrBxdFlCjYn37_A4VBAA,EMERALD,III,31,151,141,False,False,False,False
p1Pc2Z4UcDmyPTkXK2dtMt2ugaYPxIEmGP3ATMeOGBHMcukeT2L0wIELaHEKd8gZVmIHIuTLm3DuVw,EMERALD,III,82,282,284,False,False,False,False
EtizzjqXygIOriDUKaISsefL4cde7NT7TZzC30Jyeeg_qTgj3PlzzJrOuxWbUWu3EiHYf8jF7T2KCA,EMERALD,III,76,152,145,False,False,False,False
EalVnqJimVoU9-DugaVNgDN_zRfKTy4ICohJIpb6rajMNZTqemVL2xLZ5n-fMMWCPtX4gM2ZUi11-w,EMERALD,III,29,259,252,False,False,False,False
tWdkmgSN_cAObhFDZfUQIuP-TXxMAPXPON3D7qXiPUld96VWiZhXCOdUpayLqiFGRyvpqLnpOI9KCw,EMERALD,III,88,31,17,False,False,False,False
ZpJP-ZInx5g_-fNs_dvIpiE1759U9ib76ozn9698jI8DyKk-0f06B8dU21hUFDi93fFcC0xvBIaGiA,EMERALD,III,19,74,67,False,False,False,False
1ElCWBsR7imaksSmTReVrQU7zSGLwrG8a2tHqG_g26PaXXClfmG0y-qMqKwqW3Yg9L7butyjzaABIg,EMERALD,III,62,107,103,False,False,False,True
xy9KE964DpLexFWqL06n6aeje2mI4P8qSmug19GzBhxBRuIQCHPLinOb_BmI4Kw0p0lAP4LfHHRxLA,EMERALD,III,17,88,62,False,False,False,False
Xt6zHuRlm8DLEmGrf4lGWsqEsXUA7UdZDIQ5cT9QQQ6Oib0OnjGUoxEDTU4GYVqbbrhvtyw9kpuNrg,EMERALD,III,14,239,215,False,False,False,False
NCMmHX63CsXd0gAu0gPsF8RXezkZwlTpTY7jQJpB3nKpyzX_b3sW_9iZCGUgY6UhWgqkbuhz-DMuyw,EMERALD,III,3,99,89,False,False,False,True
Z2LLhPdi4pjWKy0pkStAM0PLh5e32SWutYlcjHM9j6bZzLe3usaj_hIj3VQBI8XKIVwD-x6AcVPHbw,EMERALD,III,92,47,44,False,False,False,False
Stnr_Ol-QWk3k5p8jQOziu47_Mxudy2Pi-2QVOyUpaXMvcxO1oD_Cr7x-AFIzeTIJFFZzbOk4BPBbw,EMERALD,III,22,74,81,False,False,False,False
bTjIlGh4pAR0eg-rCVvIX6RJc24a5v0euN3IY_UdznXJ8uBoSr8lY635p6vXFlZ6Dz5Sa7eXdRPH8w,EMERALD,III,25,286,286,False,False,False,False
j4w2A-PXrKQESKPK2lxvP5KUxLYjU8HhZhN_2t7P73ldKfwnQxt8F1Dfqn8geM0aKGEkqPDxi1Y5rw,EMERALD,III,0,0,5,False,False,False,False
Rqkn69kOf_zduP2-WQjXvzEZQCFVfw8AlXo_qiCT8ZzoRpajOtnUJjMxjB-b6jarFhINYIvrQSQuYg,EMERALD,III,41,145,131,False,False,False,False
hIOAG-A9MhN3TMOVpiGN7s-atHJgUP4xkkAUmpteMfGutl890fTFKV6UimLLb-79mfEJmbgHDL_iEA,EMERALD,III,95,59,46,False,False,False,False
7c2LWmSix12OxPcDu7HKcQV_9k-FHY_Z0N68k-1aPAS82R5hUFBW50IWc0KVytckEgCxklFE3Q4SJw,EMERALD,III,20,6,13,False,False,False,False
zTQg3cu2K731bnQGmdtdLDMQl6hg2vsQWW_v8UjtFIweus3rY4qtau8vwthshqz2eiJ4oPEhuaXVWg,EMERALD,III,28,141,127,False,False,False,False
XTXgOuQebkH-1Q1tVgI4vtmrE2Hb9cFbMQqCzk7iTNXWhqQRZO3mfdq8dt0MIPyzSNOYmI41jE2D_A,EMERALD,III,1,85,81,False,False,False,True
zZzNEvmyD79h_qSRM92TqHREgQr6oOB6_SvBKt5OaAC9aMrCRUjGaHl_E0PKtVr9TyY7Nrw4-DA-OQ,EMERALD,III,31,575,550,False,False,False,False
p0RtgIAnbfzfRYCR5u-6Zkq5PBa9LT_AP1aQSFr23mLXMw9h6-fS4xpkTn6KP6BNBPA9My436NNyxQ,EMERALD,III,42,78,58,False,False,False,False
e4Gmm4tJKgGEjXoBmPvOqECG146eKBEAwd7SHEITfqJEmJfBDNHWRqD9CmTVn5oQ_mhn0UunBNdFDA,EMERALD,III,4,256,246,False,False,False,False
Wr-boTtRQD1d8umkymS8qSw30skwwMLaKGtHay6vBdg6Us-zp90YEw4rSE8ioHc0ze_0w9vqGqOPNg,EMERALD,III,19,368,355,False,False,False,False
7DK04Xy6uVDuwrVgexhyxOv8EnJiQIOJowI3Et5PzUZdrx3Ub6MMdrLKdaGDEzxbCG2ZQ5dYZwxUvQ,EMERALD,III,79,154,127,False,False,False,False
v0qGbVyqtY6NlCsHVKtntjhAZK7sbDz9O-M8WshzYLUGY-enjAXW-vT1ju_71VQ-QZVu7uHA1uiC6Q,EMERALD,III,9,19,14,False,False,False,False
hj7lDmf33Ov-7Kf6C17Q_YSjvKsmTHQtwz0DNPh3_9qQD8V93G_VJQNXYNA8qt1Xmrj1lcr3kAi5LA,EMERALD,III,30,49,42,False,False,False,False
aVhMJWRlwPz3mRwB6_E0VlCt196_JQlS_ybzde5JTQYi5VU_FfBhTRN78lPdY3C4euKYdVO0fInDRg,EMERALD,III,92,6,16,False,False,False,False
unH1oqHEi0PXtC6neED8qErVMmuZjhNk5Fvwu_zWVjdMZajhInhN1Wvzj2Gzs8XYCSwxVS79pwEFOg,EMERALD,III,35,129,114,False,False,False,True
1OuZlwHLdcF9Jb_TgmyOAASLZSnTVKHmrHe5kuOIy6jmndjDnOemNrhHGA8jmZrp8IeKbOZT9sbF0A,EMERALD,III,57,13,14,False,False,False,False
nSHdYKRatpPUEsS1okHyBc_1mnI5ZRioHpDq3Mc6jz_cm2kfBkBYRQYD00kflFq_tbMxncASSWrvxw,EMERALD,III,28,107,101,False,False,False,False
Zoq4QBWk24sS8fQz8xDrPBPayaqgMHybTRJJGuVLXL6Kkj3V9ZYwm6CuufDFKgKwp9EnYoHlyCgsew,EMERALD,III,90,74,56,False,False,False,True
kURaCY5uWhzlFENB0tYHSLpSE3mxBB-TErDhTRlycMHt3HpYRz1bBBsrI2Aha7hWsWoLtrDMgsB5gQ,EMERALD,III,76,127,115,False,False,False,False
iyZhVD_ZU3Et5OnsFpFZHuzTfmO1rJ86bBbUbxVz9HJ0fGktG9LAuM3s71_MWMugL8BzinmynafCEw,EMERALD,III,67,42,42,False,False,False,False
F2elGLWIvOBN3q4fUZ6wgb-tJrIsObP4eowyPUn9lidQs2O2EiXPEYZwIZ2Ww5SFCiUQMlQ0_0HHNw,EMERALD,III,7,86,79,False,False,False,False
oQvfDpiNQR1aBHw8gmKo9283HgRDqlt9o9ioggqEo8ycFOfGOy-dKJBpCMmc1nXgapzaZbzd5LAsNg,EMERALD,III,12,277,256,False,False,False,False
IElhbdlaKsOoSjoOoQvWLSRsDio4KejLynGT1ohK6ux7fUF1iDQ8glWxjmmq8Ma9ESIbyaYgxBwoyQ,EMERALD,III,22,361,389,False,False,False,False
tTscIVyK20tn3VrMx9uv4EXQRr6-b6dYbilNPiRT1jSsFnsLocXG6b-pXuFBgR_9OO-I4aDQ6j4xjg,EMERALD,III,53,250,256,False,False,False,False
ytwcwBdr6HnuGO6Rmd-9ljxS6LmwlGrHv_CPrF1sK7SmxSn7YoAzHY8eT7KiYjf1oZS1oCnTUu4NLw,EMERALD,III,67,26,22,False,False,False,False
J2C564GIXzFut-Lij2elXKgV8CMiFkpsyl5OZKN4lNCyUO4Tv-QUjdmMZKJawSPfplzyeK_USp3iMA,EMERALD,III,6,180,174,False,False,False,False
w057DRli9KdoK3cVeMIGIZGuosJ85IUuQJDUd4rTWxJNS8bKAlKQbzKOr3fpjcoxgJs5W3t5sDe3Jg,EMERALD,III,2,34,40,False,False,False,False
ASdFv9y70etrEu3muwgbXtUgCy5k7pRXcF4jOnicPF3Uic5Kz39OaBiBwsWiT-BanWtCUIYHxkNgzg,EMERALD,III,27,52,51,False,False,False,False
VX7UL3BfWVejMaYGISrjHlU-0FVRkj2gprSrjSgunr1l9nujMMG5BE6FHL2N5egkCXPYDQOSOTRHDA,EMERALD,III,10,35,33,False,False,False,False
lnk1S5NjvP1rd5WnyXdmPGtFePRMBIS97qEDcKwQsku6pnk8KGwX0evXaoGk5-HDQzI7XZN9RMhsgw,EMERALD,III,99,61,48,False,False,False,False
OVbZLDphmZJ8Ky58B-uF9JolzPBaAKVst3BuqbU7qLQytK_9cDqnv80ph-YCXmsj_xndqHDZtF4VOw,EMERALD,III,96,55,40,False,False,False,False
6ptBeXqgYKLSLPysBbnDRA6OpKpo44OkK1qqo6R2WOiYOq6g2K7V1rMt-iY-tKE3nQ4ZF14-x8fMMg,EMERALD,III,98,55,52,False,False,False,True
eyBhJaTuYbFZYeJ3_QoQUYEVCzUl73Xi99o1vlVb3R-fMTfgEBCuK4ze_AgDFsGiBfnQf1u9oJ9PHQ,EMERALD,III,35,115,109,False,False,False,False
6vWNRtMqeSnEFNnRLZ6e05SsjWfy7icb9ICdcP4v6Y3x-sZGIQ0haLg6MsuTJK5Qvgf7Bi96-g5pnA,EMERALD,III,20,154,141,False,False,False,False
5ohQBh1c00pQ2xjehYB4OJHsLmzr7lwnBJL5VhyalQSHtEhKiYuE28JI1-czFHFHSeGyezCxgOYl3g,EMERALD,III,9,33,22,False,False,False,False
iZ6pYiBMUMle3yHcAkI8cUIIYKrnNfGs8KDoixVKpVc9RPdC-WUZT3pEfn2fgcMOXLhzs3bspttIaA,EMERALD,III,44,73,54,False,False,False,False
fFbQsI2cOUP9sBtsaHGHN_fYDwUwbMhI6JzKacCzTr9XTrMUQ7QYc7c_Je4zSg6JSzKFoet-8dQXew,EMERALD,III,42,177,164,False,False,False,False
8mB7e4D3C3PTIiR-9Od40XsaXj2dSbBDY4sNBBDB_kDVrMJpCQvj_cMhoD4jKEiaK355KamkqDx9Rw,EMERALD,III,3,184,180,False,False,False,False
MJbx9VAdD4cbNtAc-ivIUhnr1E3nAv4bma_UtXlqGx8FyBIsPs2QJGIlHBxc0PULE5XMXfDQ5ybnTA,EMERALD,III,72,20,13,False,False,False,False
dC5YzABUOuCxLY9JsuKm_bKBd7wpmRAg6Z62b2IN0K4d0gm0e1uStX9orL77oxJkl-XI4RSOdWSqVg,EMERALD,III,84,204,192,False,False,False,False
J1RWbS07YgqxXSz36iedl70nakzRfrqWHd-tx4aViXxmZWN7mhVaGLZu99HLBv-HDvQgSsNjTy-hZA,EMERALD,III,87,136,121,False,False,False,False
gFijXOa9Yr2e_9IpdK2s2mwsxHLlGUH7-R-96Dj1ryxmWjILGaoYVC1lIXdk33Yis9kcJti63wNzMQ,EMERALD,III,4,12,13,False,False,False,False
E976MGe3FzeYgmEn1B0y0EYYdJWeqHBk6ANKEsrUrhJYg6nvu1DQKXc1AO42JfDy-5kog4jhT66rZw,EMERALD,III,74,82,69,False,False,False,False
9ayZmoJHBy88nGPUuva57UO1keMV4x2QEoRqPT1GIc_1DZoItQS2-5aHDz8vXPAooUqxSJ921YX-WQ,EMERALD,III,23,44,25,False,False,False,False
qm59akJtBOzU4UsjDQVurdytOLy5Hg61z7E6xwEWe4Y63iJfEiyuLrGvKvIYeKoTsUwuN14wW_jJfQ,EMERALD,III,57,104,102,False,False,False,False
gyiRT8nt-v4misDa_dB7FqAGEScBL7mSnZ2MW7JTcBObUIKtcwQiUmqi0FxAsd4-o-IspJ2b4xd4eA,EMERALD,III,67,299,296,False,False,False,False
mIyz94kIyxlQbGPQ7LRVIDOQdbXN5aiToybT3pQhN3f_Wjvf7_RUHAoLjrD5MmngRCLnPU1TAxLksA,EMERALD,III,38,39,40,False,False,False,False
n1q9KTaKRD36gTWzTv71bp7ZcJvoQNt5BMCYif3XBCTbziMQcwCKFCO5dzU_P00ZC1L80_LYL0QJdQ,EMERALD,III,31,21,18,False,False,False,False
zFEhM2loN4V8_bUbYYvlwnvfG9w8AeJSfcA4iOyUzde8J3MQ1sqzE2LVeiwuNUseEbkrt4lLfGWo4g,EMERALD,III,12,159,142,False,False,False,False
XsIGDIqIQU2ths860G3ZDRzpj8VsbrjSF0unT-pr_N1Xub_Y9zDIJmtIWABmtlIGlMmwsZZX8WnMzA,EMERALD,III,18,122,129,False,False,False,False
b5ogmEOxIvyG-5TI9ZTSeSsdMck9m6B4V0XKXNz9ppAT8UnFKsDwA_1y5CjyudDuFthwrwArWeAbZA,EMERALD,III,12,119,113,False,False,False,False
V4Ol0-I_2nBfX75WP-Gqmv3p21lJzbHcpGua5IhjTj7eWzwDXgzhkOeb7z1lGbFBxFSw6JiltnMLpg,EMERALD,III,86,76,86,False,False,False,False
xa2JlXkdxS65qAaXm6Ezso_DWpGdTC0WgJ7DUWJreSt6TRDTcFHeDfWzZn83BE8DimC9iR_zfxB6Gg,EMERALD,III,57,34,36,False,False,False,False
OlQ9E-FPFV2FXJshdrxOZ8l-91HpIClV86hI6QqcxIPbyoQmmr1JTb3unrKW8BQ7-t7_d3UyD9Hghw,EMERALD,III,53,18,15,False,False,False,False
t7881G1IE3tey4qa4DS2taTlCDGANJE2tt-JR9t_ixIXUzBwvWEN8h-o3CY5JS81j_BpEyDnIysgWw,EMERALD,III,71,84,72,False,False,False,False
X-koN_wn-JwgQhyaiDq19xLEhDGagn3p9EN4psig3-PaoyuOMC8qUYUC74Y5tVc0zuAFg-ehAWk5lQ,EMERALD,III,62,77,75,False,False,False,False
wrpVN14qjsPglL6W02sZhtKNe5FGnHABH_gZ7btJa5M-3HeEn8CLnVH1uxO1_kDGfOq8gZFT4yPs2g,EMERALD,III,77,150,137,False,False,False,False
yA1-DU2Uz8-zNwlCrwq6rSS9CVHhUTp6OK-Basxf2pyOlC-9D_lfIyIk-URo1rB1KVLPu0SjhGP3rw,EMERALD,III,24,268,254,False,False,False,False
-jJGnitxK9_qsoWCJdjNiqvwLp4trXYlMpYLGptdbyDrLX2qyKSldlmS0fICHCXqF9LF5TBD9V-WYA,EMERALD,III,8,64,69,False,False,False,False
6BNMCvIE2Jin95hnW5lW5QyeYWSjysV8vziJU0M3vo5d0p7vMb_uxFfQ4oXhwuBlhtbhYyRdmoBFVQ,EMERALD,III,37,223,221,False,False,False,False
S2uoL9nNa068QTBwebzDf1YuL6zMDfLUcO_HYlj7KoVajeHSZCiF3Yce0SKCQt5g5tdXs66_J-DzaA,EMERALD,III,13,94,99,False,False,False,False
yGdEO1V8MUk4_Xmgf05GEB5gxOBUQ13GfLfQjKG8FKzfBZ6Yw9YPUDB9f0eVtlx0JdGc4fzdHmX2ww,EMERALD,III,7,27,17,False,False,False,False
mn1FoCYNooKa-L3mGqiRYwPvRcDVXawCvqxxzeqc01OLTHKqgaqr_iSoe3AiSeqTitKmQ_JXv4ZEPQ,EMERALD,III,2,28,32,False,False,False,True
DzHMEAfD1NRpWMI5Eszdu0wcFF1JguY-Ry94IAfdmkBdTgkMMGppN9HQBCzp6ehbS2jNQ68b0DerOw,EMERALD,III,69,49,55,False,False,False,False
EZ_gXdsfyNCogN-axAmn2oUWYGNTcO6zU25Hv3D1UkvgD6QRJCz_BP2GIg4T7m062-tUNzVWu2pBuA,EMERALD,III,30,35,30,False,False,False,False
FRct-6Pl_5b9oX2s02fpOGgg-Xc1k_seSOXE_eQhW-D6g8taSsivIVqrGoMPhLgFfG_U9547b7zAWg,EMERALD,III,89,69,66,False,False,False,False
RZoRvEGfQge9AaUuwbseq89Ijpn2aBlFF49l9QYOwq2X1J4j8OrlimsDJ7OpdRpw1P3E2M59yzDmPw,EMERALD,III,45,234,227,False,False,False,False
HbSlG0VOl3DtoaJ8T7CARXCajWR4zH_Y23YWU_OidFtW5uQClmwKUxmS_aovfB7iW8lStMjvIHe30g,EMERALD,III,8,127,97,False,False,False,False
r0qmDQmf8SWn4f6HvjlU7YI83q-SBfFN52MbSy9tYXcH_1oub72uXhWUL5FgBt-KkXLky70zQEkR2Q,EMERALD,III,60,9,8,False,False,False,False
pvtYsTbGXSw26nkpT5_-9TTzA9BoXD7HF-axUj2GnsY-iylAhJiFB7IQ0wpARi_B3RLb3ilTj3njCQ,EMERALD,III,91,54,61,False,False,True,False
Z3PHRNiSxw_0QNVM5BjFG2G3wZx5yyzQlNj6MOpQro3XCnk17BN_ndQo_ctl6FR1bhE_wrPh3m2wiw,EMERALD,III,20,21,12,False,False,False,True
s6vlMikXhIw1tVH78dukjj1CpVXMQ3LPHerSjjlcVjDeUKI6PhgrX-ctvcXzEDKDk4RGw_bq0vxWBg,EMERALD,III,0,23,17,False,False,False,False
YgDSSi-hiVHo-L4BT7x_9_MWKfz-1DZ0MZ2douMg4JHztXqjxZVZzGD7gvFXfez4QooQTBuJSJFL4Q,EMERALD,III,47,29,18,False,False,False,False
kuBhYfgXVGqQ1-N94HN7pMZ0zF3d1DJc1yBxkl_uw82Gfb-4UWzW1_pnsQODlpbK0vXMVOPHNQl5Ag,EMERALD,III,10,90,86,False,False,False,False
CzhiQZt6sGuTndwcA6hZRaESlj4K9G8US-Q9ZLMk0FdS4YthdtjzbS2pYJNZS7YCElMN9xoEdv6ADg,EMERALD,IV,60,1,4,False,False,False,False
pQAO0V5QWdN7qZxUGbYOyj0LMv-jXcDOqGkWG2-QY3tJtH5V5RneZpnEv19qoirtzyXnoK2K5ftW8A,EMERALD,IV,85,46,37,False,False,False,False
lxJInwtp5F4liyeqFyic3qqF_Qh0_cJNv20moZtQHhzaOE6bppcBSBEbuiRm-3or0ad-6HNztcC-dg,EMERALD,IV,50,73,61,False,False,False,False
jajNzF_YuZSxAP42nW88EOLKTkH0dWeL1dDRteHk-hRQ6wKTypfejjNZqHH3zqpITAeKWORR3gLC7g,EMERALD,IV,29,44,29,False,False,False,False
Y2Z-fLtB3y_6qWkceN6UfWtf33XTV1ok_SLLCL2uvALtFpH3AvGUX11762oeB2RUntrPdMThPYIm2g,EMERALD,IV,12,77,75,False,False,False,False
J56xcj0e9rkbxdW6r3pDDz480JLit2N3Q5LJfPuDjMcRePZrJciQwDzNb949sfHuhkFZIaNNek-MBA,EMERALD,IV,0,22,29,False,False,False,False
3ssoK8OlGBcFXJX2hGn6I1NiPgdU2iVyCKqtJFkMPQetPwN_KFGZLnKeH94ulROdXgz5Kw44dVl7pw,EMERALD,IV,36,77,69,False,False,False,False
Z8qVbeFzi-mTTh433z48_BSUS1xuKyD0TQUbV-nb-MgLh-4E4U39OI2aXqq-iKwD2tjl9K_BdhGO7Q,EMERALD,IV,48,37,37,False,False,False,False
eZZG86QGuPWTs9O5puz22FcXs0dIVmfZpRSmePcfWfdkXVc1lU9Tq30kK7aJHZKQCeHao_oiAZwwTg,EMERALD,IV,83,125,109,False,False,False,False
nFAuFGP-o7-g8GQ0ZpTa7Suswdq-Qs4ekO1UlhDvir5euPFzuu0Ca9Do3XdlN_X6ANUAZ84xQDNmdQ,EMERALD,IV,56,14,13,False,False,False,False
K-Br2jZ4KKy9mV2aFKhYUiPvH1Hx_wgRVAMGa0n-Ncgrwkn7TRr-36WJoxWaAU7AAFgeEkCH4pycNw,EMERALD,IV,70,8,14,False,False,False,False
-uw237tJ8-sqXr9R-9YGAqeEM3v4hNEDcQv0_AcKpFuJWMEBaBe9kOVjOdT4mHLC6s4JyGzA99Xg3Q,EMERALD,IV,84,103,115,False,False,False,False
ADnZaJGyodzKtERH0vwymJPozdMVlJxUu6s2z9czhBK6pEEvGEIPGbeqMGbkuCmzsZcPKD9OWt5ebQ,EMERALD,IV,90,2,4,False,False,False,False
SkEtlzJTZ8vdNUlB_MuUON2gDRycZkN9hk1s_vWdVH3nzJg3gdVJgz-vPgdf3vhQ8xxKcIgDkfHC2A,EMERALD,IV,41,371,384,False,False,False,False
oKKLjmOo9SaEPY4luawnpevfYTMS20ALYDoD11GKx2ZbAKebHuUJMg7UQoY0o9Uz0fE5YEO3XPFYag,EMERALD,IV,0,90,104,False,False,False,False
pn3vl5ZgBTNkkMzPP0UojXrH2HGrlKvJFIuT0w-PAwyFlybg3HQPBx2l_X02PmP_JIA1Ci19CJahKw,EMERALD,IV,0,56,60,False,False,False,False
QanWhVPGDNOjZ9_IYH_k2fWd-Y_uQHaqlPgALarB80zXRQmYE-nDKIc51wSR60oRUNMMhvErDbxV8w,EMERALD,IV,71,11,7,False,False,False,False
WC7WoJiewu577oXtWx1g8ILoqHziCs3e1rtVto_2SEBgkUzTE7UKFla_ZkhNIDmfxSzNIRVJ0SGP7A,EMERALD,IV,50,32,28,False,False,False,False
ZmnI9LRDpBjMQka7A_DMH02x7ugwtI7s-wfVQsLnL3i14nwmQRuO81wGhmAQ48uTA6WqC2aQRztOaA,EMERALD,IV,3,33,28,False,False,False,False
A9e132msoY9KWuzkS45l6tJSlUfxABg7TbwCWW-ty3tL2x8S_qf6bFkjKCAQvqK6eF1U5Jo29LfyHQ,EMERALD,IV,25,37,51,False,False,False,False
-B_KuCz-o1ZIirzyNDlh6NSe3p4sqSP_d3kV0c57IC3CvUy-6x8d--hI5Bk5zU5u3bddkODVDMwVag,EMERALD,IV,0,67,66,False,False,False,False
ANev834jqfsUXShDUAYV7V5ewziDA47PS4iyfzrQ4bPA8ctMbwEA04dWVX67YKAvgFrFds_GqmeTtg,EMERALD,IV,22,33,41,False,False,False,False
c6DhXvTdlaMwbnnDM_-F4WIqDot-kcrhyKK0CAOJ7oZ-jnwizKgCiQk9pIvmqT8TCokOAI-FjrgrDw,EMERALD,IV,35,5,6,False,False,False,False
ppz1ofoGv-RqTEs1iAbwQYyulJbaNwn_rvrT5VitsdUlO2yxqn8uGUsrS0YfaOZfHA3jvj6yq3HnwA,EMERALD,IV,5,50,50,False,False,False,False
SQNeKPK3DLrKikYs8IRmUM646DvHCAvgu-BmDI9nQNBoZfRFjL6HLytKT2LMjfGooGWBXAN2q9KA0Q,EMERALD,IV,20,24,17,False,False,False,False
D648MqXEkdX_6l_2xASzA3r-fVXIqTkZxIUZKvoI1uHLxCpbcGER-LbAp778XIKn_2o4K6S_15uMqw,EMERALD,IV,32,104,89,False,False,False,False
ygxFrmjNqwMqoJHCIhNNA1SDzrfgkkfZ5DWt1OHSnto9-5SIRBs-u2mtQGXSEOrTo1wq0L1PVtdNPg,EMERALD,IV,7,21,17,False,False,False,True
CZoIr8-hcETRALX-DJGIsZLJYgCl0BC2YqKGhV-pE8xTB9nSwtengdFOGOYwYYIY3RZgAHaGEqj3hg,EMERALD,IV,83,137,126,False,False,False,False
A5CQ0VBEsNFGbcOjsSyVr100cDNmqcAPvWkbdC6qqjVEFaIXonuSxGna3FeolmzPSq5i3XNXcwg8oA,EMERALD,IV,0,61,57,False,False,False,False
5_EmcjYQ0MP7I_cYcvZmkuKiXA5iCbahMX7RStzfd4oEY0JzulZIT5j3eeTjeBYpSj-VjOYtiMbwYg,EMERALD,IV,1,37,26,False,False,False,False
oqHV_G5gCr-2XUbF9oBkI27oOKHpNKLMptCfh6KO2y5l_OG-JlhCHmcoIOoB09Jx1IE4tWrksaNOHA,EMERALD,IV,71,18,15,False,False,False,False
KXZLXMLZvw1bqeFlpJJ6gf67T57elyPtEX1dInhwKX2dQ1DfOqHptBfcBtVuDpF5u3GW4fSXSuVY1Q,EMERALD,IV,56,18,16,False,False,False,False
E_7TR3pMlh0BuxgzJmuVavZ0H6TRqrHsNGL3Dl1yGu2BIF86sv9V-SZb4vpzpN5jgTsLJ6M08nIkTw,EMERALD,IV,65,98,92,False,False,True,False
EtHXMjQtfd7Mu0-t-27cgdyCRyb6TmW1sF76Afx_ka5fz6zOS2YsXE-9dRp9tQQlyW9n-Jq6RHE6RA,EMERALD,IV,65,5,7,False,False,False,False
Zv4I9Y46DN89xZqkUtmtILwH3VCv6bzBOAOkGmq1EgDBjAX3KkX4V_MljZD9K3ysjjJRseXCt3OfOg,EMERALD,IV,95,44,42,False,False,False,False
VZdjexjQuGGD892lJ6yQfXm3SJ5EJ5eGUNPUk2fGdvMWy8wec9VADT8Ob3IdYK7ri7MiMtsFMROtiw,EMERALD,IV,0,83,60,False,False,False,False
YTyIJ6Q9XsZd9FDK8cN3F33t445qf7LJKvJQT0Yfp1bwelYcgpQHM6nvQr6cHvdB3ihT8egLubfSaQ,EMERALD,IV,17,88,78,False,False,True,False
musxfTn5XNHXLxbXb2M5GABiCHV_-QgO0ePl7IAIdVoncVmMmCm6JnqCyC2JUr4P3abMnGygmYEJ6g,EMERALD,IV,0,27,20,False,False,False,False
pfWPF6b_V8IM4NpZDbbmVWTOt3IhjOPcrVlzS2ZXPxpPVDoDQbjx4PC0xbvU71L5iF-N-oVUiUgjCQ,EMERALD,IV,1,76,67,False,False,False,True
uAbgg_Ub5cKxmCEuInt4MVDDKYYPd8wqgFrUJ4BP7BRDBYYECWwSFQHPZId0OfWHe7eAqAL0UU9klg,EMERALD,IV,0,46,38,False,False,False,False
XjsQFYYvXLqYRNt_llYHjbRm1mjUGAUwJTQjmsHAxtpTAE-0gDvzSoe-MINOWxfWOBzscZ5b4-WOAQ,EMERALD,IV,0,5,4,False,False,False,False
OeBrnqWR63ObC3vh4NvVVOzThv6XUO6qqnXmQi0WicXNg9C-wNV3uSXlYw52WBjrPSUkZJkvsJ_1Ag,EMERALD,IV,96,123,120,False,False,False,False
bsnyaDfgLqMbVnsFNfcpZYPWFFvEvrZP0jQlXsKzog-twDLmhldt0rDZ362pgXGYM6QH7uczz_qvWA,EMERALD,IV,1,28,43,False,False,False,False
cy3gOIWaeHyJDE7x3_58Fq3LVYy4Dase_U0HJyuYGoQ4wOMWgXqyjk5blh6MwTgaTE_BTK2GR6jwNw,EMERALD,IV,0,380,366,False,False,False,True
d5timvRR8BBGO6b_I5pWy3sN3BCidhyXDJKBUv4r3LfQ24kOgS6fHv6q50ARRYBoUdgAHu_f4XVsmw,EMERALD,IV,22,102,113,False,False,False,False
r-YMaQ9vVA_zxg72dfCsZBH0Oe1xItUmYDyWjQ9pU1sc86fgo9yTv8nEMu4iFBNqReLeWKF-oa8bHg,EMERALD,IV,97,13,10,False,False,False,False
EYQLdOoXS8EJPzD5EPgzRUekt6IAGLoSH4XiN6gVKdEhY4GP8N6X4-hxhTyILE95_FA6SsLoihrnIg,EMERALD,IV,4,16,7,False,False,False,True
MTx7vmKUCLCYhvi7CbCgIxy61O-NqJ-lwSEtUKmIVVzXuu32hqEi0Y7K3amy2DfDJwB1eJnC97Jd2A,EMERALD,IV,53,231,260,False,False,False,False
KhEdpComciMwlD4xXnQlZv0WsTGdbIpuxCZfn4nEh8WvHDXetdpvuCx2N85WUYSL1GKBLr__mvms3Q,EMERALD,IV,10,270,262,False,False,False,False
9RX6jImXXRh1SaWiXbuhFhBtub2ZA8igvZSrhtd6tFIAXtfTl71yTLi80X95eoxR24Lj7oIoDBfYAw,EMERALD,IV,20,33,42,False,False,False,False
0oA1xtCqJENGgQlCcoCQtP6QiOplTETDCLA3CQdq9kfO1isRy_87UinZe5-S7XG2ssFRaRQrHouS4A,EMERALD,IV,0,88,76,False,False,False,False
JbaECzoaj-rf9R3MouQRTnm9lDiIOBsXJvLfLdE-m0tifGtyMa8ByEIX2f634a3veI8fgTeIkmVhgg,EMERALD,IV,18,53,52,False,False,True,False
s4wf5EPnnhpslx3uUyKdei5Akd2Vs14tQulgohNqB8Ge_nO__4SCCsq2CP8OGFsMrBi5U7jkeXi2jg,EMERALD,IV,18,153,164,False,False,True,False
-A7QKJwZ76ZC1RSDO1oS8XIBA5vi5erpkVMvpQva8BbOVY5935GdpXJsQsDbqgeqSaCBPqNrFa70nQ,EMERALD,IV,57,6,1,False,False,False,True
bRu4zoLe8p4nQm4Z3IweabfmPO5V2d1T1TFiLF64DACbtNaKOgcnlYSz3LuEeqo49KKLhCP9IfcR1A,EMERALD,IV,22,55,52,False,False,False,False
oJTkWdnTBFKkmMvhe6sb_EWJKwhWwsnKq4zyv_lwa9kcwnBDBUIMj8O3i2VOTVO8P0-cfbl8IZ_tgw,EMERALD,IV,35,57,61,False,False,False,False
8SBMZSGaJm_CMeCJpjnJ0sAHMf6nOuj1SqBFsqFOFzqBH79D--QB-tPCXQHc-JvCX2RhvhI8bELmuQ,EMERALD,IV,54,119,112,False,False,False,False
imTrmqmtycSnQ-3ZMBZyY09fn7ZrpAZPTpdoLAWo0rEIaRYQ4xSZfvAwLFaSY-tzE0809_Zu-v2bDw,EMERALD,IV,51,44,33,False,False,False,False
eWS1TjsQxruplXejqxtbZMmXrg3CH3QbG8-nyYTRc5fEKKQNsAqmJ3c4ECwWLfXjdR4vupXRpI8FYQ,EMERALD,IV,64,119,107,True,False,False,False
N_RPXc4HWq8MQ0nZ0wL0eOjHzwZoCr9Tcnr28aS07bDOIdUQwlzSTWs1m-UxIE6gwnZQfFmIyKHVBg,EMERALD,IV,70,224,220,False,False,True,False
eGRuH1IZ3cUE2Z7U5ZIwHu-vlBYuKFTyYaXphrjnbkj5Hvtl56FBSeeVZZZt4p2y1XuKvW--NDJk_A,EMERALD,IV,0,55,47,False,False,False,False
p34opF5tKts6IMxB74qroUpn2mYsnElnUWkAm9LEbwM69a6c51MOqKrW7hBlwIHFWTkzLiCnjzD_WA,EMERALD,IV,0,59,46,False,False,False,False
7lVg-GojxhAX2Wnr3ogAs-_u50iDuqzxmfwe-5-OdFZpeqCswlLxBbRUEayfsueSdgOW6CnRmEvBpA,EMERALD,IV,40,9,10,False,False,True,False
cA1VorWd6fWfnBb3QbsCnpSTizt_jiuBL_TvkEBeWZuddJKOAeuAd78OSJ2CiXxrZKXoM45HLMDjzg,EMERALD,IV,58,117,118,False,False,False,False
qq0_qitgGDxPzMCcsOt0jCrew5Kaiz8KvudM7YVns28fymVrqpl6UK1euA7pGke-aOhvjAhcl6HWRw,EMERALD,IV,97,253,270,False,False,False,False
HHFwO8YxK9objx2H7GQOF_yvCM-U1EW14F0JMYPjqFtgYUQsvTeC2wC-gSEAb28lSshsKLzqcjojMw,EMERALD,IV,0,76,82,False,False,False,False
mB-XMFXgNI_L-eMrPHYMkFA4VxQEFgzycpgWw1smrbLwekOFbZkIF_UXfJaTlB4su0MeNfY4NzZLqQ,EMERALD,IV,3,79,70,False,False,False,False
gSgXRnoLl1ilzZJWiTdllIlU-C1z_bePz6HH7tqvi6W1WSSp9Dy-xvObtpBRYyhAZ4fnQuA1unvilA,EMERALD,IV,14,84,80,False,False,False,False
d9IGiNPcjC0GOybZwEFOMuMlXUSIa8SUiQXxj6rlTwE4PmoZgH0RaA4StIJLLUHMrJ_O4AJupjAg_g,EMERALD,IV,85,61,70,False,False,False,False
K9kI-8X-YfGMJWhb_zVeweRP5BWD1g2EvqdTd14OERRYvBJKP_6s0CACMEqbAbpmt28omBzJVPbnjg,EMERALD,IV,0,797,810,False,False,False,False
uh_kX_bK82JVuLJMc2MrGrKVZMVhOxLQ-XFD5McwXJKa7CoHiyvTxXlk4U5CAAyRMrkQzj6N5qNd3Q,EMERALD,IV,6,64,61,False,False,False,False
Imu6U3WRSPOMuEoAbVDmDppitvK32sS2kvNaiI2jEjI4wOv8C9SG0JRW86O4sAL5pWcdPdZJXOxxxw,EMERALD,IV,0,104,98,False,False,False,False
EFC10f9drWDRyd0OexJiPavHPGsTx5T2LGymn9es5WTAXGef-tg2Kb6gFhzg40uHsl3kNU_TrbP-dw,EMERALD,IV,80,2,6,False,False,False,False
W4URpQdlrMn7coDE_wdXM6ruMjR_nwcUgHFXdG10sxsScU5n_gGOdeTo1IH6HM_vF-MoTkiEZn7d2Q,EMERALD,IV,15,6,5,False,False,False,False
UJCsuYqhWc-bVyh1LSSkk8_4yiDgJrbckwrnTtS7hdvEQwC_C6jON8II3d6xO0grWGCwaWzUJWfhOA,EMERALD,IV,80,37,42,False,False,False,False
JKL85XKM7KRpJQOGYZVEAg8bywAH-nbuCc36WrSBo0ag5VuM_PaBAkIY6gOcLio1hGVeS3LQs6S-aQ,EMERALD,IV,93,67,30,False,False,False,False
HoIX8SGMMPMqSVCpPNCcHfJmSQ7IMgnYaH4ngxse5hdCkWnbfxfOWDaaKtQBHHEYPNre6Kl8i9ao1A,EMERALD,IV,33,124,106,False,False,False,False
LIgPwoNWBIqiOC64OpZPYgI8sxPFCd-A0IOi5ehsm_fkHRGcd-cNSmTrPD_asDxb2gvllduUE9OC4A,EMERALD,IV,0,254,234,False,False,False,False
STZu0HI6tDLGpT0J3SRemDkRQm1z6fhDERwRmJgjeZMePoN08Wo__RLCiTsRuTKqDmHFMBuRE2M50Q,EMERALD,IV,92,58,52,False,False,False,False
JC0cj7GeKD--aSyPqZD9sID6vwaV9qSiOUnZeCdyBc56vlgJnSRv1HryUO_Bs_GzC05m6Ws_zh9oBw,EMERALD,IV,41,36,28,False,False,False,True
THspiYkJn5pui3YijVbt37cG_02ieUhJ5SXEHBu_PkMdZPIS8m7H5MXBKFSqPDA24nKdT1tW_FLz9w,EMERALD,IV,53,130,117,False,False,False,False
aZSYtYA3PNIe-lpyLS_jjRN7ecuFD3PEctKk2Ggtc6C5xsnzsa_BgYP_yXAdpoJlpMCL8h9p3I8UwQ,EMERALD,IV,10,106,90,False,False,False,False
nsVnxSJlwaniwtGASIJAcCI6MHm5D1a-KcquxA_RRDNrC0IJlDhJDRzcH_oiJSorim3gONq2ibn2vA,EMERALD,IV,30,1,8,False,False,False,False
KU9LhUUcToLSGTzSiUUz_PkOsrMzK4Qz080JgIVb_qnRf0LZjwrKphk8F5OVpGLbv3hG4q8STdZYag,EMERALD,IV,22,6,4,False,False,False,False
Ch3mR6HK8MrlrKc6hMR2nfP9Yq4jC3Zr0qeT1O51FBDp9aBYymfBLozP3UTMhLeHAX0jGBaZzNCXVg,EMERALD,IV,9,59,45,False,False,True,False
Raxw6XoL_3ykZOSD4cfjed2O5J-Bi8o0mCHK5_fq7xaZPDhoB4TGa09zqKTcG5QrXOgOT0wTKxDL4g,EMERALD,IV,21,35,25,False,False,False,True
Qsd2TPsETT54ZtaA-MLVlTQS7RYx3spjHRqNQ9CmmSfs9-ntFSfJ-3KVo3Ic9l5WrOOq2IteYR-xcg,EMERALD,IV,44,39,29,False,False,False,False
XsWu9SM--FtKK3xF04kdEkUIZ9ZiNqYA9bXKC6QTMBxAxp3Ta_OuvlG4LroJoL2Uyf_foMWXXAgpqw,EMERALD,IV,2,43,27,False,False,False,False
KsK_AEjDVfLleqnbOxZLFwmVndmia8E3MEcaRbej94m7XG-erdz2hLOGbPrJbaHQhxRzuE8RND2jYw,EMERALD,IV,3,115,91,False,False,False,False
2zGxRWvo0cFDa9pFx4JfTtiiNpeQDTBz8UQfUz0HF440Nv0tIyIbuBR11LrvDbbdYVC2_x6-fWnXNQ,EMERALD,IV,0,54,62,False,False,False,False
6QAgzI-urJ4xkwqAtiV5770QDh0-P9DLoJDqpTQf7Nq_IdMwceUasXKTmeOZ0UoFd7mh16IdnN9oKw,EMERALD,IV,0,42,37,False,False,False,False
_EUh8SAhqQD8DE3UhSPgY7EE6jYgLT-OQ5RIWOWoz6X4LxAdVpk9FUJ-SgfXgt6UMtbaWBqneLHCAw,EMERALD,IV,64,35,45,False,False,False,False
Lq5hLb45vk3lKWdS_mf0TWs71fgNgrRG_346eO2TDv7Ptcvol3NS-gEKQwu81WVxD5lD4JhZSOdhlg,EMERALD,IV,19,39,46,False,False,False,True
oj5r887aUNuep1cTeCRxXa7Gjvlrxn1u-dBvYhC69loz3RkEoCSSuSWH-3gHJ98bAy_S6HnzO34YQQ,EMERALD,IV,0,31,40,False,False,False,False
UTYiixVIhjAHa9ye0dXM02-GZY6AYsy1WUkYYaAmXrrRwyFC8pGgcwGJx_JzgaYpfB4bHntZpknJdA,EMERALD,IV,0,30,27,False,False,False,False
OQROu2b2O0hyJFmwIPsBf36UjuQ0H6hfGhJiHROqp6B04PhZljd6p7D0vSEnbq1lWqwAxwXaJ__rTA,EMERALD,IV,7,28,31,False,False,False,False
CBYjXYonEICk391mvDzZXU8S0FeAbHi99eDCJWRzfQkLSegB2Z_YO3pSIBno1VFZ-lkdT7F7GDLPiA,EMERALD,IV,57,78,75,False,False,False,False
3V-GvFlgveqhU2SZgPJPF8ww3vJfLSFHxPAYvgwx66vcFXpKS1tIulD9Hes40M3Dukf6v95CNrqgrQ,EMERALD,IV,46,28,18,False,False,False,False
JiepgP8SHz0f6lwz6_6U0HtLRfYTmSahaKGlSSdluTQsY0kHptirlWPKtHYDP9zl7ebCeysl0V76gQ,EMERALD,IV,0,7,10,False,False,False,False
K3n9YT3zBzfwYNAOxevqeKJo8KnDdUf3YhH4tO_0deIm66lUuT5gzs3-ijLJ2jb6WeE11bYbLNwAcQ,EMERALD,IV,99,85,74,False,False,False,True
fPuWcEFGZbfWdqBB9eP7gq8IiwIyUpMhjCrOc4smLO19HBGAQFthUPchG01rB2xQcZ1h2Q_okKLBnw,EMERALD,IV,4,10,18,False,False,False,False
XbL73PqhssOPQRT6A2DKA8kvBa1eh7V2jQWvzWUCMORRSw7V7_ZzCkUXq_T3aTwleuJlp223PknyRg,EMERALD,IV,10,28,19,False,False,False,True
HC4vsqiSqwQTF75iGiV7fiumXuRaMcuS8Ueq6IhyXXHgZTIP0jvslvW-_D1XQ2j6NQLkdYIuBcXIyg,EMERALD,IV,73,29,24,False,False,False,False
A8mfyUTBpM-g2EjutOGc-GvdhlF1UJC_uhKFeB4qTalyWHNDE9j8t7ZwiYgl5cOQzYbZW-Wua7q4hA,EMERALD,IV,76,54,58,False,False,False,False
I_Hsp3VZq66ZMqJNxeMiIOzD20BebJ5AS9Z3i5fRBvX09Yfgnp3m3id8fGge9CUAfEIXrmmGeLCU-Q,EMERALD,IV,9,332,334,False,False,False,False
QFLx95YAsHeXEMvqzjhdQ5uWJCPTW-3UF1mYm9EcBBD5BI4KDJ4P3xadL0TtaipRV8Vievwezv-Omg,EMERALD,IV,71,65,72,False,False,False,False
pogKr7LDezBmIHOHXxYV74NET7fmQ-3V7BgLue7VMiXdyp4QnFwLiJqX8aNqKklp2KkRB8RKOSR-og,EMERALD,IV,0,60,66,False,False,False,False
RE8v_RiGeG1uNXnKJZwdU-2d05YSsQMqchTHBvTNpbsx9lLS6hHaNJqWYYCOf0hgaoMtL4koYl0INQ,EMERALD,IV,0,8,20,False,False,False,False
vCrpZ99fYEkSfz8rx3nvpA3S0KmEI0LyZOxR8XL-e8a98i-ICWsa8nHZZZvXXhE-pWbh5wdTxTlgmQ,EMERALD,IV,0,61,46,False,False,False,False
0pJcd_zaFpp51apLESev1QtwyFmH3Ieg6lb4ZehSVkO0lBrFlvEeMfsFk51ueiQagG768ue99U6HUg,EMERALD,IV,33,86,88,False,False,False,False
HObrhODlxdMN83DV1XZQQbx7bUaR9Gql3Z2aPbDkcBtCFmtDPNDQqZ1clPwYuC6dMlxcPz7k0zYpSA,EMERALD,IV,36,75,67,False,False,False,False
dJhvwgfq4yAWYjpI9HJ7CnSb_S5nr4pUBQEOm9cRtwfjtwaZKO66vmHpun_xitQWMwW5h1nLfFLSng,EMERALD,IV,0,124,118,False,False,False,False
UHKcDC4Sy4Z8QpzHfJ_7DhkBV_YOQZ_eJZiYXVE6qlgh55gk-FM0v3YsbyYlcVtgPn7IwSmxqiLGvQ,EMERALD,IV,10,7,8,False,False,False,False
ObE0P5aYhjmJAiGuztNEZJW_aIUbAUqx0ZH_AXBdxQkyONqtuldn14BlZBJ5_oG2jDfkr0sX6RRVOg,EMERALD,IV,32,236,226,False,False,False,False
kU_W2P1d4y-qsy79cQY6WRFKDPDSjGkW_TO-Nj3ksWxdedZMvS4b6PqokDFGH5mv_GKpKMvpBpCO_g,EMERALD,IV,74,46,30,False,False,False,False
HUDKmCWBjatrJVp0tLsXjPiPVTcOEsxLkLFUEOJtQaZlWxF5I-yt2m4S3Qzlse6kKpAPNo7h4SAF5A,EMERALD,IV,12,29,22,False,False,False,True
JmQYe10M-fBHbD7RJIZM4n0sXVN4ra1MEBwvegmCBH_aNNTuAukgAWOkWoKoTvBZjTtdGBp-r8ZSSw,EMERALD,IV,30,10,15,False,False,False,False
k8wXns0pArFT6OasY3k53CRDAGINF_b2cmRBsM18Dby_v94LPAGHMCnsMGM3nfojEZ5skJZihfR-1g,EMERALD,IV,99,195,173,False,False,False,True
Q05TBhMHn_rtyeoOOHvrI5Hibx2b6Dv2adnAlj_gLT6As-aw_7NIxt7Q6EkMKURunqfp4N59Qg_Lrw,EMERALD,IV,57,120,116,False,False,False,False
7S_hgL3WgYgx7gwq3AJHO__FMzeJBVQ7mP5PWCzDMjlso9G4OtjxT9iuyycI6rUxRMZOmlHJAdyXIg,EMERALD,IV,14,49,37,False,False,False,True
78TFgq1UQX40Gv84fUvEYBCLkNvMEu6ajoMSt5ExlyrQraKpLOTGJSqOHfodPbzigB9APc7IGX2YUA,EMERALD,IV,0,114,111,False,False,False,False
Lsw3pdyndTXLEEi_TiydsO1XOfI_CiqVbLqpP3gOR24-3w1y_DXQCglsSgTvoWvWHmhTQsYrTfXZ-A,EMERALD,IV,0,142,130,False,False,True,False
HSrB7uoitO4WCDsRaE1CJG7etZWaMmuLRHWisUaoxokmZPg-bYJMDMcy7TenDAo5sv3k7h4r_zpk0Q,EMERALD,IV,21,248,270,False,False,False,False
snJfR4VONsaiubXg4lL_eGYWOcbv6WYiJXrhz4OHgCrAumRkWxi22BsQ-YJLr3KbElhMgsFBAJx7Hg,EMERALD,IV,28,87,75,False,False,False,False
jLEguBP7_iIib4gRp9vs4ZskXVitkocuEASDyFad7QwIwky9D6zpQZdELHOSG6R_jddzl8j9mmsgqA,EMERALD,IV,36,89,74,False,False,False,False
5TyC1D_p6oex7xy6jbFDB1k3PcWfIRIkgQQY8H42KGHsM1JsMsYZpHUKe_9I-29zBpt3tpUGBKAxLQ,EMERALD,IV,36,217,207,False,False,False,False
1HfOV2xbE5giruyxkmxWzpAkSnQ3X5x_3rL5wQU5Hj266YQ_KiQVZx4ccgqVjJwsVcQMP3l_jELo3A,EMERALD,IV,68,52,39,False,False,False,False
gdeqoHQa0Z3K8Htt797Ul-c_AseAtkLl2Nidgz5aa5qIibxLMhTzrgHEMtq6k9LQiOUEmRV9xQ5nYg,EMERALD,IV,69,217,195,False,False,False,False
3VFZT93N3PiFJCAEktwq5F3hBVdxpc0xyZ0ocyXTUdg-braCbrxLMoqYqEvWYet3OAENjcuaJxW7Mw,EMERALD,IV,27,181,191,False,False,True,False
QsNWLaFonwkuAtYMxZGOUdnEU-aNnQ4XFjxR4xz8z-CkwREU5wXIhFFni0dHIpru3YiDHnPtUD2i2w,EMERALD,IV,57,6,1,False,False,False,True
XO-_Odl16-s-reiLJhK7Ziqfvd57FayBZE08O8cc9VxaQBgB4uDeugelZO6yDrka4Jnu9u38-jXKzw,EMERALD,IV,69,66,57,False,False,False,False
cFdNwmcl4h997z8KNvCEU_x545JQgfuTRJdbq3WZkAtqkePw61458l2w5UtW3JrQsQkLdkS2D8tZLA,EMERALD,IV,0,12,10,False,False,False,False
qaDKloKhRsFjCIVcRbpkcHgEyaTd1q-a74fAQ3KtRlhCPLnlY0gAJcM26p67spwt-iW5d7UpRCBu7Q,EMERALD,IV,77,7,2,False,False,False,False
7liLABiC6DAa_1-XxgGDLpdNv6Ym4Jv5kqzm03BtGP3hlRILQWm-WItHSlob92KSxCHLDGfpYQEyFQ,EMERALD,IV,19,169,140,False,False,False,False
akTF9QMU23EUZmmsHqIjRFCtEWfTOYd54-jhqAIa1QQtO5dtx3YMxdmjddhCSaPOp2SVQBuaGR0OCA,EMERALD,IV,15,77,65,False,False,False,False
2PAS7yYva8ZcVp3ANjN4BRtDp52Co4x7bksTIksHxKuDS7jJvYPZyhAQ55GZYycbdQRw0XoMpRwvTg,EMERALD,IV,56,37,35,False,False,False,False
0SexMegT4zb4tz8UrX9vskpnZ4ML4xmNRPhoB71aPnR2LXD9fRS3rd8HykbW0lsyw4-90TfXYLpnOQ,EMERALD,IV,0,15,14,False,False,False,False
ygtD8zsFgEuMSkBma_mOZygqW4LSRqg7ea7e6qUjQQzUfOZIsw7eETfHrNqDvKSG4_o9FoOgS7ZbZw,EMERALD,IV,20,69,52,False,False,False,False
RJtQ0CoDFPXlHZVUAUpMuUpFpmuI2mMVGvE7vpDNWhudWW3PHkc8Dcb1upTxKTMGHJkRjz0ZB_BaZA,EMERALD,IV,41,242,236,False,False,False,False
NqMCe5bF87HmJ5DMw8vrRm_7vmeboMR3SP8E18l6tXTpXReDt3ptQogJyYmd9HRujzP1addHQg3H0g,EMERALD,IV,10,369,353,False,False,False,True
GKJCNKnWL1d7eIFVwMWuwu0Vq8YbAjFcX2_WG5-u-hvFpaCq-fef2sBNtpxLlRYNcddOy1zvw-9sSw,EMERALD,IV,99,45,41,False,False,False,True
_LCxQ5dt8rY4zeqFuVwmI6MqBCW5zfRa4UyJ0ct_tMj97_dULhr3vMenHUNyhQo3zuKoBHj5JBEOmQ,EMERALD,IV,91,23,25,False,False,False,False
JTDES1nhur8kaOrUBwNtnmP0_YAc1bXT4q-dCpu3ZAEQHgHkRBjgCb0Opb8pwyEcDx1RB6cT0ib-pA,EMERALD,IV,59,114,117,False,False,False,False
0iRZnHXWKvZvJELhf92Q1MtHHCxPpEuFRL22W_l2WnDaPs6rcQxuTvzUjje6ryLzoKMcR1BE3-1ULQ,EMERALD,IV,0,546,549,False,False,False,False
td7Pu0EGaW5KxxCNrHqDqv5jRgUTegsf2Kvkc5eAQmlzvaScdSDCFIB_dJG6tcXkaYqSEUjxEx2uHw,EMERALD,IV,68,37,28,False,False,False,False
nJ_9UXKYr02Cfi_OwE2LgH-p4LTPeHL0wHKcPX4TGa0oW0Yxz4ZW2frXfmnbCwI6cpgsEwgJVSpiNQ,EMERALD,IV,0,323,309,False,False,True,False
B8kVcdjrqkX4sfQKxx_aKPPUdl9BYhSll6ODlQ1o7LtUf6wSVGLsqRCXLflvibDads2rzV0cHtEg1Q,EMERALD,IV,65,45,30,False,False,False,False
vEhY04tgviL7nlmbNyCjzqghKpwcM39GX6d3SysYxu77bNjmz-7G8mzTX4AljQNSC8pRUi_Pe1tXWA,EMERALD,IV,49,79,80,False,False,False,False
9O9hqsLduyHvXZvWRCLecjvr4b0Zgo2amm2FXuBJxvMx6uFMwfs4I4kQFyuNQlywOro5xhOqlW8_nw,EMERALD,IV,0,36,26,False,False,False,False
kxxVYojUsYNsRT3WHkJ61_caiRFf62Tj4PtmMuwghW-Z0J5wee4mYAhxRPe0sepV7DCZ-kSWvS37yw,EMERALD,IV,48,49,40,False,False,False,False
UyRxNuYSbaffArLD-6sgMzYRw-k8rJAx1eWL_695fTKh4fP_cSPaIUW5gt-2N7x0hckUV8Et3nVXTA,EMERALD,IV,0,2,4,False,False,False,False
fWmYHrBE3nlLG9C65rox0_pcdVViv00yzmfLgzDpSuDyQvWQ0j8kqPqPHoG2A-9kYY4ITQneq4CbsA,EMERALD,IV,7,38,42,False,False,False,False
4NA6olUsbAzWEuRIvlJarz91CUBzdRXPvw2jiYeqSASc6KfN0hFzz1FV89S58Y7bsQ1-DwL3JUwLZQ,EMERALD,IV,0,184,173,False,False,False,False
dmsIGAv2FxjYE1f3utRi_d-FPzJxjiue0vXTewCmLpnfcoVAkA7bknK_wE7lbZhdS72DHsswvQT8qA,EMERALD,IV,11,68,73,False,False,True,False
T9zLZkNHUbhMA_mB_Z_kxRRPAJ77PtKqxeGpns57EJe1WQgXjD6817Mb94xmSIDhnTtY1NtyZZ2W_Q,EMERALD,IV,58,291,276,False,False,False,False
gQfS-2Y0NBPZiFXGBKh2N6Ik4t4P3ufivIB-2-VtPD80JmNgyi7SUx1KS9H8GegTZ26JTCrNPpwRLA,EMERALD,IV,8,86,94,False,False,True,False
8atU-9SZcoYHGoelmnpFwW6Pgx0rzzoK14LANLGUFv39nRyp__mXwipXp4qv9cJDDtD-o8IKrmGFfw,EMERALD,IV,83,96,94,False,False,False,False
c7Rs65ms9gAL7XMePUClU8HKE3iJF6CQjlNdsu-bGJgRXqDkrs8w0_VOlcLKrrXoaUAmXSHanad6jA,EMERALD,IV,0,76,72,False,False,False,False
XlmEo3FG-yq0vOPtGpsnn5rn1cVzFjJ3xOvPfvJQAmm7CUm9wKF1zxFPQElUYsrpPSDH--8tugl7yA,EMERALD,IV,0,82,87,False,False,False,False
8Sr0ATHyCjVCTOtsKeq4_H53hTMsXc35KU7PD_PNbupactyEgR-SYg8_B6AHOvZmv3QPlAD_ow7GEg,EMERALD,IV,45,23,16,False,False,False,False
Sz4Cash87RGXGpecwIfTs7Ti6c7e-Y5vIOB68H7mTTXUj9rjvLfqwsu4hLk7TLxzG8gbKbhFuyIG8Q,EMERALD,IV,26,122,133,False,False,False,False
27MAkTAxtlrJFFNJWhIlR9yyyTalHLfwmvqY_stFvJLxWBd-7Xy5i5xkdwu6TbVacMXcbMU_RKTUig,EMERALD,IV,41,95,86,False,False,False,False
gMrkfXHocW2jGSxQcO4Q7PZaVOZdI18REwegRZyFl1V5C5hRqbxLRKYkczWCpU5cBjK67gQSM8lGng,EMERALD,IV,0,76,72,False,False,False,False
Q0dA2UcHEBDomYC8KkATD7Nnll6_TjxUj_cJd217pRDT2Bhh_Rk7Mt6TJbszb6zgfZ33HXeeFnYQ1w,EMERALD,IV,99,144,146,False,False,False,False
D7-owPh-1kGEHdwP4qeBLi2KWWM41beF1Zzy6QTo0x25IvYkNicGGhnT14xvhUN1lATnOHJaviAYfw,EMERALD,IV,0,164,156,False,False,False,False
TBXIfv4TD3FA-cl0liWNINQ8UQoNl6-4t0D3FsY-5zulrJK5T9NkulUfmvRjnCkDbduLZf3MKWPs4g,EMERALD,IV,8,50,41,False,False,False,False
_Q9yyTtvPI63evv1TifoQ7nW_BEmMVMAcWh3PB890cvJAjGxc2F6CXDiiwIM7OaqBa_v9h5CkAuwVQ,EMERALD,IV,58,45,51,False,False,False,False
7HpPL_Kw5W0m-a2IvvVvgct90pEAydu79Rv6MxySsvawJhlu62XNxAoeyw38Kt6cb4H8wbSXdegf6g,EMERALD,IV,10,67,57,False,False,False,True
ckNp_bNaNzVepj6URBXwTb_2acOGuAavMIVqJocUbgMZIfPghYi-Z_mqh2zsxXusQBcuBC5bWnJ2YA,EMERALD,IV,0,168,175,False,False,False,False
yXjtqxmy6DRn9AS04NvFQRy3QhVFo-Ey92fh1noWgEJca4PCNt-XAd5-mt_AshvHeIpSeUChhiFdEg,EMERALD,IV,60,20,13,False,False,False,False
OtnNoinNLMyGc-_KlM1YSOnUYlln-BtcRstIWNPCFuvPJ7-OEdD0wTjLXEaCFXZtx9fozDaiXBa96w,EMERALD,IV,80,61,54,False,False,False,False
uuJluHkh-dOA-SrpdLmsURfDqNNtrvf2zD0URcnmX8deJxMrTuAKZSOQ3ARgHGmKUIOs0XyTwwWTDQ,EMERALD,IV,73,62,60,False,False,False,False
UhE7i6aquHQcEKm9qs9I1tloyZp0yppjftcIumRdFQm3II0eYHuTyt7e-1c04y51lNJn24q1BxZWPA,EMERALD,IV,0,52,50,False,False,False,False
8HlLH9aXrhzVMcs5h_m8y5zZELt66jc3RUmPQqR3I8lGnQ1bvz1tMHgzAoHCN8_DGWLSIg4K-W48bQ,EMERALD,IV,31,14,8,False,False,False,False
Aj13NdSBU54KV6IWWnrBlaauYu77lmfZrKuguBWGtC1GAZHJhZ3x5_OMTGWCU1TugphYT3Vxqw11fw,EMERALD,IV,43,312,301,False,False,False,False
qxNfHoJOvdx2mBH137Ci9kRAkTh-io6MBdEfZYlMXgrZABvb-jDrILiTD5YJbpRnAo1IfV32QN5UMQ,EMERALD,IV,69,177,178,False,False,False,False
OqmN7ZQFbDfi3F4BTNLv6wXLU_WdC9-HS_UetgZm4wd2wJCsAijAs3kHgOX6DhVgoExdsYJBm595Pg,EMERALD,IV,0,56,43,False,False,False,False
us-YBrb-fAyF-m21E_TNdbHKzQJDbS-JsXCOHVb9XUT2al8YR2QesVubLgwxNu4fhV6OTvaOBAslIQ,EMERALD,IV,27,55,60,False,False,False,False
JOfElUDgdl-7b01C1xnIAcdixzZ-oLt01jwNreKIMPH5Z8qmH4MgQUP8qPow39FrPqvIfUu1zTVMyQ,EMERALD,IV,34,192,175,False,False,False,False
ytq9IdVd-GhJwxj0DhqqeonRDs00WyDgOq3dRP7_pREc_Enp3I_QmIcaljXuqf3pKYcROI6KLCpD6Q,EMERALD,IV,0,134,137,False,False,False,False
qUH75SGiWjB7owof8YqzpJJF6n8kZ2LYr42OQyMkDQDWYDJ-QyVuc5sTO9G_L_jeScVyAbeU_uFi1g,EMERALD,IV,0,45,47,False,False,False,False
gvS5Wc2NckgtTjX_xgDd1POoOTmIFh3tsm19w55IayPePx2uzlQ6vNFwPblwBYuWRPKcwlB_21NC1Q,EMERALD,IV,0,194,174,False,False,False,False
e9ZXeb-6lKMuJghmFMj2oA2oVYgZAYM9FVnIlVs68KMMFBXtCJK58hjQ0-Zd_WCACkR74kEoR2ZECw,EMERALD,IV,33,48,38,False,False,True,True
XO-TQLLJHPiX5d6QP5Vw2zAKXucmA22vEXVGokk0sp6BZxzXDIGrrk_iNckx2GOMpBUDeSEwPuy5Ow,EMERALD,IV,0,45,41,False,False,False,False
eIS8PEzpornQwMHg1EvIAIr8lHqVh0STOq_BGqbG919fmVtKoV35BGF8DyX3t0YEyZ501_LrBQ0Ipg,EMERALD,IV,65,8,12,False,False,False,False
UTcRFG5KgeSplRnN32iL2d-X9hMobvvy1OccZOteCN-5BEOU-PofHgzx7OBzDkizw9uoTxK_fTU0og,EMERALD,IV,4,43,38,False,False,False,False
DgrlqWdyij__xKikH6OGV-oMbKMMONbJgjnEFXyxUYY653zi8G3AjwGNFqKR3FQYxgayrcqjBTH_Rw,EMERALD,IV,94,310,313,False,False,False,False
NOj-PnVixD8pUsN4HImPj3663MRycxFH0s6Ik7X-kXuJf53EKMyM0nRC2pbwHjOrD1rm58ESTCNXkA,EMERALD,IV,99,145,142,False,False,False,False
pL348PKNVP9dLHgj0r0FVZzkWG2EQ05ySL2dNcNBL7JYZbsSR5s7Bx2UnMNpcWHaDfu_WulGEiGT7w,EMERALD,IV,76,67,51,False,False,False,False
okGyfTc_AiyJuIbzmcraMIe-KOa0LIgbYCzOhIJ6ofAKZfYVWgRpkqLS4UwIPEbAD0E4O1zt85CBqQ,EMERALD,IV,91,56,51,False,False,False,False
JsArGUcjgp9LvJzXXI0ujk-arOX4al3FCxvqPyVaaaSh2y70eXLW-BySZw4A51u5LKqp05md2YHfyw,EMERALD,IV,75,7,12,False,False,False,False
u6tmhtfphZYq08omhj_iPrEcigmGix4-4UXG38jpyEVxoXwH2tWXG9fPitlLsAMErIxrETQFSIqcaw,EMERALD,IV,43,15,20,False,False,False,False
aErF-mF-_6eboJoyliNc9kEkn2oNFgrUtCCdQy5YfcOyYF98uFhKM1YSOX3p_J_hXpVb7du83nkoGA,EMERALD,IV,0,149,157,False,False,True,False
kErpSoTcGc-vuvdBSNldshkal0S3GMXj6nFT6b_Tn2p7H1XHzVDzJOZ7-Uw4-rG0dk9DK25kt34afQ,EMERALD,IV,21,29,33,False,False,False,False
Cl1j5AXCvRh5Q-nsc3KtlSlhtTXuBEhB1PeJqv2HZ9SuZeH1ByRJ9vLnIVjheRovna10tqrN9tRHCA,EMERALD,IV,55,306,296,False,False,False,False
0dEJ0ltahOUctUMZi-c6lb6hQ_KlL5PXrNubLJ12Z_nFTYx7-NSNb-9zpMwlfX-qYmP2hmFLWoLp5g,EMERALD,IV,0,30,23,False,False,True,False
6nk54Ywhj80MDvZxeVjyn5s99etbgu2PNdbLX24Kyuj9t6zcsjemo4WvloD59XU5zICIMB7zs14tgg,EMERALD,IV,40,41,34,False,False,False,False
ZtpfRTxWU062lmKo4gFA26mpPT4hpzLy35uc6BgHvUeD3NBiWMbM6Ck_joyDWmZ9dJ_RLP3nUCE1MQ,EMERALD,IV,27,34,11,False,False,False,True
tEf6h5dnuGIHdD68GYgszd5vtr7ktzE-nZcVgXO744sF7uUq-I2AWQAND3_-7SnVEwNsuDUdScK-IA,EMERALD,IV,55,98,85,False,False,False,False
cLwnF6pIVBYrzmhua8L0tIJ45FBJf6sGWkUFimoh4iWCazx6XpS9WVKMrBpXwL7mHKntnqhLGngXSw,EMERALD,IV,39,25,33,False,False,False,False
nO0gU2yN6EXpe3__pEUFp9E5ib7_WxdAo5FJOtnVde5IpR4Jni4zBIW1zRBEVlKOZX0D9_T5Qc-DxA,EMERALD,IV,0,2,6,False,False,False,False
hJE3wzXrpw5K8YPZ8PLA16FNkmy80f0NoPNXVwv_zi2LfCXSGsSv3_9ru-N3Cvo4Z6nKqLm7MjHtnA,EMERALD,IV,0,279,275,False,False,False,False
dNY1NPQ7IwbHx66ZtB10dgh1SHUX_8YTpMlvSFskOzjqabhFHAS0q-bvS0pEY80ZtCc3zRlUErehVA,EMERALD,IV,38,310,294,False,False,False,False
qbiRnSjBYZKQxpgJT8A-4yMiuqx2j44PwYZsCsbk9BAWaSWlB55O6O2jG4oyWbR_KOLaafPlx2eFMg,EMERALD,IV,66,18,13,False,False,False,False
pVUXV8wPLbjMeypB5VCZHT4vkQj7kMbWsApdEQmLBQtskxanprQ9HMG-fnyxDBXXIHsQPUTakFP2rA,EMERALD,IV,0,44,38,False,False,False,False
UmgkQ6mnJR0c2X6ZJVjeasLYZ3hyJ1nLqYg6cjEytaEyZxHD-L7A_LkxoftDiNuXf9kyYD5yWCZf3Q,DIAMOND,I,75,229,198,False,False,False,False
B-jF4lPDENks1Fp8gf5k3Kzq3dOdj3Cf0Sryime_IzXbFzUWXWgox0MyeKBQaNi4hfAfLUGBh56-Cw,DIAMOND,I,68,201,168,False,False,False,False
HHbibxJr2QOdo6Pdw1ivZNP4qdEJAhDLKqrAYqvdqRNB-7NccPSZNqGRI1Z-RAix8M5ibLEB3ZZVJQ,DIAMOND,I,64,67,62,False,False,False,True
a-x8iqNsM8Wn1icMQkXUGWfi10YDXX63xXyJjJXj-r4uR7qEIm8uwDKxzmlj_1Oomn3qDXy9dcozlw,DIAMOND,I,63,96,77,False,False,False,False
7Y5m4rnO0WSwT4X4xFYLxZdkcT3z5ZRjivYO_EGjbWhxCN7mrnizdu9AjnzUjweaI2yvzAv4_prSOA,DIAMOND,I,16,141,106,False,False,False,False
HH7RVffMyC2HqdDBdy8Gs6QtMHW9Ha7VX9onVtSoxLQwOkYLoyNzOd__IjEQhu0qvu5X7FMxYAXkdg,DIAMOND,I,23,200,168,False,False,False,False
0FHZrmv3oWNQfPYSjMR76q_bvGhFo_6esl2sy6jf8aKqGWXVlhScCSD1GlvloRsW-_u5OGZV8r8AVA,DIAMOND,I,22,127,98,False,False,False,False
AKRJz5py-MnuZiruBV_AM5FA5FFuzsOvEki6-ikKpE2kRTIhIPe0nGOgjyvs7lT0UNvsoAv5694bvQ,DIAMOND,I,75,117,91,False,False,False,False
wDgetKxoGcESQOgNMNtQsZVtTrEs7na4S0DJaexYM9SA2cNIwq878YubU09EM9xH4z7GcI2xWWg6gQ,DIAMOND,I,25,48,27,False,False,False,False
g1l-q68B69Q3dDZPsLuN2aiFQm1dy0oFXUHuY06_z6czatXNkCgM6f9e8Ew75awDU-_VUqYmGXpywA,DIAMOND,I,75,132,127,False,False,False,False
0Ef9_GY4GHi74JTpo7Zml5IxA7pPJFCi59JDEF8JfBiygU1-NcCKAWZ_gaDaTfEM4YdFFb9qCVSAvA,DIAMOND,I,27,145,130,False,False,False,False
LOBRywx1bW8rp0sLNtEFA-uIQJbWAo9fDgC1aGkD4Y8YkF2gcVKDbCqe13Vp0UW_c5ZkGoVILl0DMA,DIAMOND,I,75,203,191,True,False,False,False
PVLwyj12IfbvB_PRING-QyVme_dcOfwn-CErN6XdVzsh8MOrimYDyL2I4X67vqjx-TNSXWeGY1XJ9Q,DIAMOND,I,75,220,194,False,False,False,False
vphYr2ZDEIjYVHbpB9DxCcj8TnKPcNRcCRUr5LU-V2n2y1pBmzUyshyOFwrgCLT6oMCNyT_R7t-Tdw,DIAMOND,I,75,170,149,True,False,False,False
iscDtJT5Ac1TajQ0tHADJBvKK75g693Zu4IcuxW9aTDwP1Gp1efTmzjIBGud-8s_2TnHvWaN7pCB8Q,DIAMOND,I,37,69,67,False,False,False,False
YLX39sS-PGt_YqdR4sJQdvfppzfbaAqA20LP1gxyS15MZlINiD9Dau5rV8jldcjmHhqfLfiNi1HXjA,DIAMOND,I,75,66,59,False,False,False,False
kz3VUx5vQGMPuaGCz5ZwYP6KoyHZlAqO8FQxNmzuaPTwKH0SUUdZTHlGEv9B7K-wuqYz6AHZev_LLg,DIAMOND,I,75,397,381,False,False,False,False
D4PMLudSK7jlE9njpSOzL34_65DO9xxa31DVWvzPjCkVnTM8HdH691pucZg2TlaGq8AUWU0VRJdacQ,DIAMOND,I,75,538,535,False,False,False,False
JpA_fWjATJSvowV9e2CD9DdwwUQPxl3C9fxG6t9ZnEjHg1y_hDHGbj_mraEB6tnTaVOyYwqhYMtV1g,DIAMOND,I,75,341,277,True,False,False,False
EPYTPMPQdLIe4kAOe_-rYSXdqDvqKMfg70AOSCbyytdBUz3XtSNid65DLBvU4yfBUcvfKBJhU_y7wQ,DIAMOND,I,11,68,61,False,False,False,False
lZx9utehI1Yhjzb3CTedEpdSX9VoYvaYTjc2YdRj3-JN9VvS-o6zWlRQpezzb3zOStaOS9rYXDo6-g,DIAMOND,I,75,116,126,True,False,False,False
N0LdI8ZpBzOhpKfML8oOBXBH0EA9Gvekl_T5KQt6DqFeOJXBer_NZoxEag8MN_O9-EUY98xb5xITuw,DIAMOND,I,75,27,26,False,False,False,False
PMU0VoHwbLGewl23G0tM_ou-Kx0tHID7Jo9oxOG8dMVVWxipiBLY_TwDFXXkDrnNLEbQl1T5O3mZAw,DIAMOND,I,60,133,112,False,False,False,False
61erR6EaheWkvVkvcNgySD7NnsNbBRAn7fanU-k5NFtV46s6gyb97Jhc1VfFJvcEVAnt-hgiHEHG0w,DIAMOND,I,75,131,119,False,False,False,False
XIBYDfcY4RhoX3oxWvGcy53UeffuLUu7wyGF1cfELmC28HGtfDbEnBSXuqS_F7tQhfwBZFgNGEKG1w,DIAMOND,I,66,242,221,False,False,False,False
i0aZ_VFKF0V7mupNU3Zai7qBP2N7lzMfPskijzgze7Wixr9sN0Mh8_0h7Fs0hYxRA-9TO8KBYGEvzg,DIAMOND,I,46,104,91,False,False,False,False
x7gX2jMX9F02qcukf4xRj-eAk_grM11o1Rvy-lVo0tOCjf_y3qqVJUSf4mk2_Lt8dtQZa0DGm0CaDg,DIAMOND,I,32,184,157,False,False,False,True
4qLbprDrzH1mUdsdx13Iz_zdIuixc4sB0vrw0g0JpQzNXLiT4bqs_X7cvykTDKQlRV_m6WkVeROoRg,DIAMOND,I,73,274,286,False,False,False,False
27isz33wY9fy0M5wbkpgfUCUoGtPLo5m8pjskJ2uKIEIn3iB5aJNlDtBPyGQYXx2XjKZsFYyFUfTqQ,DIAMOND,I,75,193,175,True,False,False,False
b4SiOVP0FrlEHOwiEcsWEgWYnKhtOLe2ZARpaMshPbvlZgYz0fzRz0qmy_bwSCo9QXz8XmIRZ7m1_w,DIAMOND,I,55,95,65,False,False,False,False
eh-Bs4HAnOrCpYy7_ZYq85FZbZTsGem-1ijde2hBsZVxilhwc4pBvnoBrBFTv8ctkGioe_2iWqr-Dw,DIAMOND,I,8,100,78,False,False,False,False
fVkLYpovsF2M-3scy6FKbXW5XV7DF428ixvdSnZ_JzcRdpzgEx2OnAWeqjjfaIhTTzbHZTxzqW3npw,DIAMOND,I,75,52,39,False,False,False,False
J9oyoT72TdUbt6Eu8JnbpU-QhGeW-k5EyB6yCc-xWXPziyJy7LbAensGrpZWfTrfz1kpzSSAcqKAUw,DIAMOND,I,75,275,259,False,False,False,False
DaF9-ivwtHlAeIAA4tJ-JZ1AWTLgrDEq7orGoUY4p9knSQePp_sILP77XsItlycitIVHblabi1ZKkw,DIAMOND,I,5,36,23,False,False,False,False
H4NpA9MRWt-R_BtZIb9yLgr3HxYBDtS2adnUmq7SA_2RoxhdyRcL17vPL186oHE_YJVVtmP5RzcBIA,DIAMOND,I,57,116,57,False,False,False,False
qZu0hDOvj1C8BjN8Vij-sT_8GCT_njH8u6cMAzCCU8KsVzna3KZ3a5dE7VcOm0ctI9zGrLwe7q1Ydw,DIAMOND,I,75,73,81,False,False,False,False
_X9VHjTQyym4VSDuu0xJ6QKX8IzgRjFE63jVB-DM526n9JiBtfvnp2CYC0kGePSx7btKZOLMwRQzbQ,DIAMOND,I,7,215,229,False,False,False,False
5ftsOCRMqPDnM-AUH2aR2WJsHIuDwawVGWOdVNdUV484CZ7aQK1-oiukYBoFAOgqqOeSAhsXIIvABQ,DIAMOND,I,50,106,100,False,False,False,False
e9l9sU6tli7t4YsbQ-XwwvJUZ9ZPEGBSKBRmyf1qBwGi8eGoQA1WcHZ3Si9FQBC3dCN27v7nYVCN_g,DIAMOND,I,75,99,75,False,False,False,False
ZmbsCRC5O47oiSZf0IcBBcIPIwimXFFXiZFA8Z4js2OnpSAZLT7REsZxg08VDcGC6Cw8g7uWATeT8g,DIAMOND,I,80,38,26,False,False,False,False
3KCQy0lDpBv0EQqXQqWmDwVenk0OXVXCaNrBOpnYOUvvdMMsvkAt1XcNgJrcOftWMg9NuUGM_JWZmQ,DIAMOND,I,55,169,119,False,False,False,False
GlmAacY5eHBTrEEzB4STB0Wp51icjP0L8DgzYhQfSeIrNHPFykheIrqRTVOUyT2uR03bjuLyZw-OHQ,DIAMOND,I,9,208,182,False,False,True,False
2vS6My7LOU843bInjD6OYgDNZzeisimy0P5QtIWKVQT53c4B0L_Q9z7Z6pqVmAUfZ2tAWgWtKnAGBQ,DIAMOND,I,75,129,126,True,False,False,False
vyuCb-4JtcHltQjgUbb7hDc_8FfJcG0eIttvDl3YvTwBcbdsGY0IFmcRG60UwQMh2WGzhWr8heZg-w,DIAMOND,I,75,340,294,False,False,False,False
xpGGuBKNAEOzSuPB-IgkABgvaiRQ1nXzmsGvK4lErBank60ct2yZ2nFRI9t68GM_GnoHjdXYdb4pkg,DIAMOND,I,19,200,176,False,False,False,False
L4Zv9O7phdmCMDldqNKgFSTFZBznZDAowVClAKbVDrHI0CCr6CoNl8wVCbd7p5EVYvqmMR-M5Up2EA,DIAMOND,I,42,525,541,False,False,False,False
G8DtI95p-KpoFZt6fR4oKxpFlQVgVMeJJvSINXqaExo7hKRaNY9aXaVSjyqpVd2_MqOdDiZv46ayCw,DIAMOND,I,58,71,51,False,False,False,False
coKSb2tf7Z6XkTsv6IIplG5_wMTS8ARYqv10N1-yAG8oO09eTpKzdA5Jp2bvk3O7a3AdWZpTG8Lnbg,DIAMOND,I,7,123,100,False,False,False,False
0AL2_C_IYbriQRK4kCZfLMHSeZdLKclHZAyiHX8XQ5JxAlc-NkZpa6KYzZN0-b1i5N-D9yQ8UTbRwA,DIAMOND,I,56,141,144,False,False,False,False
w8-lbY0MfkxyxE78wIJ3pyyH7dbVeIfTlmpsCv1XSHMknOu4xWYlb6DkL2sUuWQS2dmxQCgvSnHUMQ,DIAMOND,I,75,53,45,False,False,True,False
loKDR536Oh95Q1sRumryc1x5SZMq6icYjxAUWjJG-azNwpG0SAmekMwNqbmebltvNpDs_zFKFMK9TQ,DIAMOND,I,6,96,104,False,False,False,False
FMRejEh6cnsIX7wzFvhaFVzMK5Vipq9jKA_3YFigyKl7iIZdmYP9VEyto5A34vnJECEe6pXCQTIBMQ,DIAMOND,I,48,81,62,False,False,False,False
tijVttAcN2LoG8yOtjQOeJLKbTi7rSapbGs30GnMyYBFZo9WY1YP1QVJyFSpPn5-2PzdnZdzL2GRkQ,DIAMOND,I,25,47,32,False,False,False,False
Jd8u7ABpcGOc9fbLihqa-29xG78V9iQSsYTN9kkLJHHMpa9TZk56obwPrYn3Z3h1QRHpBAREVslRoQ,DIAMOND,I,75,178,147,False,False,False,False
SsvWSFhVsK32xlSizyMsSHvQDAoX0MOf0Y5YAGXPMEspB6-0fSmjA9-BurlDSwDFSJF0J_p4ahN0QA,DIAMOND,I,75,99,88,False,False,False,False
NQKvTG2CVbkOtYsG2ox-EtJMPbVjDgzn_BTBvIpARc4OeqnRF_GT_Hm2wO5I1Z8KWJfXUoW-cvATrw,DIAMOND,I,75,61,47,False,False,False,True
UZzXOsldBwDzMtlHY2lddzPK0grG-Ba2EtbLM1gQmkO7P70AdGvQi93K7LD23-V1r4vsktQNe34QTA,DIAMOND,I,8,237,234,False,False,False,False
pRJlbaXfQwIydC7md1noI5aTaEDoXa7HNT1mwqghcpUBLmR-8zPJ4mCkgOL7Mpyc3ebwwGWnGu2iEg,DIAMOND,I,49,105,78,False,False,False,False
YMN5_f6D4EaHWyFVNhy6GFsuXG2qCmohpeIfPtnn2WxacLhMdDzGMlx5vVkyyWMYoWPZWbqyL6f6-w,DIAMOND,I,62,91,66,False,False,False,False
CGNfHKj9oufeofcdRwp_ihdHwJ5AEfIwcmecaiBPDKBrjQlsArmhB7udAHMkq0x2Y0awz4GO_Jkspg,DIAMOND,I,11,85,76,False,False,False,False
WuUnrl5wS_4yui5vxsV-HaNYH1rtCdME5ivT78-mRA_v5SdD8ZCdrsBbcyKyJ8o6HIX7sT6YhmxKeQ,DIAMOND,I,52,141,131,False,False,False,False
qcD-aj9uQqAm6n1VTTeXVhM50nhwaenWoUwvq0OnTA4Nx_LazI1raNHUHjlOz8RMqzT6MPp0TFj5SA,DIAMOND,I,75,32,30,False,False,False,False
8BJODOnv8GeVdrfCKadECE3Z22xy_XRq6sSZrrx5vMUraDmOKU7THfVR9RkAFXUf7ey9bB-M2q6UuQ,DIAMOND,I,75,53,50,False,False,True,False
r7nEvWDz3tFiFzCkZb17vpE5BpaPXWiSJpPRactGw9mT_AJ92FAOhKSZc1-aNYY8ktDhr6wrv4YbHw,DIAMOND,I,75,83,72,False,False,False,True
x6aTtxh03uhq4zhWSzLrg4Mt14Dvt9Woj6KKKzEy1YK1eahmXmkDy_UIzQB7JcjlNxiNFpMSzRgAAg,DIAMOND,I,33,354,361,False,False,False,False
QCMI4KSW5dD7wf4kTlVBFwwhA7Rjygyl1XuodyYRkIn_nqXgGpghEIRjkvdzDPNvtBcanLYpUOr6JA,DIAMOND,I,75,210,205,True,False,False,False
MPMZ0-xN9let3XFGJIcY6-492mVR2YS1HOaylsX8FpsgOs6DUhvWBObUTDNMmUdnMnOV94kzml2OLw,DIAMOND,I,75,217,178,True,False,False,False
zzJP9MtsJZGke0ZSwYsfNBpgKFP8LidYqeQmUfIi-WOsh4U12x1FngX6PVAOHJJ0NzXTjJ7vQU8jaw,DIAMOND,I,75,123,108,False,False,False,True
IM_ZRwBB9jaFgix_Cm-Q1OdgavVIYVTDRo8nRMt1ifJJBVxdYdgN9Dh5EkEBK-Sy_11RHw9IvshKpg,DIAMOND,I,75,276,221,True,False,False,False
wmJOI1UHIrHd70Ygne1JPGyBG5zY_rt3ZevzJ4NR0SFI1ZM0fF7IGmERmWJHp39TPdP9cLswHUOnGg,DIAMOND,I,37,92,78,False,False,False,False
pFGZmAlOat7T24jBHyXHDrSVEu4uhYWZhKxynw4fZO_TOeh1FFdOllMRREqBsPS6ggH4LKWu2CPrUw,DIAMOND,I,62,72,72,False,False,False,False
-b4bUC__V0OHHdpYWJW4S8I178K7cGcZujQcQoVsN8cavVEFstOkywhqq3J2FN_2bvaYA4NvDnzxag,DIAMOND,I,64,204,211,False,False,False,False
N0SekgNUKbl8iRTbvO0m7BeXqfxRulgR8AILV_qPGJRdKj9gZnDzMHV-K-lQmCewXFyyV07hk7IDkw,DIAMOND,I,11,142,136,False,False,False,False
qlnlJXAu703-GaO8VYZf2L2IF7tSJoQdKZC54pA5JpXXyzc8gsuxO6DqnVeANNb6ANjam4iOFahEEw,DIAMOND,I,0,255,263,False,False,False,False
8akH3PtWLP-LXma7AruZh3TFC4njj0sGXRnoDVY8K9aGQxq-C95dAQxaCvoGN9W95BQNT_EQLcp0xw,DIAMOND,I,75,504,488,True,False,False,False
ONKDfWIKtBe5dylr3PPI4mW45qvvzmGdEqiUIHPvjMbjRH4o7CzrOPKZJWcCclJlwW7OEzzOqLPQsw,DIAMOND,I,75,268,247,False,False,False,False
9685hJ4l37CgByUBJgLo_xuTYN-vnb-BM6sQGvOmzeIkgRT8q6j-H2jQoRBMw_rvgoT7X1yYW0s-CQ,DIAMOND,I,75,79,60,False,False,False,False
Ulnun1w2t8hM-R9CaGJ49_reRkuDybWPjVbfnisoGBkWfnRECEatXk3eirQpkCJoQSMuRfgSIARd2A,DIAMOND,I,9,86,74,False,False,False,True
SOCF-CKUVBcUamb5hYL5ff8rH_s6DcseCqkkwQsVtH1vWafbn9MTJhOYnSjue3yZ4OisEXKFKNDm4Q,DIAMOND,I,63,51,39,False,False,False,False
SEZbux9RSfDvsZSe71UgTvPa6UDWiMjeTtpuoKM3e6Bnc0guf5QDQfwArBxk65joFCH5FR-KbquPgQ,DIAMOND,I,31,404,458,False,False,False,False
G5oH29_Hnx5ptMdV2IZL3JYNAHGI0GH3em45JJmO2EUKDYCXJ_zmEv7MK7hdY_S4Pka9rs8VZAvRJA,DIAMOND,I,14,142,128,False,False,False,False
T-ltIyvSRPssVjdWqAfqFABTnX11KojZphr5NJVQo1ng24_QdX12CWZpUsagvR0-9rkvOj2P7aShsw,DIAMOND,I,50,296,296,False,False,False,True
sUayeuwMfdUtVsHjqXl3xSfo-THdO9WwjLd5cdsOyWFATeeqg9jRoMGAWFlDRXRSC_-cx1En4saSEw,DIAMOND,I,75,315,296,True,False,False,False
pFWe7oDGK5qBXRKGiEdHRAu53kwpovHhCxHzmp89RAOXSRPq9VKuV-QYQa2i0tlrZnRBmxyhGwU-nw,DIAMOND,I,25,107,98,False,False,False,False
6D4Wz_ThsrCH15sGTRuYa0Yc-T4-p1dy1m6sk382w77-9o4n3D0teJeeOR9Kilc0Q_Q-hxHa15ORVw,DIAMOND,I,50,257,238,False,False,False,True
hnEKycJEaZ1qfT_XD-bPTidH-6EW4WXVrTPUQAQIm7yMraAxMd03F9GmAB6AGfHz3fdPd5GmUKVNFw,DIAMOND,I,57,227,220,False,False,False,False
Icvd4Jeee_ybnQ72KBlihRoIG6JZtQ7dGB4PkUWqYpox15tNrCUOvxZMoVe5cR9uRMGWsEp5DbaUJQ,DIAMOND,I,66,326,293,False,False,False,False
6GFsJEdxDAZqGUXMEyGzlo1rxUUSbP8QEy9rU1RLQk-zm5oDnXpcjQAHMkRVqSw0xtsIMoXJzegkzg,DIAMOND,I,54,209,171,False,False,False,False
-b-YP4ecgNRIldiPtF2nt7nVDzW4VWl_jdm-GmC-lhROc2z6ABe7QYfvBBAVydMmHhhcPXssL94aLw,DIAMOND,I,39,301,279,False,False,False,False
uKmlCpOL3KVtuRZuBufx1RXPZEn6dAE7-B-KG1HMuAcO2c2jG6WHZFdIo1q1bw-3Oi6SDsEuUL-mtg,DIAMOND,I,13,42,16,False,False,False,False
e7_J26PM7ZzjctBcvbigG0WNbZbUJ08GImxbYmCfHIK-__V_sx1wVD6tQqtpoJ7Lnacs3gcD6NpXsA,DIAMOND,I,2,67,41,False,False,False,False
4dv9-vE8CRkiegp7N-7h67lQapSFfBWLMqkdigpH7I92KQG3zwR8UCtBQzubariRe6Rfsl_Rdc6EkQ,DIAMOND,I,35,57,49,False,False,False,False
WtXK2vAkc2stG2WrDKZwtaNf27ghH8ed_kxqXiqosHzJrGXkkGJ_haiHo4TOw1NeSY8aWzSuCk0whw,DIAMOND,I,15,137,127,False,False,False,False
sWAmdf6QypoFLfmMHAF32ULtmQjpoZiTMH4Td8_rN_lpyvYSxyNm_UBbx8qH2ZaJG2rg7815ZZUnow,DIAMOND,I,75,249,235,False,False,False,False
R0dbnPNPiZlSpwMm2h-jCjqvWNFbdN3wyEj_eCwYG6cTpXBFP104ajAv3f0L2jLwmuAZYw5-aLDLyw,DIAMOND,I,75,47,46,False,False,False,False
E_xwV5VQ_PnBKtfGbl2HT9FtvvCxEkc1bmiRUUrYAOdQJPLkPX6qsb6rdNL6F_RNLmpxuJd9BsIQzg,DIAMOND,I,55,65,45,False,False,True,False
WUsKbWSwafasnGsq5mlE0Pe_1nqEcTXW490svyzKUpDpZ_XyNlMxQp6hQ8FNc1d94D_hWlHtgmerag,DIAMOND,I,78,63,46,False,False,False,False
J7PGzTZDoQMwBnNdGKqhGu6qSo0wwhzW1gLhiiE-pILmAHF-ruMWw2dCOSUHm6rUZtqFywp0kCMzVg,DIAMOND,I,95,412,423,False,False,True,False
B_f08Z3Ek4tQwcrAO8sb857QLmeiO8w_1Hn-V2vY1L8yYYP-Y-3eAXvXf8BO_N0S6SxPbGv7oo7TPw,DIAMOND,I,57,104,101,False,False,False,True
DH5GIeNeLJ9KlbAN0neA2DtxhMn2PEP4NVslPJDgDihttqhkSR7_7WA8J84gSxpKck9o0NBpPfzBjg,DIAMOND,I,2,224,201,False,False,True,False
Y1JkZYjGsksOdWzPlJjlneWyYqmqEVKSmn_ptBTQrOaRn6DUjEc6riTCrfvRlljsfAae_RroHCFVow,DIAMOND,I,75,222,222,False,False,False,False
NL4vrkuUiD-xhmOGXM1IjmhOS3Wf3FBAYy4cPgcGPt9_gZItQ82nMP3IM18a0P1s19dr4P93FOOEIA,DIAMOND,I,75,491,466,False,False,False,False
mcWZ9fyGEN30W6qPC_38YuIB-QhDzJZfj3qC49wHBbBl7epCq2OmvDqzT4zgr0e7ZvRA18v759mHuA,DIAMOND,I,50,111,88,False,False,False,False
3PBEzUqHLxG0vhTxKf62QGnTYpQgxwvHzVKUCqjad8MqQGqACyBlPC7zedWSC6SQ_kA-65POr12tmA,DIAMOND,I,3,275,256,False,False,False,False
tjUiB44qoQKS2i3SwN27Wtd0U-FcIK1AoengcqNWkBDNuCWPAdv2zbVR2Km4Q6-sllxDAJE1tnALMA,DIAMOND,I,75,486,447,True,False,False,False
7eqZb5jYDSjyc6L11iMuHJIfM_ROJGeAjtqi3ZznzjxWiOZGeXOjNx-aEajAITN0sO2FC3xt3hKXEQ,DIAMOND,I,75,151,110,False,False,False,False
OdBAuSMCd_JlM1MfxC_J0PTHzMWRflHfzmeynVSc6_kIvPb72i1EoFCyanwTa2FTQPCHj2IkB4d79g,DIAMOND,I,35,65,72,False,False,False,False
RtzJfBy8SROgGdcnlGvu9ORZvCvkHtqEO77d4IVUd_cQaG0-dnjBbFtBzXo5b7fNkLcCoKQ3sFrGPQ,DIAMOND,I,53,154,152,False,False,False,False
FWoN-N-LbN65CVjCPC9znf1PShV0C0iAFjvwMUPbPHcPlHOFRX-K2tIUhhe2DejVxYhp1iLy8z7-gw,DIAMOND,I,75,168,186,False,False,False,False
bjHv_RPG020tB6SMSyEI3Vl_KzN6xOnUQBTE1tzmX15she602nSRjJ2IneZbAeSLfym48m7Yg9fwYw,DIAMOND,I,57,39,30,False,False,False,False
lMkjopUsKeqRc1gX7aAjTv6nrqMEZg2th4Tm3GOJCsfoKdbbFIN0U3owneguU29HEtMCRToB58vlfQ,DIAMOND,I,99,291,272,False,False,False,False
fsM-v7s4XTdOXYGgXIuQRoR4P4GSCWDWIz1B9exlXZ5uYXYOmu_X7uGJvz4D1J-DoK8S8G_-hYFSlQ,DIAMOND,I,56,57,57,False,False,True,False
hZIXvi9RvSW-N1dZ3s6sowqDEZyP19RyXRpgJlGReTgg4iW6qR0LykfOWNsdJVkufq2lkQubFFYTOQ,DIAMOND,I,3,55,45,False,False,False,False
EouahrTeh0oXnoS-0-4H8sGDZgCja1zmJ06tVukDPnzqcb9zyQD7k8AlpmPt8fhIMwbLHcz0sGeIZQ,DIAMOND,I,75,82,76,False,False,False,False
e2VVJmKEl0HbGnlgD19jCY5RADK8a1m2iavUXqEwthPwmPWOSQyXBXF4hZbdjr326ryqPWUkpaG7qQ,DIAMOND,I,33,81,75,False,False,False,False
qVMNobns1DVHKXy7rot3J4phz9_XjWG6s46KLMRHQVBwOqAcGevSpxw2oUxaZryJeEEr7F48MinDtQ,DIAMOND,I,31,487,475,False,False,False,False
xDbLLgTpv_vgia_B4Iu0Em_OgTqQNUWIwIMUqzAfUY1pLyCFda0mZeAQnfae_4MH05cvLyEOrupXoQ,DIAMOND,I,76,131,116,False,False,True,False
3yBrVTNJukb1bajNtAVfBM8woTvSwixP7ubnVS_o2ewLnNQY_yOGxYLSdOboMmJqshUsPUUTJIswHg,DIAMOND,I,23,107,98,False,False,False,False
tL2X0-ueJ9fMyogAugAZaf80H51KkffvEwrX0lTSD3kgL1x9YfkRrkcju8bDxovkcQBK6PDFL7ALKw,DIAMOND,I,30,184,164,False,False,False,False
rMuMzZxgEoL87_W5-uvlCKha3EBiuEoDDYEZD1Cqfa71OrigbwtQbY6yQpRPgtV5SoCpukwnzP07sA,DIAMOND,I,74,106,104,False,False,False,False
LCBwgYHiEx4OED-otv2UpQJaXYW5ZvDeQhD3_EUvrpzAuApPjsOfK0uPe8DmqQGVGUSJqUq8vcCwgg,DIAMOND,I,75,368,359,True,False,False,False
1D1Ndk5cCpw7kG2T7r_5yf5735zq-soKsWYCl72sFo9aSplVFdE8XmsUN_91KkBt1Q1YyjdKq3W9Bw,DIAMOND,I,50,394,375,False,False,False,False
PYXlwRF2dxOqrXo1IoTljagYgo64VTMKKTg-70vuJ1CVoYJMpdwOr4Qa1Qp8IpLTecVyg2TMuGAb2Q,DIAMOND,I,75,26,11,False,False,False,True
rEAzjDlkNxKakvnIIo_7F7hJcCw6lLjm_6AWeA45GTa9_r-Sker9QW9zLNImGPGrTgWhRU6W0IXHTQ,DIAMOND,I,59,32,17,False,False,False,False
tJk2n5W8ca7BBQMat7aGg40SAZyjA_jX8yJ1RjCmXoRpY2V06hcNI_DkwZgba-m1zzOEWDOJqHTMWw,DIAMOND,I,10,459,489,False,False,False,False
mDDUAmK3U5DjgH1Bmr3no7RLvr9M0W2k--GekuBf6q2ef1480x5fkynXtyMGsPZG_H7mbOyA42WhPQ,DIAMOND,I,75,202,215,False,False,True,False
EmHX4p8r_ank8oBDqU9i3L_lH75dNrCnErcBAOrqb7bILuYEQk9OpBexw2_jSOg5M0BAjhiRv6JaFg,DIAMOND,I,75,99,57,False,False,False,True
EgaNjnwYxuwynEc75LJNKLBV3jtLMA0ZmKo4kdfIH7uxTEYPPs1tV9QrOwcbvoii-5mW1f_V65bCIw,DIAMOND,I,29,206,209,False,False,False,False
oMwuka_2ooykGTfsI6A4vFYfABTwQya1v8oIjaLJID8u_lIxCVJ5h03alaqoMlnls6bqMWbcQ_m7Sg,DIAMOND,I,98,145,134,False,False,False,False
fq9of4h5F0f5yMCqJQRU4kJAFqn5aTSQCJa3-P1fV_JG8cieewFk8uoYntCZuCy1snIKcyKrovBfEQ,DIAMOND,I,58,55,46,False,False,False,False
KZEQG4oAe-hJ_2kuyCT83UBkzqo49AVxwKyI_DXzKrNoXdze2q8e-BSS6VWtrmYppNHPj5ZCv6VHjg,DIAMOND,I,75,35,39,False,False,False,False
FN75k3ijywh44mPghUx5c0dyu_R2NbBRCvpCzYdaHWxbdbjcEsQ9SLEUQUinNi_qXp_5GdYC3NPChQ,DIAMOND,I,13,109,102,False,False,False,False
eJM0xymLVKNNfhuMuDh0ioHx0CcUH1Oz_QN9LJSHVBYCaFht_0IvOc0vdwrvotiidG3aN7q_aTKjOQ,DIAMOND,I,12,489,478,False,False,True,False
RH2_rcvbw14Zg2FC4Yx4k1vsrrBoTodG2MIgAMh0FHmvSKUOb1xnfLLWsEkO0Wu1a5MM0Bk3aDfLsQ,DIAMOND,I,80,257,236,False,False,False,False
TSHT4ddVGSeYQ83skoFcqSie4gn1ZoAceNlSfb_V9K_Eg78GdwnFFI86N9Wxno72e2bfVTwcQ4zPjQ,DIAMOND,I,75,45,16,False,False,False,False
drY7ebW1tEHXjuGDQhNg2v1U_DJ0EByzHA1rW944ZV7CtEX1Ejz1gUxqzDJ7yDkHKrmbaH7lOmZ7Eg,DIAMOND,I,16,99,91,False,False,False,False
8PjADbsJtKavacjYwiLYWDYWuxkQUy7Nk3Y8Fdfy2J9d5UHl34OCyngnHG16wIe_mhgxmoaBhySWBg,DIAMOND,I,75,241,208,False,False,False,False
ShR-h2a8w8UH2WWw1NWLxVnlVKDw9p9I0EKJhiuF8ztnXBJxtTEeL_MQGhVPyYUEx2_QFul7jrbH-w,DIAMOND,I,75,103,70,False,False,False,False
p4MQEWpO-J_xv5nESN1gzpxnapVIXb0d-U4g8VE-6C62p9mq2gpxHZs3k_o7I6JeV1QBvrMD0_-YEA,DIAMOND,I,36,443,448,False,False,True,False
mujolkNGSu2kt95isFiRcFUrFyMSWMeHorTahZKWxN_YzJQOwicqkN7CYoyJ6TiOH6YyYDOKXjK67A,DIAMOND,I,75,38,22,False,False,False,False
sunP6Ic93TmNnnCydEM5D7P5mj_LcLDMy2YQ27ZGJgxrTApZa49NUT_RB37ZZ0ajItB8k6kd2y41sg,DIAMOND,I,25,144,141,False,False,False,False
-bMARTndPOVHdRaJq8urXH4BiXVYAJb5dpgSGrbjcj8onKleGkcy3phAVCuA-akbTk_us8NoIFOd_g,DIAMOND,I,30,70,59,False,False,False,False
AOSqGCS9KufAVrgLjozeDd7sp5hiqpigAmDA7RILE6lyoDHQIchm96f9SefTo4aYjmP6sFJwTxDExw,DIAMOND,I,5,149,124,False,False,False,False
9FsdaItctmoJAuQbqhZsxGRUoFMmU-JMgLDnD2LcfDq1LhhLNSlvd9YCAYuwj6zXHkgk4ozwE5jEpg,DIAMOND,I,50,68,55,False,False,False,False
n3JtNuiiDX1wuOPt1-LBTz2euGSEpt6pCCegHBUKzuICVKm3W8O5GSI9qOaBlg8LATdlHL3r9OaX1Q,DIAMOND,I,55,70,65,False,False,False,False
ZiN6CR42528drQxxfyYOPRypOwSLInbIyuMBc80rcYhJbgIkuv-opfR4YCsFtcaSJAothPUxP5w0Og,DIAMOND,I,12,242,236,False,False,False,False
vZ9GA0CRZjE8T20cyKOQg4n6Sor8Lk1GPVpi504cW1I0Y-N7Nn6e4qEbO4ICv1sDZsCjqEp9g-8PlQ,DIAMOND,I,68,483,474,False,False,True,False
VjIZl1QjKl1XCK2xgNfcig2Um-IQJnQYppiUQwx0bk5x5pEvpYliZ7adAQ5gSq-ecEM8CpNzI_aZCw,DIAMOND,I,33,122,131,False,False,False,False
-qbEpDGpzj8xZj1YtDPFyQWrYfU50S6W1Y8GVQnPxTxSUROqgZM24AlmTEQ3hHNRS11Lph3j7kkBqg,DIAMOND,I,89,57,38,False,False,False,True
QPsDKMdJegGGl72Qb7o1VK552--RsdjHUzhYTilJ0XM-pISVod2Z0JEXOc1-LYrDp0m2zKSODXyUbg,DIAMOND,I,75,133,108,False,False,False,False
hqZbNCQLlte3nKOq00tCDA8x_kEZIZeuwWPjIWsOlEz1IxVouN4BKOeb73BISzguIJO_a1QKLzOx8w,DIAMOND,I,75,85,78,False,False,False,False
QleS0c3Kf1pPFMIUnPxxK-3tvsWxv2nqeYZ2y5U-Xgl4rVOA_6NuQAxLI_TXCWi03VLIa3sKmDNLNA,DIAMOND,I,9,165,140,False,False,False,False
wUij0BgCbT5OSH3Q5BGmXga70OP-Tt_bPVkAcgZrHv2P5qTF0SehfQzVyAwef3-th0ny3FrQxSjpxA,DIAMOND,I,37,121,117,False,False,False,False
5BkrXaXRWGM2ipkgqpM1SETzmnRXVRGLHA6I-tc9eAqryQp1ubf5YuGjKk6coy_MLAIa5eTMDJlm1w,DIAMOND,I,74,137,140,False,False,False,False
BBZi_I-vcQ0pD7-0h7DeoRnDAzoKrKzSNhOAgbzO4Dtn28BTYqQgjvRvPg7taZqLNnjUiTPONlIj7w,DIAMOND,I,75,155,126,False,False,False,False
vbPRYlds-VunAC2nGnnfBKfTC16UE9v-7ND9tkxVk5tY_GdxD7qveRghVOavYuC30d9EGSGUbKk9oA,DIAMOND,I,98,173,170,False,False,False,False
h9nI2jHkEuAfxCXxOOpN5HC30UXQRN8zdXkaUibGaJMApI6Ta2ijcZN0DFt4yuGyoe3aNDkKpvrnbA,DIAMOND,I,54,164,116,False,False,False,False
Q-Mxte5hprHKIEh6mKRjcUsTyB2S4aS3ZjaROncaZZwDUQ7F4EtmaW4yPTzXtYMuxv3C_9xXWA4VYA,DIAMOND,I,75,116,107,False,False,True,False
XMUGeOSvr4Ca399kQ_QduIt3iGZLAeKc-bX-Q3ago7XrVpmEewio48M_mwS5DinhWktxc_j3pQsHNA,DIAMOND,I,75,92,82,False,False,False,False
M1giO9FqahQPJNnBrmzdBcX2rlUecCcqwb2W0fc8QFYzbkCuSfzpqR7vSpUc0gCF9cpzBXqnSQSW2A,DIAMOND,I,18,229,248,True,False,False,False
F5fpAy0bekS2DLUWy4jGS-HFX3GYY3BzzZTipYyR04UQIdXPS-DWRXj3ylIoMPBpTmks8oVqur1U7w,DIAMOND,I,34,186,181,False,False,False,True
7Ai4hjM8OJ5Ka2DR22VHMsITfHX6d9EkoKHxy5kd52SPMMegpoEYP6TRtmwXhSlM8hhrbiHJVuCk6Q,DIAMOND,I,49,46,37,False,False,False,False
pB2xI9bxak3hJwFX-so8Iej0cnFt7-QVd4ZQq1i7odSp5p13KiLKzHBWHLeHbjNY7GVO2q3Ujj2Www,DIAMOND,I,29,190,162,False,False,False,False
ObyEohCQK9HVMhyIA1SXmZ4-2Ah-0WFJW_D53xc7M9XbLRAfCGkk4EztIiyOgg2jMf3g4Wlkz6CI3A,DIAMOND,I,67,301,319,False,False,True,False
8-Bll_A5TSH8hc5UoA5-y7F_3-1PSotuUjKhcXkzMdLWbr8telJlDZOAEfsu22wuMFXYTQpND6ynYg,DIAMOND,I,22,257,242,False,False,False,False
iBC_WgHkopITsnFKPKuV4W8Ug9Ns3LUu-EeQG10af18iqB-TUpwyVLv0fx4rRy5emzKWpw4DF399-A,DIAMOND,I,62,238,221,False,False,False,False
gM0QIwE016qnRdQ2W06LQ9RZ9m_P7JQJu0QOfn7oZYI_UnNVTfJS00vzZx_Jz9WwdHK-DznN9SbS-A,DIAMOND,I,21,74,57,False,False,False,True
KU5jrgdYfHe_kOhQWoYW4NflSCCR50e6o8ZpEDtREC62VaLfpcL-0th2IwilnSjS4ZLk4eUYG9-lYA,DIAMOND,I,57,163,147,False,False,False,False
Rf2ax-5sSgp7BjWHO2ueqbMoSdUnO-w9JgJVjd5u1jbAa1niOl3Ts2MT-MPFZpMGwqMMyI3IuLTtiA,DIAMOND,I,75,94,78,False,False,False,False
-ngWmrVrO2Dc3RLYpKw_araY1gKNtvpMPVHQvl7TTYT06xkyZV-RRcutfk1tuoBq4caHNZIApc8FHQ,DIAMOND,I,82,102,75,False,False,False,False
ki8WI6dKQppPPcpmmKn9eDSd7k-vSR5wfumdkRqx8pzm_P168-7QwzMO64CcAVKMWOqZothCcZq2EQ,DIAMOND,I,70,83,83,False,False,True,False
SD4amjSrfudsLf4wEMSt78XpfajT4uFjoUDGbHX5ehKgh7nB06AKwBKRTLuDBtfa9H-bOWdRLPDqkw,DIAMOND,I,75,221,185,False,False,False,False
f2U8rT6anItDBuv5UzN-Z3UX18puX6_8mdIE7bjy0YV6YSM0woILvVTcujE366xXc9pVA8JE1fen4Q,DIAMOND,I,97,111,89,False,False,False,False
ruOrXo8OC0FDe-FoAKS4uZFb8fX0k3Lvb_XaS52_X2vxlX9IMd_eWVoHTYSZyAOnoRgHtY_SuLV4Ig,DIAMOND,I,1,112,91,False,False,False,False
spwW9w_mBE-0TE3LPOLRX-HJTukHtFeovVJhxT0cmLJ1CLEnbmFiaeidMyBvjQFJoYSLzhu73dWNkg,DIAMOND,I,2,120,105,False,False,False,False
gZ--A-QS5hOLrWI_f-_pIK8aoRxsfADPhKLSan2yNsTjHUzlVJgDRQxQNjDAilLtO09yym5WLvx3Og,DIAMOND,I,27,69,31,False,False,False,False
dgCVhzz-f5tjC6F22Zn-nbIe5dWDVUv9QOZGLF5AntC5Os3Y0mNUbSp_1ytCID6D19HTvayRrx1mfQ,DIAMOND,I,75,247,225,True,False,False,True
DaO07FC8WjEnmY29LBxUexLpMZzioHhtap4bO324gxDokZpsU711UlvjqXHYpIkI1fBFrnbb8nX5XA,DIAMOND,I,31,133,143,False,False,True,False
pubaysmXqVPWYLVgRNodkz9OGgQaSZ3uk6z8mK_OpFE02TPyIdsmjWvyo_RVjFnkpFSN_pWme7W5ug,DIAMOND,I,55,167,136,False,False,True,False
8FhvM71r92Ow6_FW5xJa4kK8eDJliImHmaMMb1Xdkp9l_qFBwosPv_KnSzA1szWdw9bo_qEpQ5F7kQ,DIAMOND,I,3,136,146,True,False,False,False
4qudqBITrAR-okrI4c1Uk7HEyIEUZiLRfAoaK4OmXBzA4zOj0G9pfRqBW3jXvStcxn6mLYGHpFp12A,DIAMOND,I,75,143,124,False,False,False,False
dG-XkLUQ84uWsqsamNwfDRvZveZ9D6-Emum7tcAqg1TDxT4IafXA70ChuGrCPwNcc-rEojyzJO4M6w,DIAMOND,I,44,157,165,False,False,False,False
eyxf3pe_eIHUNO0SL-SunIILoayNNxQEOVVSiV_INf-CVHYt1zeSaLOxU6IPFz9B4JwAMtoDQIbhKQ,DIAMOND,I,50,253,251,False,False,False,True
xHOiyiEsZWZGFUp8wxXHJ8Zt34XVBbAltMtJfk57-OVXtmxzwFeNJzEtl_64I6SyshbXB7B8NdmBig,DIAMOND,I,77,70,66,False,False,False,False
5BB7Jbp4rbfTO8OG2aIbtTbpJnlr4zShEE7zohPPCl9pdMjpmQ4UC2tO1YE0QME_qfV_emsSx7YmFw,DIAMOND,I,9,196,194,False,False,True,False
n5WAwE_OsAlOQsfbXxvATBTLV6uNnKDEYroHpR7Zk-2wq6zJ86rLfhX9Pi7xYB55NyVHSIKQsWRoUQ,DIAMOND,I,75,80,72,False,False,True,False
OhPgBifoBcA7BxwCth6CKkIxIvhf-RU1tnJCDt-SbjWp4nuar6N7gejYFZyoNt2VixLJ2FDc1KF4wg,DIAMOND,I,77,78,44,False,False,False,False
OxILBTSY66ZeUFsDmudMDP_FzEl5L3MnetrfLXvwUr3KhR2Ciu7QfNAyPEwt3QPMXCuEQvLNcjQtng,DIAMOND,I,41,88,71,False,False,False,False
VCuJkFCZAt-A7lERsPT2tuLsZcTOozRCOqZRsL5CvZxnu5xsa2FD05kxCA98IqkGmq_EFzKSKJfYsA,DIAMOND,I,75,136,114,False,False,False,False
ykXbu5FJGFEjHUnF7oiZOf7pP-VjN7ZGn4x5FSk3fCyu_npTYlDkGGdEVXT-rmscIFXyZujXOpLt4A,DIAMOND,I,88,227,206,False,False,False,True
9dqpG6a-bBj8A49izviMhq08TOGH8hmlYeSNH2tMLTNM32hcOZK-EQhKQuTgTdK-r8mr1divwIH7QA,DIAMOND,I,97,48,43,False,False,False,False
RJ7Y-a_DmKr0SPs2Cd8RWPts5FfTLXwAkD9KrOXe2qFpt1gaPefnqVGMclY6ox-9FjL73_LJLQQbAw,DIAMOND,I,75,162,163,False,False,False,False
j5XXLBBznkEhKJw9Cf-lGGRIZM9op1C_qZxhl6w6-aEn4wCKfuHiaYtA0o9CsMd18hKiyIWLR_ZfGw,DIAMOND,I,75,48,34,False,False,False,False
W9DBlY8Jah9FAAEXMQ5VpzqAQvyokHWdXghCdns7GWZGEj1js7TAJ-o5_4ZuaSVMhCNjIUFSd4ovdw,DIAMOND,I,10,51,43,False,False,False,False
rb6adjoq5EvwWIga0jyiFEN_tX8qDCnk8YCZgaV5ppEUKTrvSLHG4p5SGOWMvbk53YwvxS-9rKRr9Q,DIAMOND,I,75,307,287,False,False,False,False
OUHvXKNviOBSHhKehZ3JyCz11qzgIcXlM4Mu1X7j0pDoBHxacd1uzif1ORJvGe2vR92YsGi7wZQjVw,DIAMOND,I,30,141,137,False,False,False,False
-V-GUnZ5tah-1vdS0cq9WBLMYv41AC_qD2tLn-1oLXcFwfpx8GFQWYU5nuAJ9-GBdUnSs-HX_M2Fyw,DIAMOND,I,75,49,48,False,False,False,False
qEGM3u82QsQAHkPpZb-Ls2zJuBYwrChtyl3kEZnZwfQ5Y90U4bhEOlFMVATOVP2x2nYSnz34E2D96w,DIAMOND,I,9,547,583,False,False,True,False
ujChP3jslwGNwY17jJJF-7mYm8FTGZhpTYdlu3pph485b2AFRNlRA7AXarYKV9XRcH_V6JOnh8OQlA,DIAMOND,I,65,80,47,False,False,False,False
UkNRbnhE4l-GQ8PrkkGJ9VNJjeTwjPsm1cVgaJVqWrYAE3ie-32sL1MDNI-TRDvi5LDc0w9Q2p1sYg,DIAMOND,I,55,155,168,False,False,False,False
651U2oSKFyLPt5yeDBxCgcplhAeFhZ7ACO3G1RPOKHHUG8FBXk3WzLxSZszZ_mBrjNhP2B4pUOHf4g,DIAMOND,I,57,263,251,False,False,False,False
Wq7c1h016kby2ckmevTIlkhVh8huYxXQOANB5BvthY5pelyPk_9OFM_ZmOfBHnFJJfW7NLGqp5C0RQ,DIAMOND,I,57,445,418,False,False,False,False
lZoCHxgM4QO1cE2ZghibpCXhSoJHGmBi0qqSjogLajq9UJntZfmpqDWRKAvS3HZCf6bIhU4lM1-kVA,DIAMOND,I,10,416,413,False,False,False,False
QAOSWzWkfb506E_r-lIY8y_F7R2RP6EbBBDID6-1iO7aNSlEIbNkI0H-IB9n8nus1ANYe59uOZp35g,DIAMOND,I,80,92,73,False,False,False,False
Is4t3Ob6ykmaDtNQS56ugsVNrIQYItBN0vgOjyEax3oi23OHz-Ag02KG7ABHN-9dfz6R7FEWXxnaQg,DIAMOND,I,75,178,176,False,False,False,False
d6z7Jc69jkAcu0Rxq-s4I4z3Vhnd-nGWY5gYFNi2t5FkefhZYMG5U0w59iBiYFsqN8pKaC6A-u0CeQ,DIAMOND,II,29,150,122,False,False,False,False
dB_XfHgUBYPbebh8QdIbhTbCfhFe2Lxd_vZEoER9o12X-uZyDCOyZZwijw1qNzpaKXSsPPNWHu7gVw,DIAMOND,II,75,41,35,False,False,False,True
0Ka3TskxyeTeHfPD4ue25wzpUfUC0SzqVYsCeG5Gh7lhzE_av0izepxhFXEf6X2b9DfYVa1wgB3CeQ,DIAMOND,II,45,90,87,False,False,False,False
Nbg3tKbg_rteYMpe0tBA8JyWrsMLCcBkjguPCH9L2OpxlK15gSdbnBL0RR-xvL-B4vjENaCv4qw7LQ,DIAMOND,II,15,174,180,False,False,False,False
R9pPGU9YQsyeTTTd0fqDhlaH6EUyuPKFGYH0y4pnNQVjGUl3WZTD1EfjtAswBvgnUokJ9d8fpmkcAw,DIAMOND,II,75,123,112,False,False,False,False
eqdS7s4KTOxa77E-TArWbRvwF2AkSV8DYi8XxYqheLAOJL488zdawfEiSe_v1Rfw2KMAnMwxjink1Q,DIAMOND,II,70,87,81,True,False,False,False
S7ugFxcf3ccxkr_aT7z8TG9k6ijo6tkq5Q9E8ZKIA32o9jURPurQPKyv8FKtfERVQdIyW-7QDXBq5Q,DIAMOND,II,62,46,28,False,False,False,False
0hGd-VeaLVFs_En3DDpgx4zwZjm4Q0wFHpSKwdiNT-ARSe9nbGTxyOqhyQHuyrpMqHam2Jh7NnSrOA,DIAMOND,II,75,72,67,False,False,False,False
VFUoWjIdC3Kp1JdK3n8EfqkCS15YeHDgZkUgLhKXYXj-KjKwuJwBDUzU9H1eeI6FlA9sFK0aTalrAw,DIAMOND,II,75,308,274,True,False,False,False
SDbgV3UCMZBE92ZshvwaHoG1c8s3yN7yvlCcN_R5xFyLie3eZ8wpht_y9DM86NAY9054a7rP9O44sA,DIAMOND,II,75,126,104,False,False,False,False
2kP-F75DEy_NyiNKHZ2XqVkIYMAkCHuNCDdLxXvyXEkPOfnYli4jP-XtSC-pbyuEjXdavuu4DqtAJg,DIAMOND,II,36,159,145,False,False,False,False
WnjKqxIZWFEZa3P8kCSIBczUSUzifNyu18n1rtmHd46_F8_xmw1meUFRInGlpYtH0pEQeShfpKXEKA,DIAMOND,II,63,396,385,False,False,False,True
pRUBWTc08OyadYNaXRxz5A7cdDGL5_1L3wNydGuAs_cF7WcwqtpptPk9SD6r7o2CX6g61xKuh-v9kA,DIAMOND,II,75,29,26,False,False,False,True
CN4zhx60UVhec-VXLY773qClyjW5aiqg23yvuyWGSPpAP4keAqjQq-2mJsB1aPJCB9tgpDK21H0nBA,DIAMOND,II,75,75,60,False,False,False,True
wqqk16lRFZ1KQcd3HHYnoyxnr3MkXNZqaiPDaJw6PFfehiIgwE3pgUh9Eyvq733FWUJ1ZhTDB1eVNw,DIAMOND,II,9,553,532,False,False,False,True
k0ZVAc1Lw7NcbyzwATxbve09nAva4lNFlSWhLCjVIWQb_Myudanx0_CkbFacMAupaIelpyt68pRf3A,DIAMOND,II,75,27,23,False,False,False,False
7kVzmDuib-GN0LNS6bqM3M2buUig9CKAwc9B2rmKE41PMGjykVkkT8Fh267jy2N6gkaWijSOj6Tudw,DIAMOND,II,11,300,289,False,False,False,True
xWKFV7qHrdmPPLdruwPvV90dDwUyP8xvu4JldiVX2IgeEEbNFkwT69bKRNf3ITdMW51TKF0KgHrANQ,DIAMOND,II,75,31,18,False,False,False,True
YdoNHPJ4nE2sJJs86068Vx4iC2PCzKm-tzV9v3hWi8yS-dzbXdewujeffFaN7IvrARljw8nTLwbqPg,DIAMOND,II,93,72,63,False,False,False,False
JhVdDQi405gNTpXIJzJ7dPrHID3_QSAFI0-l2YO3WTYK1DNlH6PNFaguSsk73mWDox01VW1jZxvvrQ,DIAMOND,II,75,45,25,False,False,False,False
8SzBL6OXfu2hBnBewR1yXbPe2Xj64OVeZsunRnVp1S_yxKQKdAaFUXnYSwmd8ZJ8j0m4Q4ub_iAVPA,DIAMOND,II,85,76,88,False,False,False,False
3f9cCQOSzgqkxza7jjM4njdmCIVYmLw2tPd6Mhi9UdWVv0vGkxy9bgMo7vvXWPx6YukIQr4asAKD5w,DIAMOND,II,75,112,95,False,False,False,False
Co1GF-o8pK9zws-SNCXrAaytKsLgvKS42JOZLEWf0m1l8qOJnMyH7H_G3-LDWZXwfyeUdAqZG1ZdQw,DIAMOND,II,3,126,118,False,False,False,False
jgBw4nWi00rEt5G1y8WM82Ibo1tkzSPeult094_Z8gEoNDaOP957VpX8TEfaMn9Nm28PfngizooIxw,DIAMOND,II,75,135,133,False,False,False,False
3lBF4eCFvszXBtPYFeFT2gcvJmvDu_jFBfzkg7bLFRgQQSnyyXtJWT01zSkII-SpiumNxI_b5m3pVQ,DIAMOND,II,75,161,105,True,False,False,False
yhTAYdz4OF6KuH5k3nphW8jPF9wWp35O3_CnNyiAyNz7FI_7RHDXlpDFi0iXDR4KMTCazndZPjCYXA,DIAMOND,II,51,48,45,False,False,False,True
w9alRtO5_5d9yFd1ynxV4SemmxDKTprz8GL3BhggLKQVp7hEsltl6cHfKESMMpPvmz9nSWWiqCIVYQ,DIAMOND,II,75,141,128,False,False,False,False
Jp8QDloRx1OTlDAq-SDnTj_HdlTN1gITxnOySaoDZvR-cvMvAaU53jCw3itfxRu9cGh6-pTB9r3gFg,DIAMOND,II,53,175,164,False,False,False,False
2DyuPMM8N8QZePQT8SVXMeh5EdqhTxzc2TLkiXnGw31MQElWk7AKtmXb703DxJ6N6yTtTWK3a3uldg,DIAMOND,II,75,30,20,False,False,False,False
Kl7Uz85tA2ICTrj1t2p0e9UKMf7PqgA2jQdiMBwM0iVuig-E1dQFDGkFB-eO2Vy6JhITEUgPi3Y1Nw,DIAMOND,II,75,100,81,False,False,False,True
n5uA6iVSeLZn3JnfKQA-gUBR6wmxkpS8uwRW8_ZxbA6IyDpmYdOS8iZVykgUixKyY8wAb_xAqrrvBg,DIAMOND,II,95,42,53,False,False,False,False
qIVYYhs940-ACOk7GdSKuxM6J1vNYD1TNb16EfoCCl4nEaeITQ6U7a2TqzcKYc5_a0lYv_hi8jSwlA,DIAMOND,II,75,90,91,False,False,False,False
fpTXXePthEyWf1o8L9JAmyws71Yf3LIO0Za1YI7WpMdV7nHCI2AADLwOS-Wp-KVcGu1940Nrj6khaw,DIAMOND,II,75,66,37,False,False,False,False
XC_h9z_uK-r5MAFo4G8POrxr1K_ZDqW6u6VUyOfRLv6qNDe62OdLbM78jvJbC037i0cwsN1kMeu_jQ,DIAMOND,II,75,132,152,True,False,False,False
-ZoD_DMl7x_Mh-fpkNHvbwP9D-FQZe___a0GVgkROQcIEsrHlzVP7odsPRgrHejFXooqmMm_u4H1Ng,DIAMOND,II,22,116,114,False,False,False,False
dprgy5032VOTFMa5k86sAvHKbXbv-KTs-zweHFux69Z-WqGrgyCMLjFBOCho2KDroa2sVzeTUenAdg,DIAMOND,II,63,60,64,False,False,False,False
ucDkWl50ZTnZCTQewIFTaMPNYZajY1TZ1BW5GRcapZlkyS73Ilbc6Ks_RjlHsGr9H1SG9_Eg5wQntA,DIAMOND,II,75,146,113,False,False,False,True
7kUfryE90iIy4R2n9pinR83MjAfVKSqMMK85LVVNcytSgzfHsYRs-EOjZ5JBPvy_V1aGSPsMExIwCA,DIAMOND,II,69,129,126,False,False,False,False
XDRymuOCkp7y_PC1tqlwpVID3mhiQkPQJa-ZM5XJ5Uch0YjHGvcPdGzzbbR5Q70Ngay_d4pzhzDJsg,DIAMOND,II,75,97,95,False,False,False,False
KFeYIT96k6hyPkfQ8CsMZXm0AMUDxV3QAX8zVIgmm-qPUoJuhwxpHmHcsFqebDWgCUMcCsg8rZPiDw,DIAMOND,II,75,65,60,False,False,False,True
kDCwy-N6LkUreFfcaw8HA5XoZRffE0tbgZdSPHPgRTFk9ck2UelyVWP8V-mvpXqngdiNDoes96jEwg,DIAMOND,II,84,123,103,False,False,False,False
uZpOKmyn7cXlG3m5WLUFieQNEeXUxU_ykVqJ5-97W9_AMVbDkD0pbU5PvjDv0r7djwmw2SmjH_u9WA,DIAMOND,II,3,146,140,False,False,False,False
wBskkm6Bux38YB2MUX3BMJTxsnXDMTDp0kikxUtBe5Ofg6SB7e-GEYjD236LktH4r9zj7TRxuST7zg,DIAMOND,II,84,254,238,False,False,False,False
UAdq7FtUpY_YFqLviPksP-cXb6OxayE3dSRxyzK5k26sT85xPoOK0bfLpXPBdtTzUD5U17a-BR6Mbw,DIAMOND,II,75,164,148,False,False,False,False
jOHMFgPNO8DO-9cPLzBdfXyKkb7ZxiVbgvg4KEIu4oi_XEnIi3nFE5vMKBJVofUvOw6ZTgDpso-nIA,DIAMOND,II,11,28,24,False,False,False,False
s6Lmrj7OWituUT-j4RZFoH_WdV8MLMn6CREX59HlYtsNsaphGjIGrLFvyRG33EbM6Ei2X22jHoyw-A,DIAMOND,II,45,37,41,False,False,False,False
pwPexIlRAGgMcfyPs3zyzwheb02QCPeSafv9PHuZ9YynavuALiH4MurKbh6RreYyl_0EmK1S3MMVUg,DIAMOND,II,75,100,58,False,False,False,False
9EpKf0w23ljO4e7z-Gt3-a7H5Pl0rG3VYr2WkCGa8rp7K1qOWx9GPpqaoJYKHUJfSm7NiTwMPrlrjg,DIAMOND,II,75,76,70,False,False,False,False
Gv5U8dRM5nhX72QW4p_mY8l_4SbMijsYhiLnKEDMr7L0byZ6phCkZST2tKrdWI9SvEEzh0EKTTewdg,DIAMOND,II,61,385,378,False,False,False,False
eu3BtzWe_37XHwxASs3XZ7RS_c3Xrn63lh9t5-Cc_WshCK93jezSAdHLhVrM3lUkr5W-Eb0Ok5cLzg,DIAMOND,II,98,186,180,False,False,False,False
H48fqyR7fjhU1p3gE0rYzOzl421PPd-2Oho7J8OBP1jq7q7siaJBLOmgZlc_MES3O8J1PLDYLiFOkw,DIAMOND,II,79,392,402,False,False,False,False
jcTekYgg8lKQVmmFZyY6OFZYLKldC7e3Bomt_DLbms9dEk-ToWwHj_VxSv3J74SnKPqq1RITi4bfsw,DIAMOND,II,9,172,153,False,False,False,False
dE3egVe5Hskbmj4qu3Hc4I34fyFrHVDo6H0wcHdDqt-EhvlUptKYaT1kfqplPGghVDtbu4P9nObJ_Q,DIAMOND,II,76,408,409,False,False,False,False
GhWko8w8BaFuAui-qXgJ1snZ8xUwYDTYgx1qTF5YrgwpsMaOYFTuXrgg2NlokEk-6hiTv3oajdU1Mg,DIAMOND,II,75,145,140,False,False,False,True
16cvomR9jFZjZJgRqRLSZhZJL_jmtLnzHLo-p0LmMufJ0Goq8JdjFBIaBEzX981yPV1GQvtWKNQQyQ,DIAMOND,II,54,46,29,False,False,False,False
U7l_D0k9eEDAo46fBYjLhDAoa-uin7DyDVJmoUiR0-S24BEA23-b6JqEBg0LypW2INuieNlkLLxYIA,DIAMOND,II,3,386,366,False,False,False,False
Z0GrFkRGr1-D2QcybwW3wr3YQQbtdcyCMbe8GFC-Sm89hl_PJAimi_yqj3LX1CrPUPn0RAE1RW5Ocw,DIAMOND,II,79,218,203,False,False,False,False
EL_5ANNwjSSK0eT3Btg5lx-YT7exn-1sKjSfvwi87bqdxaEseXC9dBvzn4UkVQyZKpHdEfsN_tBnrw,DIAMOND,II,84,227,203,False,False,False,False
gexj3tnn9AqbxRmXY4xMuTeYR4Yyrnk_-zrWZis718FzkLRXt-bubF_im8nbj2WHq38hy4ILg6apNg,DIAMOND,II,75,230,233,False,False,False,True
tRLYN8vY7QW1ar3fUPS0UrrPiJXqu-psISbeM4d4bXe93t0_zvzDReDK6TbVovLfJm9U8i3-4Q2xKA,DIAMOND,II,75,661,620,True,False,False,False
xgnzl8fhvE6hX--Rh7RiR2QekQyM2N3nbXyd-9fkJj69-0zMVsHU6STnWnzvKbXonShCzhRzb7ZKxQ,DIAMOND,II,83,101,92,False,False,False,False
qnB4q2pokDpKwer0OjA-RhLZD9J17jXJGrHM7qc822K6bP-5l9eUg36kxRO07F5e-jV-FDV_nYcvdA,DIAMOND,II,75,144,143,False,False,False,False
Qy4tg1YjBmi20kuGr_BE84kap_j7ymiU1gje-9xjeJSOCTSQPtiqUczqUgd2edkzlLdbT7KQDf_nhA,DIAMOND,II,53,69,85,False,False,False,False
cCK4Qceu7ZS8yt33bqVB6NeyrFfVXMQ-QlqBETsRhsvzepe1HP5mkvu0mRFYzrZ8tkanr4E52-kHKg,DIAMOND,II,12,92,91,False,False,False,False
83N0itXVX7fHvs-UI--oi71SMdB2YjaF-0UHundveHHn6Qx4fscas3YUUAup7gI_d3qz_fz1jyY7fg,DIAMOND,II,75,197,189,False,False,False,False
nKVUJKaWcf4bV5MmCqO24QoUDtCSDwyAdzrOc3_OfBtsUVgFNktdE2zA9PmQZWnW5-3G2Et4eIMm1A,DIAMOND,II,75,249,246,True,False,False,False
qdMWcbjRUJGbiKPGJSLIcd1q1F7fZOHv5nS2XFr4bagqkpfxvAebCoo4djTCSS32RF21LxtEfZHILg,DIAMOND,II,75,75,57,False,False,False,False
8sEpO_Q4ViSQX-NXtnJMIS2EcKwDHpvarbIQzHO5-xK2U9kXVaZD2yVotTx_9FMkIO_Q9cPyE0bRnQ,DIAMOND,II,75,87,62,False,False,False,False
FIl6L797hk8dbZ8DQXOuOvsFzJgfPFD787cwEpq3WQv7gk_-HconlqFPJZW6MEkwr05khWKBTy69MQ,DIAMOND,II,75,111,123,False,False,False,False
7BX2FT0xW9yks82-4UPHfrDKD8id0r6OKHzwLj5b0Ns7Z6SIdqStDsK89YHTPWPQm7TCJkuhnvHiTQ,DIAMOND,II,86,23,18,False,False,False,False
iJ-Ij1SUB3zQY_SsQK_pATvl2wGR9Kk7yDF4H9TJqfccm01SfGJZsjgWBff_xUdf075AxUVVsJcTkQ,DIAMOND,II,75,29,20,False,False,False,False
fagkxfMlAZndWdnodwfRE2a07WAjQlMq4toUoP6ABA2DQKTjvuJy_zz-kplL_gmGdWcHjaBWa_3EIg,DIAMOND,II,92,174,139,False,False,False,False
AlcqLEKbqVDPn6NL9JZuYJRnmhc27b1qK1vheGJyOtpBQqu-wvE2SQa5rVO69zOBoC8xLR2jF3nDpA,DIAMOND,II,45,121,120,True,False,False,False
BYE2Yn49raUgqJdiWymD2lxafZ5vju6_l-csa36gjP1cZBzrMwZJ3w4gohAot9mmboBziIiRYhvhYQ,DIAMOND,II,75,291,291,False,False,False,False
VbkJuksQPEdYRDuxCAj6pK3aA47jVTTCFo9tm2Tl6m5CNwQpTr6GRZC_LnbtXT8KdABL54BP8JWKiQ,DIAMOND,II,40,38,47,False,False,False,False
HQv_hDHaQA5YY5EpkUJXgBP8sEg7dXhpV60X2-Mge0PicnMdaN3uAnlkDqVIKPDUC0MWmG-f1z4-Zw,DIAMOND,II,9,280,276,False,False,False,False
4W4imNlZPU11wkJjamoU1urHSc651HR-qXzaGwcv95qP0XvSxlFVjlCXzpWOM_AzuX6GCXYoQlEtQQ,DIAMOND,II,68,164,163,False,False,False,False
-FukwZjLvYS-jJBoYM7BUECfb6p2WYqtWOZyNqvMuEJJ-ZCloZQOS-xsPmPUuHkDkE36iop1767A-w,DIAMOND,II,75,99,83,False,False,False,False
8-mto4FlhMdnhXBvAZnqio30TUdcXxmk3CDlT1U9oYux_AHsamFOyVY5MwjZN6V8ozuCmoKuJoWd6A,DIAMOND,II,75,53,52,False,False,False,False
f50GMBrABN6tURRWTqGlOB6HF5EZ3cOQLvywB9o-tVV1zA943iB7LlsRxhOLmZmMnHwa-DC63KM44w,DIAMOND,II,75,138,118,False,False,False,False
lx621BgAcROLc8vouFWGScwOPX0J-pzerXLsTQ5SEQzA3zEC3LW4m64G40xmocMeXdRN9mF6R2WYlA,DIAMOND,II,72,110,114,False,False,False,False
qzVp67yFD994qRKiIhc8rNQE5_vY2xKM_le37RpsXz_e1RBeBaWEJcdYsFUHyIKllrB0pc3Siey1ag,DIAMOND,II,3,654,667,False,False,False,False
tgybCtm8XKZfO6vMH07ZfbF6JQ5HyB50y-2Bgz4phPyYC0gje7PcY-O6AdzXC1qD7N-rxc3dObKClg,DIAMOND,II,4,264,278,False,False,False,False
0vuI-PgtI0ITJ4L8CKDlOOSiDd0ouYP3lnIwEkKNVsZdgCOu0PCUB0AwX4D0W8OHsebkwVc1sNmM0g,DIAMOND,II,46,523,504,False,False,False,False
9W5BjDRGT9TAoNg5UR0m4MQJPRhuB7Q_eGa4yllV2LDIj21nIvNTxh6ivgDLgJrDxjeyxx1kUcGpLw,DIAMOND,II,75,97,88,False,False,False,False
k3h038XZoiZYggQkg60kmCIkJ1kFpzdAmgewapn4pSO3owoOg9tRHzqaeEjt83Rt24MhnTda8jF1Lg,DIAMOND,II,43,154,149,False,False,False,False
mQT3o4YqdT5Khyx9HKT1aneop2m6DpJHuE9qibHDMbbvO6EKt5H9dreKN1HrUVMfaNMSuLzLBxaGAA,DIAMOND,II,75,99,81,False,False,False,False
CeN-10hsNBzCCeGFWsFR4ZGwVm_eE4Vvc2fsEvjN_c0q-Gm9K0jV6iLEZCZaywVGzltNC_nfM-3-Zw,DIAMOND,II,1,149,149,False,False,False,False
UkHndsvkh24YlYHwTh6WyQQXqz3hrIPWgl9JVHdoFOuUm1qJUYAk8VKyw270RwCTcxgwU1w57aCLZw,DIAMOND,II,89,39,34,False,False,False,False
p06xcG0PI1-u19yRUnS7VDdaQo2sds8NXeGypJKV15qnXzx_WC3VSl71hMI7E2t8WkgDnF7-dnJR4w,DIAMOND,II,75,110,105,False,False,False,False
JfhAbg58z-NGGdxKY2-vSlhFouKK8BY9klE9KNxBoNT_JRBky_Iv6lRu5ziG5iKnCy1DDcX7WAzpCw,DIAMOND,II,29,112,113,False,False,False,False
wc33o8z755QKK0DwYYuAJBSKARP98EU-8lIOVB78W-rbiQXtJT57gmp4eVn4npz4YYTCMSA4X75AVA,DIAMOND,II,75,119,91,True,False,False,False
Z7PZsBkQzCShvBqgrco8zAlCxT9mN3m2JonJVlgE-G-XY6a3aOw0K_qJkyupFWn5wtZG9xCVQgAMQQ,DIAMOND,II,65,50,37,False,False,False,False
5XhSCOmJMJaqXsfnncrfG3iY26_Gzh0FIQqjNh8Rr7hiqe9cAhRd_Gz1FZAIWWSTtOjgQ4DslH3H9g,DIAMOND,II,75,195,187,True,False,False,False
ymjlf2LyXk9tPdW0rK6NQbylzol8dAcpgqVylXwBG0pwmT3OTPhEpeTf4HOclPY02wNBOlRfI0hs2g,DIAMOND,II,63,238,224,False,False,False,False
5X4RvQ0ixWayHSm46haB9tJ_6PxD98zHJnGWzUZO0m1eqWODddXOybEarvHGqi__h5nr4wpTRUissQ,DIAMOND,II,75,176,150,False,False,False,False
6kCzBSbfONIc-uzSA-FUKdB0q7LNfAAxUhrSmUxlW0K023TG9AVp-Lg00rcGeeYVXIF8GDcZPSip6Q,DIAMOND,II,75,127,136,False,False,False,False
dMZTWgjay5f8YkLhI_vfEJieV44wyrd6yAeiAs9ApoceMCcQ685WPCpcJR7EASiDTCKPB1tn4KbJTA,DIAMOND,II,25,184,187,False,False,False,False
D7peK2yUwWDzqkFzYtIYeyT90gVwUf_pVPkIXdr0HN8o-uEXHd3meXZjA9DDCuepLLU1w8uNre2jKA,DIAMOND,II,64,39,29,False,False,False,False
uxeZKgwfyNlEpisYQain2vcaQAGUcvPoZl2BsHk-wzrFbNojoFvgDA0tM4zn1vwIbZeV86M_4jVgGg,DIAMOND,II,91,165,156,False,False,False,False
HuzLdEMLivJD8eMa8FOun8rsDWznE1QzmgBGSD9OaDdwrrWBejirfmZAYD0FanoPrGsNoQWWRlCFoQ,DIAMOND,II,75,260,239,False,False,False,False
jJGfszLn5h_dfDv0ceDTK1QvFiFRbrfWpCyaG2gzx3sl78FADGoRm5iqglS21agSbamLeUi2Jle9yg,DIAMOND,II,75,120,111,True,False,False,False
yCx54cd7TjvRjhb9xK_KCQGp19t-oDdiZ7PlFnSI7xzELq5yJbDSoKFtosJByNE5ohq4I4E49fm9Yw,DIAMOND,II,75,174,182,False,False,False,False
DORMUeozf3fQuHBe0_acmtVXG_8bNGggdibx6r-armEMSZ3CX1yL1dedsHOW6FPElKZdVrN8Faahyw,DIAMOND,II,8,154,130,False,False,False,False
pqlvf0BQi_4_yzNFFgJnD6N3aWvtZG-AY0l0jMPNulaiahwwvCGO0hX-QPWd0V4zTM_j8dGo2GPJAg,DIAMOND,II,40,266,241,False,False,False,False
d8h0wOr3AZ_QBEwzSGkFZ41kjP8M2_pwzAnim2s7gnQfvSFBOdHSz5n_bj8qkiA8xbMLg7WK3WS5MA,DIAMOND,II,75,88,87,False,False,False,False
Y87Z181MpF9fH_UNj6j_-9ttHuoYi1Ui6ZC_hPHZWLCZc60I3fiQEBDnctrzlh5mtv4vQkZbRYU5ew,DIAMOND,II,75,101,84,False,False,False,False
PrMiLQkpELIm3jILe8vrYv7jaJBOBx0vDuJVM0o1BKZKLF-tRticQoIHlEjlPjddatcZU-vIqxSqnA,DIAMOND,II,50,34,28,False,False,False,False
NJZmeQkETDWdyIjZc7zJ6myp5PZGJ30ZYpVK4ybbCstRts4i3RsMZtWGTgpqxe6FyZFRrqI3_EVDlg,DIAMOND,II,75,274,239,False,False,False,False
8SzgH8r8a1-2Ad9nKfE4mGN9Lq7jYZB5hcvS9gWX69FfEuuTOCfxkYcOPnZiBMKwGJXFIsFCyUiQFw,DIAMOND,II,99,125,115,False,False,False,True
4QTxDWQRNru7wD-CeuBU-dF9HndN6ogTu6hc7nCUps7tjJVGotWgJqF3tQ264QZJOgWE7alX9xBEbQ,DIAMOND,II,75,73,59,False,False,False,False
EhUuLSQGmwRVdK8lgjQWlgXUrS1zig-cP4H_sM9IM_laNfP9eHz2m7mCLfGqb2TfXw-qrJ_OwUrwSw,DIAMOND,II,75,107,108,False,False,False,False
GBzWuGw8dtjUvSPKl1rxvtjiGf0ZIMIw0NaABi5WbwUH2mFomtXA_ru1qU_6vWYcn2QEKfa7nNrxPA,DIAMOND,II,25,208,200,False,False,False,False
p4siXlLFv96mxXRiVZKIaYduC-FoP-snAd5taib4i_8E02a5-u745ZD7IWRh_hUgl-fT3M6NSSkXBQ,DIAMOND,II,75,94,80,False,False,False,False
5Z89MPeaLyGrh-OklwDhBv2-7Pmj8UGnmV9KSdio_CPR8JrgU7qj77sY29LuUmslKViy4RdY3msp3w,DIAMOND,II,88,80,62,False,False,False,False
nOg_m8X1k3U-pccOIxSMYks-Vvd8_7qam7oL-hD45uqxDnfDjvDxjh5nhqLTjuHbrw4S2wg_6ztkIw,DIAMOND,II,8,81,81,False,False,False,False
XEzQfmyyIJdjuBLmCs3Gxo08Lr7MTZgR7JAqVp8BqDw3EqGRgrcVbd9mExRlWcjVix6PTio8pVQ8ZA,DIAMOND,II,26,263,235,False,False,False,False
wM1ZzkGjG3zNa_wwPgHuh5o-ttvEbS_DAX4babOwTG6l0n-CfFyD6Ff7tavKelrN4Wni0z5XPQJt7A,DIAMOND,II,36,493,492,False,False,False,False
936PeyU1mMej1iF_b5tRkrgQMBrFf5TQFVXSZToBs5Bc8S1vxhgtay0RLxY9bo9fhCvSjwctG_wSMA,DIAMOND,II,75,66,67,False,False,False,False
1_G8rlSUgF4BAj72EErl-6O-VtOSEEYhVagvGFyhwZ9aPGtDC3XNvh7hqwZBFt5gDo_iqbbszmgQsQ,DIAMOND,II,75,212,198,True,False,False,False
iGN3TKbqxjdg12EZ33xxwaFqrdp9LHT3WfPEzMwAJM6NPEhK9dQv7a53zgdautaCDIyaHHcsi7u25w,DIAMOND,II,75,117,127,False,False,False,True
YTItZOyiyx6pd5OoslFgFDfo1K1SCb59b6q-V7AAabOdYskShC4_cNPwkOXu8hW17gQ1F8ceHzwZrA,DIAMOND,II,57,142,128,False,False,False,False
sVIfQfxspkBYCyGSYs0tV_6cVT7sc17OsGLzmL9OqfbuKU8TVsyE3-nRrJxChyxfhtylUO7PffaReA,DIAMOND,II,32,66,59,False,False,False,False
7uP3wiUiL16hf_WadvR9g2704nBqAYe2ABzpxS6CgncNZo_4-GUTitzhpglZRRcxp2D50qW-Q-2EdQ,DIAMOND,II,84,224,208,False,False,False,False
0EvpbSd_EMP_3i-NtXaLJ6iDfVC9SvP-G-rB7BUeLESa-0qeS9ZKjbRK0oP0iw2pBi2XLGZJWWhLCg,DIAMOND,II,93,214,202,False,False,False,False
5JC37ZfIuymIrELHc7oFkOatunugHlQPKt3TnobyN_Ut61i6wo42fteb6SdgmSsAbczWRdERGNdhFg,DIAMOND,II,11,101,99,False,False,False,False
DGIGZst3qGROGOjGopYn_lm1kIeXLR_wAio5Ee3Iqy9ycb6ZynkkOcyBMf2e7lQd_lAVeJEDLOhmSw,DIAMOND,II,69,72,75,False,False,False,False
HrxDs1a_9OGiDraaLldEpdy3kXABZ7LLpXJWupxK4jS7QhA5rCN6gGx9IuRzw9xViYN950ZLQaPuJQ,DIAMOND,II,75,33,21,False,False,False,False
TzVAFo63dv1VmFI0aEXcOnnRIv68ltkEdLx0hvg1C9WEVhA6SPPeJUB2_H0WZfsG3_VhepKy7Eke6w,DIAMOND,II,8,313,299,False,False,False,True
LNDz33eD6ZwVqaYtZLFQy5NPLd4UmqKCfzDXNfpCXt_EsglKJOwhyLA2ulUUG__7itIPhP_ANNpW1w,DIAMOND,II,75,63,43,False,False,False,False
1TBa5srJZzxvy3aiD6pU_3-THd7WcunKWGCiePelT3yI-N1G9fj6sK61sNpqcnG0lMBq3cDAta9YAw,DIAMOND,II,75,97,92,False,False,False,False
NFml3FLrJNTN2frg5rV8Hm2Xy5H_fvFo44WH9T11wne3bIk4-jo_lFSyOpJKQyeTQp1RlYQx27GLIQ,DIAMOND,II,98,60,54,False,False,False,False
8fk-CCflwZ2aRAMBobR4HKI1QuwL7j16b8myS8fbr_X3sbA43X_1fzCPJ2Vns-pnHg2e-ocBnHOSEw,DIAMOND,II,90,278,264,False,False,False,False
CW4hUlgFDgFKzmWEcPShLlMyMB0NxZUAezM4in2sLmdJlCM3m9vcwYSsBlvmCdd4lHoyEFUvIndvrQ,DIAMOND,II,28,271,242,False,False,False,False
sgYkd6L0ElP2cgMInDqg1lsaFcNhlHttuLuCZ3eDfQax1lnv-XAyabwcGl0reVVZKRdFGYJ9AmoUPw,DIAMOND,II,12,628,618,False,False,False,False
23F51lqgnP4K-MP5oZdCUsxZX0bV_73Te0qOOZ8_Exa6IQaVmsLAVTqdnh95US8lLlxsrusRFOqJgg,DIAMOND,II,75,271,236,False,False,False,False
mpyIFUsgz_M64khvwFdPwKCvBO1Z9p_twh_pqgrskty274N6M-9EOCnCUDCtKGvthelRhToHeM6ADw,DIAMOND,II,19,62,67,False,False,False,True
BuFShVF23uvwYjfYceWgP3zEOH-na0e39PP_a_ZitPZAgvromcxbf96D7pcfHhV9Oq7-wwoW7qJv1A,DIAMOND,II,75,189,165,False,False,False,False
a1f5sI8DIMFlN_qCRqn7h7TQpjj-FiE2mCbuPC4A4bLwoHWaQAs1qOQFRW_-R4ufORiKV2IRGgi0lg,DIAMOND,II,75,65,60,False,False,False,False
LbbtOJq1TvtJhiYk_dgrjZPim9nXkAgAZAsMy6uoxhpBD48xWKSf22DlcxxXItzS8l36CFDEEeBH5A,DIAMOND,II,75,27,21,False,False,False,False
kaf6u3K1anzBRuMq1DKk7ZSLRjICQp-P6Yj-0esY7JBpl9EB9VWWjU7e0rvGE4OJi5-LjlDrxR6YkA,DIAMOND,II,75,55,35,False,False,False,False
ilouV9fqYtL5PsTnS-CcontrwgyXGQsLm7xIjOXBw2ozvuKPJKbHDN3q9N3ZpdZqN_CRp7B72a01kw,DIAMOND,II,81,214,203,False,False,False,False
CDs-thyyWBwYaWUsg--4fzMncWlKKfqayZ3a5pIfmj4mU7L7JUPepxi8ynFUgj7_Fr3lk7_DqGH7ug,DIAMOND,II,75,175,165,False,False,False,True
QpgBfXH2c7zvW_7c8YTljjTcYKF6_UnqBUf5Ksl0WFtTKaCQ0um6T2KrCDjNImWEvcOEGgACUlUSGA,DIAMOND,II,75,182,144,False,False,False,False
InWTk0Aq0CxYUezT0TOpPS9uH6WuW8iSqN8Oy5HDjSOwtqVZ27CMFsEn1GtGskkoWtpho1GRGA7PwA,DIAMOND,II,75,90,85,False,False,False,True
TYWNBP79UMLi1OwOm_NQKe5R9HRWQx-12GcCjotTGoAhaVIfmmG5TssXuvGdfhFwEKpkq8QupDMCbg,DIAMOND,II,33,58,40,False,False,False,False
OOro3oyZQQQiDstrTqqyNDj3RJOUcofd8M7OglQgJJhgqOQXgysv5qLqiHI0CHju9Z7NsOADKHQHRg,DIAMOND,II,29,302,267,False,False,False,False
vuoR4zJljLc66PTdEN-Pgi3uQIc7DlxHsL3-sJoBcCTT7bn6zJ5pEs45GI0oJ8IA-K9BbaKHnLg3aQ,DIAMOND,II,75,137,109,False,False,False,False
xJ0LYgcDG1JroZmesAHe-m2n808dlwQ0Vs--jscnbIqLh8HWrQWjmkSmvkbaVcDEABcaFxkuJfOBAA,DIAMOND,II,75,121,100,False,False,False,False
3YGYjXLvx0CJSXBVZnIeGBdZaTW0eOII-r04ZdxLD0-XBUavXia6KIq5QbK_lZtuLyiOvGt_IQLEtA,DIAMOND,II,75,115,91,True,False,False,False
Y7HBN_8cfTp7G6Dz0Py55yMeK0RXqxwzIMrvX0YN1cOFMouEIe47wzE_6JyA5C3Pt-8OccfPfG4z6w,DIAMOND,II,72,36,22,False,False,False,False
ErH8fBjFZB2LKIui-xtg7GAdjsUoJH9R2VS0wGrOmZTF2sz2zofqFqZQtIF_5SSoqKQXbB9dUdq-vA,DIAMOND,II,26,35,35,False,False,False,False
K0h-GB1FIcRFhQzmXJ51VDFBLio7LlulVFJrvXBtb2dy1Zqu4eDrjtJP4IztWzVbnOE7Y_YcCn8nww,DIAMOND,II,47,50,38,False,False,False,False
4VMSORlau03Hj6ZDyIKHKrf3En_UbpLND2sVJT3oJMKV6p3F1o_CYR8jEZtSNogwdwZIfFipKVqt4w,DIAMOND,II,10,18,17,False,False,False,False
sL8jsT3bvF-WvusAzLCXxpxdIYa1gSq_eNHPIW8scbV8ws8U7zLARBWy1zoPqb736BwrdRpMKWIl2A,DIAMOND,II,95,37,42,False,False,False,False
iVlmbbXMXYo2ThoH4wejAZ-6oDWMwXoYaczO0VEkDGfGDFNETXg-OQyig5MfKDdpv4FDqhuF3Z1_PA,DIAMOND,II,75,60,50,False,False,False,False
jXCd8SkhiXfa1TzKzjlunDHHzSC3FlmBozsmlVSBQ_8v3IFD9wago1TNY_18V0aHXgXWv7J0akA3rA,DIAMOND,II,75,99,86,False,False,False,False
q0kF2Iu8nrRoehOOo_Vtr-YayqGaRy09iUPr9PtuH8bLZ46OG6H6W-3ahyVJLiQfvJTCjh4hnDabJw,DIAMOND,II,75,80,68,False,False,False,True
pKwLKWm4XZxY2fYhvds6byU3QMGM1PbTwfY_MbMYxU8aHpGnc_KODPakn2ajXexydUv8JxEReFQaMQ,DIAMOND,II,94,161,152,False,False,False,False
TgNG8PmvJ3rJBUtwtFfSSxqvz9PlRoSr3NPsl20SpfidSsjpbCBDFbiLMw9oNITKyifNd0E_Zgj7Gw,DIAMOND,II,75,385,371,False,False,False,False
X9zjkijqHkvsPOgmgw7SfDM0tUOFgFSriABDw41u3NKtSAqpwDL4ziyUql5m002uN9eNWEMrzNBriA,DIAMOND,II,89,159,128,False,False,False,True
H6tx36JFasaAvlzLlWak_Abr5MkrA855eybQEyZm0-cOLR3n0fKl4vVYV23Ygu2lJUOLzU9_Dv3IGg,DIAMOND,II,5,110,102,False,False,True,False
md4XIo4A1U1JEIHzECqdQJzH8t6dX8ifHWZge-ADcZ-EblPvNMFevCOpEqcbWS1x7MXB7wg0W54W9g,DIAMOND,II,0,190,176,False,False,False,False
WM2GG4KMIyW3yEBr3h95l7vu2kvjg019QBBEhEH6IqlMhv87sdcxs8mkuSDnmgDMyp16BTMBX6zzwQ,DIAMOND,II,75,61,48,False,False,False,False
Dk8Z9Q3TCkUlpf6ExzPluqT0ER7LqR-NypcX2IdvVD0g3ngApP2WLXw7pMIsibT52SsAVBG4OOAJRA,DIAMOND,II,75,63,41,False,False,False,True
TY1TS8L74kBUGRyjPJj4QqJfuCtE2udFWrLOuKKbHuygBMyYjTnZ_Ex_cxfng5FpIuc0SjtOmUon4A,DIAMOND,II,91,83,93,False,False,False,False
t3RdIuDFjJi6fQ-YWPsroi3o8hcksh7jk2pAGGpzQHUdRfjjvpbQsGFFqZkbnP2ddlLoaiGjX08OeA,DIAMOND,II,75,114,89,True,False,False,False
3oHmWFP7AsnB9WSIan8CZMXG6iiGIwgX0mslGNSrhvYpH4QfiAZdu2ie0F24K8MZZlxkjuW4kAFXTw,DIAMOND,II,64,80,70,False,False,False,False
RhJ-E5yBKNzHrvCAHPjqcE1t_4BH_YL7NEzgU25NgLUU18x2XX0wpUZTMdhAmg4A6MSo3WbA-XCuxw,DIAMOND,II,99,28,25,False,False,False,True
8WZJ7WhQWUZdiTlB5GGrZpO8eeRRyKaTGgI9ERqmDfVhVNYy4DnC7sDHxW5oHlvEK_d6VswsC2W-Rw,DIAMOND,II,62,35,19,False,False,False,False
lIVRqnbblSGj_WjjDGx1ZJe2L2UrNPuDRcTfq80Qk1m7BnlCuVEAuYzD7QlmDuqGWB_WNgoTUiUGlQ,DIAMOND,II,75,85,67,False,False,False,False
GFKJJ0fwvEeCFRi6RME8iqMr0Oa42acbl4tYeMWIqElIAe0RYxoVZDvYbAvtc_QZYJvj4BrvGrU21g,DIAMOND,II,75,73,28,False,False,False,False
Yu-gBFxIdbywAPlfgmA6iM6KlWgD3f4QJqINq3xOtjr37Ho76mbsZVWq_qIIcTG4ZDcWjRHmFqfN5A,DIAMOND,II,75,31,23,False,False,False,False
6wkrTv7AsNIR9KN1IxAWmFOwfUzVNAy9T6pghRHsQeX0dw4uizljIbX3OssDGmAXHM9XpKb7p4FIxg,DIAMOND,II,19,50,38,False,False,False,True
5VLetIOwA42E0cxHKlY2nKYHp2-T4l_8NcBx1ZL6vMAY1f25iVxm18Epp6uFnUmGVnT-4NiM9JvK6Q,DIAMOND,II,52,65,73,False,False,False,False
Wc-ym4yFqpqE70-fiVWl5Oi1K9urt0bhzQc6fQBRJLUTShrhf01o81NNKFmSMFBnzCUSLcThvmdplQ,DIAMOND,II,39,60,44,False,False,False,False
8INBlPbWbshWmDzdf474FFY2l7SANLaDtKFRR-keUoJJJJDgE5KlijGSPuiLOs-wJNNMYZBLGP05fA,DIAMOND,II,75,60,60,False,False,False,False
ekhBg3Kc7A_L-XT4pxcl5vYcivs1JwDzL9gPD_dG9Y3fz4WQ0Isf-c7wvv1ZYhk_UA3CXJ2-R4qFNQ,DIAMOND,II,61,49,32,False,False,False,False
Q5GsXLz5F5ZyahSyFaex2bH6aA9htKdylmutVNfL8IlM-fo44OyUH5FKpxDYi7Y705f-b4CbejVhwg,DIAMOND,II,75,130,112,False,False,False,False
ZfAbLix74a31H5Y-fhSmJJSlGcJdjuKanWPQfJLoZa4TTDV_K-Xu4sFsrm6spG9yF11zfpSP9HnBHA,DIAMOND,II,61,72,71,False,False,False,False
OiynqOucx6wD2l1XA5lUXqg9spxV9DN7T1RZPyKG7mRMaRJTjS5rnjzS2_hdN5nAZmTCaDbnxL9ypw,DIAMOND,II,75,68,69,False,False,False,False
qDLpFVuWJJK-NVqUWKglBnj6CAONZggSgSjeU1vrt20wVjeQk_kxpAFvYyHugjWRaXOaqa36HbzhBg,DIAMOND,II,75,367,317,False,False,False,True
lgx5jkwAU4AMj0SOlcpX97W6FPzY5hXRDY_oNKnzInPhqczsmJi2HoNx_rDl4Wy5Fvztby2TfZyqpQ,DIAMOND,II,75,42,33,False,False,False,False
Gp6sbTNDIt9lHR4Q56FutHLe_FUnKZD3Hx3y9zgybjJIpsot9I1F7BYcqfr1FhJg8uTY0wkC8I1acw,DIAMOND,II,8,137,114,False,False,False,True
84uki2awx01OlotAnfClVZi10Helg-eyj5z5J-x3PnoxxhgI8ruBN05ewfRRXmxSQcubbEy0R5F36A,DIAMOND,II,92,30,27,False,False,False,False
RG4-K8rdpKnKQVJbSwS7ozBgDAA2cam5B3zXRgf-7VRlM25-N540pUsXU2niRbBPzsylEKM9-k__zg,DIAMOND,II,75,168,146,False,False,False,False
koy0YJXU_s4-c-uK-hSsNR5JWILQVzb7poP4i9geeWhGtqxLbFCd36TaSNVCUMkIjCZ5A2xC4NrXXQ,DIAMOND,II,38,29,26,False,False,False,False
DssO8zgoXnBXE0ANVeZEMJ1230KSum917ygOJmpuorntnZLsVaP6eQtjzpsEYG0ADqt6c16zblACww,DIAMOND,II,75,162,153,False,False,False,False
bEDNUEB1BRkoJCgR7n-wLquA_BJ-3c16PTfbyJ1NXo-WE4qaZyx-tTTDtegfjVKFKNMvgPLyIJycYQ,DIAMOND,II,61,129,135,False,False,False,False
HXzlnhcmLGAsZpK_s6-EDSCqOmGOyp9vxkrB6T67wltd9wjptxDNxGVy1B3vwTk_G4PTJKeK_mCxYA,DIAMOND,II,75,28,17,False,False,False,True
_yKgztmDcLH3K8aUkmbPKeT54acz0er9hpM8_IEi__FLdcq9PXMX2xrc7aZkpEOBqCJ6SgSyqSaGqw,DIAMOND,II,9,184,174,False,False,False,False
Ete0L-4REt7A1LV1XQi8GdJx51AVzpMD_q8cdMjrQQJ-rJ76BHEK6fjIdaGrShW3BfI2dA_JHwAMGA,DIAMOND,II,75,95,104,False,False,False,False
A3e442QqNNElCp6AS2nXIA5sI7XwwcWpNLeF91dSTpLkOsBialRQocrxOmpZTyZq-yPnZ3WJ1-ZGtA,DIAMOND,II,75,47,23,False,False,False,False
3Rd-L7Y6lTccG26HtbVoJDdXC1RBO-xcRp32i9Lvp3t9HFPWEoxBSwxnXtbHOYyLcNF7m77ks78O1w,DIAMOND,II,75,447,459,True,False,False,False
G4UA3XPDxv-1OzSHHb3dajSkyua5-Mmp8f3XoPKhTq6AqQ8unVtqS7kY84f9tbsnULTkYCGkS6htbw,DIAMOND,II,75,193,191,False,False,False,True
Bpeo01Qq0FRzDkniPf-Ndx5aMt6ybFSEUVSHaF30XbhkC0NrzRXFnZUV-Zu579vmso5THPKilWxvCQ,DIAMOND,II,9,133,155,False,False,False,False
6_syL9tMknzGfu6V63EgMkWiIhduLzPZmCioY4KtCSJRUvGwIRZ-_WGmfip3zp6k7XAxuoTY6DKFqg,DIAMOND,II,75,39,45,False,False,False,False
34g7WX4CiQHx2h4hej8Uz3rduaIjZ6150OcUR88uS8WTFg7k4LktV5LFSKp5mUlouxUvhpmEzp1Ekw,DIAMOND,II,75,41,31,False,False,False,False
WO81avmoFXbDzggmaRu_WrFjsLUAxjdnx3oFITzY8wh0evUlue_BXCxgWT6TLGMA96k0Kyh4bOEwZw,DIAMOND,II,93,128,119,False,False,False,False
xp6BnQcJPOwarwBxMHYWDdBrbBInzLpRobW4FwNVA7lh6qrN1LxbvVpF5CadKy5VUr5tFxvygfUW1Q,DIAMOND,II,91,38,32,False,False,False,False
Gfe0zdLCfEnla9GIHD_zq4MhXVDyL_xFYq_UyKbpM49_aNDT9NWzJPtztpHK1liOJbfmhTCYMzOTDg,DIAMOND,II,75,38,39,False,False,False,False
zy4tfCEaQ5CvpzKVRmORGh2mlJuTiU6iG9vTCPweVjbb_npIEECsWfUeip7ijRST-oBoO4_csL0-eA,DIAMOND,II,75,67,50,False,False,False,True
AMDfzO3DPqzszuAzepfp_n2VsE78zgW-w_Dk-8NkT9j0bpX3QQv4H-2EeabNWkBlrqHxYrdBa4Ax1Q,DIAMOND,II,16,52,33,False,False,False,False
OnuRUlx7Yky2BgFc0Z6bdIkMCv3BjyBaqdTRMBNnOG4ogXSHIJYCKes9_yZNcRAEhPaOPn9_uinZCg,DIAMOND,II,27,128,111,False,False,False,False
O3Z7A_8JgILMe-XBtMmn_qz3hlC36ZhIa9QqabUxHZ5d1e8eSIwQOU6OszEJ4FimaEgl-KCj61-bgg,DIAMOND,II,75,92,122,False,False,False,False
3gtfZ80xCTtGn_cS7DPdNE5etY628AkNi9NIA5OcXtblYeFMt_Y4Q12srb7oBojsrxu8S1cNSAKp2Q,DIAMOND,III,62,87,97,False,False,False,False
moz2Si4lwo-6jfTQXHJU3Z8lwGxxuCTzDrlp005MNKtMtfKUMc621ax5dB4TEVBCeAkSqgU92zYohQ,DIAMOND,III,77,166,161,False,False,False,True
gMe0eTfdmvWRHH3mq4BYOMORwzL0itCVZhPMMmtmeMtFTP6fN3dIK030c0mXoQ1db8vJ_TpNMZF-Tg,DIAMOND,III,15,25,27,False,False,False,False
ZkZVT9aAvuGv6Rm3GU3Hm55Ryp8Yzi-tZkWbKesrN94ykJSMD8ckoSNkX3WaFoqxg_-HAThb_cmv4g,DIAMOND,III,90,836,860,False,False,False,False
EiEesLyl7XuZD2m33ZzpmhDsyc9zofqLvNjaC7B4ifYnNJRRCPMAiD-FBjMNZbxG1hMiKwl20C4a7A,DIAMOND,III,76,33,37,False,False,False,False
FjaXQRgeEaXMLT9oYkVfrx5AX3lcavUbiBH8a6ZWV8knEhAn9g0ZayiW7IbFTxw4o-W1NeZQTe97QA,DIAMOND,III,53,486,454,False,False,False,False
pNw1zN0_BGJEGsO9MWV4VzZ3fzIzw-DzYH8zRNnf4-WbOq2b730S7p2joBGYc56xsqSdKTRKfzpe3A,DIAMOND,III,0,151,133,False,False,False,False
ohX_TgFXwtVQiVWmm1WBA4qHH5La_Qr-Z-NCQHbpRO0irxeVdK1_sZZj2C8FyOdqa2f3pRSvorKDrg,DIAMOND,III,94,336,329,False,False,False,False
nfASoe_YKyZV2Oz6JO4OFVxr5xgtIE0POaR-6SQIf_CZ4ngDvVqtWweV1hcjGfpy-f_lKl-pRJxd5w,DIAMOND,III,95,285,275,False,False,False,False
P6lT1WEgIdKzCNMEoX1yeGsZAX9MjpWLIkIa5fWbAs5aJwFVORKZupJDGARTwHwAurLwjm03p-3lTA,DIAMOND,III,73,94,101,False,False,False,False
ZszKXCo3s9cV5xGZby3xiC2IdOg9qu7kTRyEyVHHWvxBPjBnP1ynbysUuhlZUa-A5Ak-P-FPnUEZmg,DIAMOND,III,12,448,440,False,False,False,False
l9AZNqfMFRGI5zmssGKxTlHW1ngkcy7DdlbJPemrXUMHTOohjYvUtkMD9kOYlQrdWSqZ40SF62zdVA,DIAMOND,III,77,57,61,False,False,False,True
JbvsgRr40uj2sP2QqPR24pt1ibUWUVBiFoWhP3Ly_DyTfG_i1DpRMEh34VvUdxINtVjud_vu0X32cQ,DIAMOND,III,12,384,378,False,False,False,False
HlzEIIsjVjei7gGX7iy5BlZ8SRDWYzqngE1RvsDqxdQpk1NlPFZMKmoqzQGCkuZHv5QWSwj9MVEYvg,DIAMOND,III,76,33,24,False,False,False,False
MOi3WCIk59E1E2r1Uh5Fof_Vglm6hXDvuWmfmup03c0pCH4PSD_RERkPehSqd6zBTiYOFumVNUD6vg,DIAMOND,III,24,123,110,False,False,False,False
ENt3Ht5X9zmqwB6Bmn_3ExCF0AO27XYNiABhmsLY2QNuumhRH3ZV-3LOlRP5ipp4jRZ_5SQ5BCz8Tg,DIAMOND,III,15,138,80,False,False,False,False
8o7X3Xs5Z9UWkcfPOAd0ezjEe5uEb4zDaf-QUMxBEfv9D8OU0im--QZwRo7mZEgNBCHpN3URHuMhXg,DIAMOND,III,19,135,121,False,False,False,False
Dep8lu1yvkXXeWeQuDRU7sg88WK__4TtMYPk1tuFrERkwwSnT0GhUKMaoiDp8L75eX7PRrD_8l0Qvg,DIAMOND,III,33,398,390,False,False,False,False
UdmNQbjmQgRsjtqZFtNf7jGhGH34ZQ63Z2NJyIuvg3Du-ZFMxvXOcZ6DgMGvn6JA1koPZIPEBRB52w,DIAMOND,III,71,132,129,False,False,False,False
hYIUipDbNMe-rKfkNlzdmFACWc3wTG_q19GbL59fFy0BepHN_dJ7GFNQuqUl4NuGkeTqFan-tTNszQ,DIAMOND,III,28,245,248,False,False,False,True
BqScxZ6M8Ss6LcQ_yj2f3w94-KxGzwPEG4p0-jtdQpXGTrPajn8KySIb9aQ84-IbLY8TeU43Or_HSA,DIAMOND,III,20,55,40,False,False,False,False
LCB2HUb3VE34PqwKPGxsUB8mh3IqUPDLnD0d5Qc0feUMy8AICrrvzuBuegdARqXoWsDOfNfv1eOHfg,DIAMOND,III,45,13,11,False,False,False,False
-vqfxXt6SdFiidOCGoaQuhzelaqvS2B6413kSoFquAI_-DQi02kAxUlgQIoDRX3PJrzKSHMJbDC0Xg,DIAMOND,III,36,145,144,False,False,False,False
ww8Vi_GGv3fzVRlbVJsg46-hgWpbjqC99Mwpu5WTn8Q2Jq93iP_R7l17EY2xwqiZp976ydQS4ncbvQ,DIAMOND,III,98,474,453,False,False,False,False
P5-4pe_nUt_3zmudtYQwchtD6YfvkCGvfe6B41Ba14ldJm2EzxBnjoyNgG7b2eOuThyXbwuHR6VgNA,DIAMOND,III,76,173,181,False,False,False,False
xOhUQliZiyAb5KW3ZzBa13izSY2JiwXi44AM3StUMIwpUAvKTjKM2d0nqCisF1bqEmQ0oyifALuunQ,DIAMOND,III,15,16,9,False,False,False,True
-zSgzCXq5uRpLgXRGBja4RKGXprukPzlYx5KTKJ1njPkIqFBqZp4TLkeIqdHdvJ1ghbvs_BbkGdvYQ,DIAMOND,III,50,61,46,False,False,True,True
JrjtA4XWK8jFK3bgJ2kqb7nhmn0mU8rMUr1HA2SWZ4zw8-acYKk7QJvIBUO6yJynwOF7Y9a3R9HqbA,DIAMOND,III,27,198,181,False,False,False,False
6GS-JbGSyb4pSg2RNSc6ay_diC0dD15rrgn5eDa-tI-jE6OaZ482H-R5OxSGrMnvpemQiXzHcsag1Q,DIAMOND,III,28,116,104,False,False,False,False
xzyiaBNaaAFz7myWtMpFy5WUvE62fh2O2EjyW8_I3q_YoVkNScI0bO6M5F04A4AsJZr7hhnzfI6lqA,DIAMOND,III,3,480,471,False,False,True,False
SzwtChYsguxcYVQ1Av8nTMAL47F8n6yyk8l3E9w0dVRV5MNq7Imz88_9LJXC8VXalWcKTos3Q5kAKw,DIAMOND,III,62,68,64,False,False,False,False
K0vplEZSY4QMPj8xvZIG2QIIv3hPfciyscFlvoD2Rl1UyLswHSl4rqPvZGoGnRjN5NmHd9GxCcUIdQ,DIAMOND,III,8,74,55,False,False,True,False
d7ly40GoBxZCTT18yx6-b0lqUXOgdYs10N_2hxzFJtpIJEdNYD4Z2jtkY6Xxfbh6h0AGQJgZIKAx8w,DIAMOND,III,55,59,63,False,False,False,False
kgzpOylHdS7fLEJpUB3MquRGN4asEJDSuEF9ANVvq6swq_nlqeewjjW1xgZjFNXqPZXm77J14QvUSQ,DIAMOND,III,57,57,36,False,False,False,True
ebzzAUrGfh5sFfur2tzg3YbWyN1IBPkH9Q3dmo1QiF5ODdzhqR04Z6YZnvAMkgLn_QKLZM1uuaDMsg,DIAMOND,III,17,59,32,False,False,False,False
zf-Is5TrdjsFab0PkRIH-D8EDDqCRsrzFe5Di8OXMSi1-SRZ0mWaHcLpAuw6uoz5Z7tosFaMBmuKvQ,DIAMOND,III,64,109,101,False,False,False,False
Q09oy7_NTZndvjmOaKeMztY3unehb8kvD_knFcFHOBWtGnUG0WVjAq3Fy5TlHVMPpDk-yCR_KP4n5A,DIAMOND,III,3,108,97,False,False,False,False
9yyQZL1Ru7BbAIaKEb9PLyPdRT0o8lQZfO4rVAPO_hJmI-cbJQWIzrEEqwuGL4jXbQ8c-GNRF89jrA,DIAMOND,III,86,45,26,False,False,False,True
cfjRsBNWMJ7cLSkt1wXin5aa-4SBdyR5no6wcg-gH5QhFJ7CXYNvpDXdMaZ8T6xrdTAOFgHLJjskRQ,DIAMOND,III,75,54,21,False,False,False,True
8LSGfxvKn1bw9ojel2D13hNi3Q7N7DPb6k5ayJHYVMe-wdxe9KpCYWS_sx0-2zlq_lZT_GcOAzsTGA,DIAMOND,III,26,178,169,False,False,False,False
MvwJu2rgFdWtL4Mx92JZmCoVB0MG4JhZg01Fiu4SLl087ab9ZU8rAroLZVbpcFfiY3a4TkJayp-TQA,DIAMOND,III,32,169,144,False,False,False,False
gmGZUYayqNntBUHPlsDnrGvijzrVz7YstpDrOhWG2AVDoh02kj0WGeVHEc57riEEHbs1BsGGJf7W1A,DIAMOND,III,4,80,59,False,False,False,True
lt4ML_udN5hZuncAhr5D6VwBYMyuFd9tb9Bz1eL6NxjSkieDF6RasQhGDg-L4QeRukNb-6TI-gvrsg,DIAMOND,III,35,247,235,False,False,False,False
JcwoRFY5utUVqKlMIYH9_XMssIi2liMfSMxaCtZ8rNWFxsWQGThU5thnwYP8T8WlDUtZhV2nCOyBpA,DIAMOND,III,98,242,221,False,False,True,False
I203h0wxXEt40RiDcPsrWAKysS1UQ32_YqH9d332V4J235djEX6h_fg7zShP2r97j-ycdsoh4WT4kg,DIAMOND,III,25,251,238,False,False,False,False
z97ZuCyS3t1UYwrTk2EB1OsbUF-U1iXFyecUhVy97e8bdhfKO_8cx2TO5m_--k9uUE3LfydJlZTCXw,DIAMOND,III,41,261,238,False,False,True,True
dfo4forC16bygu3NN7ueibuCZU5RYleQAurQlv6dOHxRu_nTrysbiRZQ4IsD-QR8CNJ0OEDselO9nw,DIAMOND,III,51,229,220,False,False,False,False
BqLCEjbIACWS8WYAvYyk3LUL1QVOYcZacLqF9aZ2Esq_6qPVvA5Qr7u_-sX-9VD_0NXo3KLOESyM4g,DIAMOND,III,36,126,122,False,False,False,False
9ScdRXzF-eNKt920jxjSurAU51w8e4UE9UfxOhD2pa7C-Cz01FezHTj4JR9xhuX-1LrLPdFRWQSNKQ,DIAMOND,III,51,56,36,False,False,False,False
vdG0U6aCvy5h1sZ_E9Qhs5XnLvgRSo1_LNC0tng-jppxhYXL6DuThpQEPv0Hneupy4PPh-zVmFc6FA,DIAMOND,III,8,258,227,False,False,False,False
2IV0BUalmifnj_TDXr25rrXj2w1kczb_JsiQhnPdD31079_org2BDI0TUp5PgTJYqtok47Vtodlb7w,DIAMOND,III,34,181,176,False,False,False,False
_Qm1IzzJ1fkAJgqMfAQBa_b_Gi_G_wVVuO-EcyZuxjX27cctAkHiCYWyzoUGQuPq5p5NaCBu_theQw,DIAMOND,III,83,376,371,False,False,False,False
VGnPscCZ4IdhEGVrcb7nLU9qXxpvG-uB3CtP616NxAi5hlPSOJc2_00R06ALoKUJ9sxsA8dY1-CcEA,DIAMOND,III,96,159,142,False,False,False,False
LLpR9Ubz3xSnhNKUraBvWUWze4WnhKl9S3Cef8jWps-IoYuvJvlRiVd-K4bjb_hEmhtt7JL7s5-MMQ,DIAMOND,III,83,388,376,False,False,False,True
lXLGyZkPLBBsSvesW_OmQEE5pY7XbVdt3Z0OjHfbivnVY1KLsMm7x5cu574uIOtQbJgAHKAyeTl-dQ,DIAMOND,III,57,67,62,False,False,False,False
FoFrNjNr6G0jZ8DT7X-tW_VQaCOzCpDzSUlq7-0K7ru70dXUPhM0Z2f1wRvZJ76nSlyHsURcnmAAkg,DIAMOND,III,96,104,103,False,False,False,False
WWViqRFj1SV-Rp3o8fKfXmzAt9chqaWhHAtlcf4cy6Hez4rxmzzA9oobwOx6qGOPTLO6rs86wNhbUw,DIAMOND,III,27,194,179,False,False,True,False
i2OZtc7UpPtZlT16AxpNCXzv15fJ4pWlwtmcgDrw2sD1gsbI9GvLPT3OJ3ZK9FTYzhrqdkCSsYqx7A,DIAMOND,III,34,146,126,False,False,False,False
zAAlNnt3bxXCUWQHWKWcm1DFdIAubBo3s2RcAHJpv0RAyBu8g9HzvkcxzuSdHU6QUsbaAbS0b-nptQ,DIAMOND,III,27,93,85,False,False,False,False
ar7gb7SAXWqakQSNDT_qkYBHzqATW-eXnKw0W5vCc9GG4jel2IfML0CrIpzi-WAy2uyycXTJy3gDeA,DIAMOND,III,91,55,37,False,False,False,False
T37AaZDrRUIQZrB66z2LobjPh-0gqHWJ7FPhQXhCDuwtIuHHo-L4gWjvjZXyVCruscj5UEJoui7RGg,DIAMOND,III,28,83,48,False,False,False,False
L5IMEy4pf-FcGXxOd7aQAZcRMELNI1BI51Cn_mEHzIyG8yJ0G1shKV7RqLzS3gNMVDK0bQWFupV5rA,DIAMOND,III,84,75,57,False,False,False,False
uwlsV_NorOD6MoR3VhyzTQrtcPZ8jX50b7ak2C9Cbn9sUC0-ejH6J66AWZ4sQ7g6LDoDNfPh7dCaiQ,DIAMOND,III,96,114,108,False,False,False,True
dK3MNkFgGi6bvF3RmL8H0kQe2BfBI0JOs_kJpeKZxIR90BmEDuAa0IfSNAFzS2yrVrxVNn-NcQ0R-Q,DIAMOND,III,4,159,138,False,False,False,False
JPa7wqS1onMtJ66XQr_7QhrsrmvONnFcTQxbyrjlWIj85JfxYkDtZBgC1f-bsy9bIvUzDBtqgO5XWA,DIAMOND,III,87,213,211,False,False,False,False
Lk9h0WiekJMEUSA-Z8oLcWsGD8R2_UEK_8m2bvRqqskD7VBhQmPU37J6tRMpkj80pYRMHpfN0PilRg,DIAMOND,III,8,212,203,False,False,False,False
AE3PBuX9wmT6YWEQMOcB_AS77-Dum7z4-q4hZJWpIqLC4t8dM6Q2AhiLNgTLfaAC0MId3utsRmOapA,DIAMOND,III,32,131,126,False,False,False,False
BEM1c7qToAPjeybetjOQFPsbLwyxQcYZURfu7cOEs_9VlazayyXjYLYydLzTqWG9axsDM2tPd71U_A,DIAMOND,III,95,164,152,False,False,False,True
1eB_WhloDFSvezlCqScueEHNuFqmHshwbqo_UbaIBgkROOMeTPpL0WfT0l65Qp4rUu-rmRJiVW3wmQ,DIAMOND,III,27,146,84,False,False,False,False
CvUMMSBchy-riQgwLVI-o-UvXY7tES8RfAYbaoZejsnPeA_cY1S4Yre79Ak1vea36w41KFOizDJvEA,DIAMOND,III,39,47,40,False,False,False,False
lSnWvqx1AHPSIe-2_rZOyri2ZkLncwNOMOQcZFVR0YN_l3Xkdris4ktLBkj9OL6Arh8CcKaggH-YGA,DIAMOND,III,79,373,370,False,False,False,False
1yfkcqm2qfER6t8BCXYB_uFu2Ur0SpeXCCSCuUfOXkimQS8EyIo9rW6QqpLAZnH0P5xSpixPrt3fkA,DIAMOND,III,21,58,44,False,False,False,False
IPBm6BsYMFa21MaaU_YpvttuBJzSlACdI08z-rzVoNbK1xkrAVmOVLl4qwzlzWQEnoE8je59V6yVIQ,DIAMOND,III,7,31,16,False,False,False,True
2ZQd5T_pkcb9ot1I9P2go2lZhvGCRNqqyx4L4EJ11wt83gDg-SqqwZn3m4gehN9lquoT8pcM8SNx3g,DIAMOND,III,4,93,63,False,False,False,True
QWIow5xcyNgwHpIYkRu5-szdggHxOoGbCistWdjzuEXl0-8BOZtCnRpJedsQ957AknSpTrPh6ryhUw,DIAMOND,III,6,275,244,False,False,False,False
AIzVix4QBRpIqqn6fs64zRImpvF9fumlSs2RPJkPsA_k6bJhlLosGqpLZI5L4u0zrOQYXWwA3odZRQ,DIAMOND,III,29,262,261,False,False,False,True
TJlcuioj6grULmq9rYdPilNsuPSl1C3omjNFpWqiNxmpOZgu_anIxX5oFgiDKsxqUwZ1yTsHCsQvNA,DIAMOND,III,58,332,350,False,False,False,False
nsel6eq6HefisyK7ZWQgBzRe2wikgc81hkhbf2gXgGh8L51rzne6tSP70RSM2SSbISkJJublGMtkfA,DIAMOND,III,24,272,214,False,False,True,False
28DDFPYnt-Wu-F368OrH-UYCKF_37IyceSgYvcB5KdeYzd5KN08cKDK3MDfpEsYfzZnicsobi4qMnw,DIAMOND,III,97,331,323,False,False,False,False
J9Dd2188YLDOUMb7QPEwMbMjHOGWuhXW5rNv2exvpv1dK6wTCkKesQBgAPTlKCp_A-q5nZurUsalvQ,DIAMOND,III,29,65,49,False,False,False,False
eD2JxKmoXFbGYZPvcz3cEefLgHswWa353Iaxh8CRhKqCZplL1xDfBYt0Ku5Z4wRhVHBL06JmEf55FQ,DIAMOND,III,43,83,70,False,False,False,True
DuS3A535-LDABAYANiqzvgb-yL_WzZJrPdl8aFEYfIBQOgd4dpe5eng_kXDAzuFu7OABmVFea0HoOw,DIAMOND,III,81,362,327,False,False,False,False
StLNfqMA6C6CaGSNtFcpcrlsJkw9jdSH_XbF6nCtSOlvyoLlYUN7Q75AOzac7b-v8tOmHhYmmAwXNA,DIAMOND,III,13,67,74,False,False,False,False
quG_MI7CdTvamt4oTttJ0nKat65KotxTjFUupuKtZfIKtiL_yIvd_ViASyhOCbU39Oxldg37vtWYqg,DIAMOND,III,49,51,52,False,False,False,False
9H2oQcwy1ZJ3hZY0Y-bJqNOQpxmL8KYKooR4Kl3VkZlehPsqYMYGnf6J3O_4aj-BEyi-wOsN9lxPpg,DIAMOND,III,58,279,284,False,False,False,False
5oQyf0KHEp_ErEZ0uZbCv-aChznvGz6JmVbc6Tbq8RKEyzNP3iLciMt7HNsbhaaQqrOjHdDnKYjE4w,DIAMOND,III,23,115,93,False,False,True,False
290PzZO4w_Kk0VffkY3PHWRnVjSoQlVtIevPN9VxNGxTMeU_6XW6x4pPDwvjQ3lnVQwKWAIi8yKFyw,DIAMOND,III,69,168,193,False,False,False,False
Qzsdzirj0PIy_4-fWQXcC1MMJMqgzqESiF-epKwoHcGac9Giuq5nmtCjleKa8JT6vCVfW3csG2lTyw,DIAMOND,III,39,182,193,False,False,False,False
TryL7kV78vdbaXxWI8V4cux6h-GarNDnERyF5BWOe3jMD8ktZoMzSu0hxFzmTIWkDAg-oc9ZAAkZbw,DIAMOND,III,45,173,177,False,False,False,False
sAX65HbXL7Knogp9-pkt9ImNp-GJw9ljpH8U8Cc9A2lUVmM_W_uxYPycKyQf7fez0V3Txnujno8uQQ,DIAMOND,III,10,21,22,False,False,False,False
Fyt1PgWoRsyg4aiM28yAKJDfOjMi3jva9TcySkmAYOuL1cnEjWkW7xPyTb3LYFQJhQ0cssnCNLNLiQ,DIAMOND,III,12,153,156,False,False,False,False
8kQnqeNUnK1Ct3WI0Z7C_dqPpY1ZPHhNni6bSQdXpuOXq8nytpzcQHnbQxUoLw0Of2s0XzGayxtbFQ,DIAMOND,III,39,107,97,False,False,False,False
T3GchOqISN_EJ-e5bmX4ZEErtXM3lnPTZDwxQd90sBFt-0FyzjuMPXkq4Zndz9n9M1Z_jcQ53ZTpdw,DIAMOND,III,8,63,68,False,False,False,True
k8pi3YKk4_Qw4vHLDVA9mOEh-_Dbg78_X25hXdynPMH2cHQg5nZ9tctarfkVuNcTBhCMB-BF2IBu-Q,DIAMOND,III,97,167,156,False,False,False,False
xJzCwk77uyvfg0f8djgPwyz52dXdtpG-9FopwmsaAvfUhHKVOs4eJChrmkWOHgqBMzNwT87DXEc3oA,DIAMOND,III,46,262,274,False,False,False,False
T60B1ENcKw-GOC3PSq3x2Ny09kF4oSVXNjwFOEhpy8_Rx5DDQpkj51Nu3hgAeVzu2iYB7hJSEki9hA,DIAMOND,III,51,56,49,False,False,False,False
pqtMV2mPDS73TZLiT9oI2LVtEr_CXyvlYAcxx8BNPzS2TQ3eiVUdfvE5_gydB5PwIsw25VVxR5Jm7g,DIAMOND,III,73,145,143,False,False,False,False
AupitrvDjwlJZat08ganym2Ow3o1wD-mLwVy3j1vDaVO6DKD8HpNGjFqFU7a-jy_S_l2p30nosBBNg,DIAMOND,III,19,37,25,False,False,False,False
H8mpWkrF0qA8cEuhJiPTT9xzGqFMHA9ceQGPAPAmducbTWgCCTsbDDZHAUelRCJSJ4Dn3a5Xf2L92w,DIAMOND,III,25,96,76,False,False,False,False
HJxMcta6yuQfdK9Q5LvnW8-r9o4Q5i9QV7eFXlmzBtjxoMG6C5z-uzMtPoUpJl1Nxr-TJaep82hhww,DIAMOND,III,85,20,13,False,False,False,False
apWGz1PyZoBQR_UuhAJkB99UvxU1HiHiLzQLjbJiginKGMrf3TsC4_LEdcnpapKYjL6PtYwUYiaf0w,DIAMOND,III,80,171,149,False,False,False,False
ubJckgaCO5Qa7TixzDNXQSASEVc3GV4qfuoJYU6iqDgFkbDRtbwI6x7nU_OA6Rcgfru821AjgKS5zQ,DIAMOND,III,68,161,143,False,False,False,False
RruDPLK1RcNu0e4Lq47xdQPkILswKTEmvyml5xcT7SSaef8e57FtjRi9yrKqnTBsLV7D3jyH0Gp0Uw,DIAMOND,III,7,209,180,False,False,False,False
YY8CrN8EvsxjHWOm4wO9UNJuRQ7c7fiGkc9flwzd3ZzOtN9_LdgeYWvyJtcGM_o-E5s2oT-o2BHd4Q,DIAMOND,III,13,107,102,False,False,False,False
VtwFmPHNoG9YZE9pkNVMDDGEYDn3uDXVBWEESC-YWMXFoVVJAVLBQmp-SHr3pBBklKn5p-ThjMUTJA,DIAMOND,III,65,105,97,False,False,False,False
POQATTldN_W12Lsd1QreO410l6YidgScX8lysh3u1AcEnkv5wZYC1pgabS2E4TJpueebkthNoj6w-A,DIAMOND,III,59,548,520,False,False,False,False
8lMUtzo8JjE5GYevXsx4iYMGfVNcCfSMkAhXIMGVzzn5BVfxNfbR4XSSGSqsOqMcGo5CqGRii4xrmw,DIAMOND,III,8,19,17,False,False,False,True
Js6d947X1I8bcSciN10-cnjc7YifDlAxmoNOTkhnajPlUPY2tCJ8p6qlxN_ipawz9GVU2NgHywnbAw,DIAMOND,III,98,19,15,False,False,False,False
LaUqfza3QMgdpUnUiy7ptIiJzNC3_Uo1S-hYI0FSJfHS_rL9-5D1NoY_-b-4onKf5JA8JKhyXcGdfA,DIAMOND,III,14,26,29,False,False,False,False
1ae0ridfmDgjMWokuUqAzQRWMrHzhxQTk91oJVKgjpy9ybcf8EZabuL2dW4qQudcjNCtBWADtrVpCQ,DIAMOND,III,55,224,210,False,False,False,False
ReMtb6D9nInqK3f9sCHARgfuFCj5HnRIIFZArjEWHGOitgQnv5zK6Kk-G2I4kKb7mr3gwa10VK05HA,DIAMOND,III,91,110,85,False,False,False,False
gXqhRUdXw5Dvr-eN8l8xt9kqaBS4EsT5WkyCPRjB4DwdPa1KWpzH2MTHzFipvi3n-DHW2Z5O3JED4Q,DIAMOND,III,34,135,139,False,False,True,False
m6GHCxqihLgu4bkn-T3lJ4CFajVGWodvblZ8yZMY1TXg9HjdxD-VfOf6FacN_FKz54EMf2MzWiCL4w,DIAMOND,III,93,56,46,False,False,False,False
Pg9_KVdl4l0Q52ZwKk4G5U0GjmtCB7BQM-UqVDHppI0Ci1blGa1We6NXHR1zps5hjbzdm6TcEP77Ig,DIAMOND,III,34,117,93,False,False,False,False
zzCjzLodEbrgCCHUalUZHCA8Cn1iq3IILlM63_poSBiuaxZuW1TFSScD9A6xK28Fv8YbS27HeHaT3A,DIAMOND,III,14,431,441,False,False,False,False
x2qNTvdK1gSN-u5JkH4bdrcW8h7jebHiNzQGA41URTWH1WvnS2iJ0WZ-nj4Pvm6d4rx_dcNDMCE1hQ,DIAMOND,III,62,478,500,False,False,False,False
0iEe7d43vv378b_vHUahnGt0h3FR3TkpXskOe61ACyy9ZcBWVid_NKs9oQ927kIEtH_q9N21Q2sBiw,DIAMOND,III,99,45,23,False,False,False,False
A5wVEoPitw2JVv_N13_DoXlCFcMFs4Gmah0ODUpy7bGQj1laNVgi5Yt2teCfS_pgy46wtlWCIFKFsQ,DIAMOND,III,85,87,80,False,False,False,False
pQlhzk3zdrFDbt56G6Pi0A3TkZA3oB3p6AhEfpY40HkvKKNmPykZZO4-Rj8kVOBB9Quxlhzj7dvW8A,DIAMOND,III,74,378,362,False,False,False,False
iWaG5Aih7MJfjhzzSIIliCdy5MmOV2aPvSP_GrIs3AbjpAweztah0i5CqYZ_HzS6IFl9EQKgPGF5qQ,DIAMOND,III,61,278,276,False,False,False,False
CY-D5xFwMWLYcnRrw6iyyLP7fByYP7M9S8izroSTe1y_NSPcF04W8pd2fKuLgPg9SG7hrZhJH8Hk3A,DIAMOND,III,39,122,115,False,False,False,False
5WGhTdOOBweCZr3PYvVUpcy5h_bKF7ePcesbSJE_6fN5cjYWcUMuWsp5qD9PxvlGCMXJzFHR8-6T5w,DIAMOND,III,57,32,34,False,False,False,False
FWV1op_-vSsyAUixnRsxDV4wSMQs0MJffARO0TTeCzH6sRQNtYEfUY1S9B882NfBumP5VrHUhnBKTQ,DIAMOND,III,20,174,158,False,False,False,False
9fasgB00-mpzcikIAvTeCgMBcrNo9mmU5iHnU5ahjKsSC3BMl_nsOI38zdkHewPJfbMun9Nl9urCbw,DIAMOND,III,64,458,489,False,False,False,False
VdbOiv-w32Q3kJoaaGYmBIp8yMvQoXzYhSl8g1QE9__xeHAfAazM7e8tXDJCWlUPxH6cekcxM2LlTQ,DIAMOND,III,75,121,112,False,False,False,False
3hKdYcnEunh2A2p3hNSrhJOoT_PQo3Axla7xHIpmsNMtIr6D6PrwFKOSniV36NIYT17r6JFh10-zzQ,DIAMOND,III,45,394,378,False,False,False,False
PB1pY6XIRzomNnG7GTW5VPjFhs42n0OPx0C5gZvQb8B5W7WOeK6SHMAZNmqepufZgXe7bQGCr_H6vg,DIAMOND,III,32,531,532,False,False,False,False
v8aqgAvtsis4n-l3PznSvHWgqxLEJ56-eVdj9BuHLlFeu3FeY-xRaxEe-HsIbcex3XwQgXOuQynvWA,DIAMOND,III,98,48,36,False,False,True,False
ET3k6CwKnzaUhTf3oCFH2HuAJmuxc4YjD4eZq3ar995kBlBqU5vvyJH28VNJoWIw0BGdQ2Gbv7AxAg,DIAMOND,III,51,82,62,False,False,False,False
hcmXM8C4YAIyXzIqv5OBhidfsTNOkR04lB916TDQeSITJ834V3LtU4JwwD4FSSvg8jTCnuLlMjG0QQ,DIAMOND,III,3,42,38,False,False,False,False
sdhJd_rPzWA47vkhq2KosZ2bqcgbsejUJh79g0ek52bYNQz8X4-sjDcd-mwuTod5puQDTOn8gM8YCw,DIAMOND,III,8,56,49,False,False,False,False
V6WH8FrZo2gPRtQ-6MnjZBM6Ij5N9cgZShAYGL53pJZEaTTI7ywdWahFGbQqgLFw1pm5grtUX44-3w,DIAMOND,III,45,38,37,False,False,False,False
HuXdQRFL7LIqGKVy2_Ch-yD1GpOXwqalHL_8HNDtZMr4bbShIPzmg36aTaCm8wKm0rFbmGIPIn33EA,DIAMOND,III,87,58,42,False,False,False,False
pycOJ-YjIzPVZCz6NUYpVQAmTeq8_-uOuhAukYaVBnao391fjhErMHqkRbnlezhymjKD5iwabY89kw,DIAMOND,III,23,165,150,False,False,False,False
GnPhleORnhdCXeDRob09YSzxaWOkWOGvZf1Kgj0ydz0Q3WqPAG4fPIHcbtTYILqot66Ac0gP9akVRQ,DIAMOND,III,8,303,303,False,False,False,False
-q1I_ajhfj-ahIrfAX2mwcPAUQKI6fECz3UX1ZwpdUC7RvcyUmcHks2uGgSoVqOp4mNmQtwcu_AfZg,DIAMOND,III,77,195,183,False,False,False,False
z7KN8HoJ5TzEzwcngn2-9s_JLGsawfpxQ4IhabFz24LJyNoLtH_9efOkPmXEKBUXEPqH_AE5PLNuyw,DIAMOND,III,54,136,122,False,False,False,False
9BzEcNtNToR-fi3D_7jsjPzYiK3uNNgwhcs5QNqCDyL9sVx980TdorYkisFhvNvJPOzmdqLCxPJFBw,DIAMOND,III,14,141,119,False,False,False,False
uq0hsC49LgDp34DqywEFs4yYlTaIPcfb-lfNdzzYBc6BQijv9DGZHP5fMOhZPbMgmywhc7DGvrCKmA,DIAMOND,III,38,34,30,False,False,False,True
usrYqJbZmDuaWxqMmLLh_5pB59GOs4HuLxr5VBogqiPio9cP3JHMlPkv7P9LPWo9eiOwu1kDVlVwhg,DIAMOND,III,35,35,23,False,False,False,False
A8ljCzMHBAwngvI_7oTMAvcoh5RZ_p8dwMHhcjhWfhhmBDPfMcTAu55opcI2LHmDvuAOYlGYOM_3OQ,DIAMOND,III,63,84,84,False,False,False,False
shAsOlW4ZzXR6FBrXq9tMCu6Hs8QkHXis4MUt2xvS9UBUQUK8ZMgLbi1ndkkRrbvUKoRN94y9SK2TQ,DIAMOND,III,57,67,73,False,False,False,False
tIrRgnHnxWDUC6Mss0jXwfVzZMPSFSOkjQ_j3KsT_ke_Nj_yDrYVElmB4Mx1R9M22RuXdvtobXxz9A,DIAMOND,III,72,377,346,False,False,False,True
CSh2fY7ydtuDBT1JxAC2TSbNJGMNtLt34iXwnlTvmw6sbJCaTCypFQNBWGRSpVGS0SkfBAmcRhgE2g,DIAMOND,III,16,323,301,False,False,False,False
d2V8NCpIF1HzmX1Itk2T8-f4J3DkJafpp207gKmGEalQTods78vmoWPZK1Zb2H-_6nNdn_pBFsiPJg,DIAMOND,III,51,93,52,False,False,False,False
rqHg-ruFnw5tGfAb9xkQRNEBlGtJCurofnJBLhDEndZGizsHViDIVLR1KBuasIuvfmI-sykGzT9Tag,DIAMOND,III,25,59,42,False,False,False,False
5Mq3I1w3kYdlqN25mBt25Pb1pRbxiu97EpbBq_2IsfppfQKwb_AghGLYLi9uhEAHhLsGgAk0bZ7eSw,DIAMOND,III,73,264,255,False,False,False,False
ptKDLbz1gCetSV9D0Icg9J76gbM4wiJEDp7dsiAcEXXnepCKWS34jDCI1lywqQP1IGob0sZwVZ1bLw,DIAMOND,III,81,12,7,False,False,False,False
e4eLobHCSR_4bvIVuWPAHUsdHuJNqvVqLXegVGjtY2FP_UjD8oOXfdZPUehRgTRIjjkBSBD6a-4-ew,DIAMOND,III,50,390,388,False,False,False,False
NoKlADy7L880rwP-wwHbAdcNgLJAnh9_y6PZhEpXGq5iO2qGmfLMHkwTCYkhc1O95R9AO2yjecpmUQ,DIAMOND,III,71,92,77,False,False,False,False
4eXSj4GQipWwGCp_HIPtb4QNBFLaOU2PUCr9fydwPlU9JAJH7GXKNMR_NfGcILJ03czovjrpioGAPg,DIAMOND,III,6,19,16,False,False,False,False
BVxH3gOH_8Q2Y4uHdZxU4UCJK_h3mTBGwOXlL9SM1moBezk2oz2_9qIDXIZcMPqsQQnM2OFLsUaI-A,DIAMOND,III,85,465,441,False,False,False,True
S_6v0zKM8gGjjNBdSfG2lwAH7_TFoeQz6tuzZJAQtU_IwbQTb2Nt_3eAIU98fiXUqW1OCukauWzNhQ,DIAMOND,III,33,29,21,False,False,False,False
OQH0jFY-FozgxUeWqOfKODtXUmOhyoxLvbcQVsoHG98IyqFSUf1nUCA_S1xl6c93vY1Jg_7T5nr0xQ,DIAMOND,III,17,121,127,False,False,False,False
V4EJi_qn7KNuu13rdnNkhdWXxIuCuzJ9E_ppKW2Jl3Vp-A3maUn_b4voXE9mBExegsQH4SvbSQm4hg,DIAMOND,III,4,25,21,False,False,False,False
e2PpcSnsogj0tehyhg-YE9qO0B5CQZ90SDh2-qXwqmiWbknC26L4VjUAtsSO63uQbW8D_ygZ7mMbsA,DIAMOND,III,94,71,74,False,False,False,False
lk1qAmUyjWVmX7TKWbBK0Oh8k4EK_hSS2vF8hIufPIL3lRs5lf5v4XCBdggOsTVEJJqmdVx_vAKoSA,DIAMOND,III,73,111,98,False,False,False,False
kHrIxA7uCvtzbjWFIxMqubSmU3_uEnvknTwcnpCM9L7F7YVsawl0Spby_rKryabUAosBTI5AOocutw,DIAMOND,III,67,46,26,False,False,False,True
nrjy3-mvWFv4FqJmDDiHIVg6y4-NaHbp6dOkKjGnD-NBW9RkUa10r9qu7GskdY_NeyzjTqC4ZUAsRw,DIAMOND,III,28,26,30,False,False,False,False
4ZzKgz5_QBWb3o0x8wybNlemewRX9rV-_Rd4UJBd_FCHoKrPq68SOxrXq8gnfz-6aMyP-Ko5TQcQaA,DIAMOND,III,68,240,224,False,False,False,False
HEc5EyeMZrcXlYoMHTkaWXqnDjH0pioJEy5M0xCQyF2H-s1mPmCZPZd01_B46eI5x2OM9i_pdFALCA,DIAMOND,III,31,15,9,False,False,False,True
4vKSAouFNH6opecsTDOyvEgkt-QJlJN8VdFBVgqp4I55zIY6VsfFcewkqDKV6THWwup9kTVjkj3nUw,DIAMOND,III,25,226,224,False,False,False,False
gQNasNTNLS29BA3AdCPC1pV6qHxeRUOmqUzE0P5VtRd3pR0qXLD2uF_OjTAH_98f_4vQ27rXWS4rPA,DIAMOND,III,45,97,55,False,False,True,True
9PU0UHce1-IX6Yn-z-mQSI_VyLPiSXLmx2_VxGqT3gBBFcY1ouPsNfSB_MDXEmrJq1y9YwhN5LDiOQ,DIAMOND,III,94,362,337,False,False,False,False
q5b9YwDV40d01mbFE1e3c68TLgfbKiJthwq8SobC_ttd3ixwuVwbrrTjnXnonTMQpvdiLK4FITmkSQ,DIAMOND,III,75,23,13,False,False,False,False
UgUuPMx_MLBv8FDIMf1kUsYJmFAlH-PhEMu2fA78EAlDUT_-tVp76SkukRbPeWE7jGX99yMwDuOecg,DIAMOND,III,18,66,48,False,False,False,True
sgoqNRLLycw2ad0qU244ipHeoyoiucsoCTD78GQoJf23FMmInsQ2v1_WFvle5-R8tdxza5Aw4AYreA,DIAMOND,III,29,53,42,False,False,False,False
aByEHCuaKjGe1fBr3XY-4OYKV-UAA83r4GB9gkssNp6gvNr22gswTOsKCZxAXuQ1G68VwBI7tgO3xQ,DIAMOND,III,5,54,39,False,False,False,False
m1dvvXYt7e3oDot3GPvXEWzRuyyYrtBJSvRBfnqEmml4GzHXCSWLxC8_yP4mSEKSjQ50jZHKM7sqHQ,DIAMOND,III,27,304,313,False,False,False,False
b1eK04elS5dRZqEYENLasKE3YzpFT1pt78z6lAGLkritwh97jbTxRwiUZ2oJPfZ-Z5vb5R3-BkDSJw,DIAMOND,III,65,134,158,False,False,False,False
mnn1OAJGzGzfwlQnyMirg5aylXah0a92Qci_qVgWPbfThPav73pKMMlvckQuzAzzexDOfvZNUvcRqg,DIAMOND,III,10,45,46,False,False,False,False
98EbP56giW5CpJB6qz9KCSatT-A_6mHg0xnuV50IdhGeBAPBbd5JU3nRKYuS0MxqPgSb-moI6XrZiA,DIAMOND,III,73,619,610,False,False,True,True
z3fpLbZ0szXh763m86eiUfixxt67QW4CQ30N8pej5-AOj4wlZe7Da6szqK0nrsRIQ-39ikbN7dRj-w,DIAMOND,III,1,367,347,False,False,False,False
DVbUN2JqUv8QfgTTZHFxaPb7Cnia9OPg6MIzvY_Z2RMmXuggqVDqhnHDX77l5P60amHCz-n8cM2_4w,DIAMOND,III,15,37,25,False,False,True,True
Tz81hL4_fd859jbDjdGaroh8Nycp6xvtm2QdelzoPTV_UUltzVcjOGQ3BaRbgiBKIX9vFcOHOycRog,DIAMOND,III,86,161,138,False,False,False,False
MORN15hr3hqlLSiqJiQM12agtzyo5dtWZcJLwpryrIaeN8NKCKYRUZxEdfHh7Ofgdw-C29CP5WkgCg,DIAMOND,III,36,161,124,False,False,False,False
RAreyHjGC5e9coUPT6gwJonialX-u0VAYZl6_aSbWvlm2dcmUwo6Mz1sd0_lPYFPdASQ5s1w1tu35g,DIAMOND,III,15,127,98,False,False,False,False
OetbFebDvskx3L6IBV7mNAminLNaDPo6XgzIOfwQTbF-n4P5WQ73EFaAaSRW6-s67XBDC89Axs5OUQ,DIAMOND,III,15,42,29,False,False,False,False
4XLpcTOn7VQdU6paqh8f87-tWnmxZ4xsHMdGIKDMsmhnHumgRdKnJVHogBYhoPb8MHC8eoenkQDc0A,DIAMOND,III,45,26,20,False,False,False,False
hKah7IqGq8tNQUSvbzAJ8nFdH-XqF3kxdOya5DJ4CFNEcS1GxsZsxfop2b71307m9oVbb1LuCPRnlQ,DIAMOND,III,7,138,141,False,False,False,False
fSPtu2eSRgpz64tpaWR4EOaO7AM8H2Hhq9cW0FXFGrBKH9eKqB4AAfy6r3spCNdorDuE_K-5vPOPuw,DIAMOND,III,33,380,362,False,False,False,False
8mNOlKFWqeOgugOLE4LPOiqde8CirtiLwPt1dKk58yaG6z0v6522MqmrK9Gm1YnTr7ia48axg8ct8w,DIAMOND,III,7,384,382,False,False,False,False
A5u9YWF3KieZm6TGUMh0Wg276K7tHhDhlteYJJo-805SuGE3XUdd2qTvJxVTNu4J_rwliyJFDi3g7g,DIAMOND,III,34,130,113,False,False,False,False
k7WgT2vl3_-ebOTaH0M-pxiAdxBXmwKvVGrIROw2VLowhNzi5rYZEFmcUgwMGKY8EY-Vh3ZGoyG8PA,DIAMOND,III,76,32,19,False,False,False,False
dHXX3eM5165BQJc3-fwZ6TLS_LkEl4CHLK2HsNkHkTr78203Bmag-3ZF7eJtdZupDW1KDtIIh5Uaww,DIAMOND,III,40,292,274,False,False,False,False
sKdGxz-R-4ye4LBR1hDkhNpsm_SR9sfSwb0uGSanRcJQ-jqaLtl56hLjiMiaxs5iGdS4_cbH6U8k0Q,DIAMOND,III,77,368,360,False,False,False,False
4Hhm_4vqQ2fyzoCmnC3b2spTZla8yKtKRsm0gPgk4QC0z6d3htAMcsRxxIpxIWva-TJ9nlk1XDrJ7Q,DIAMOND,III,53,75,62,False,False,False,False
0trqF_EbyCMFbqA5XgSof0-eBiT7z6sXtYOdH6Mrp5kB0iQH_trSBmsr7iGrH8bH9ejCKFfWWL4WXg,DIAMOND,III,9,119,106,False,False,False,True
_zxCFGwdulOE60cVvo9SsK5TvFNEIT_xl2SGeOboy-ar-0JMRJQDEAks5Z-hhJioPfdun1fp5l2XDA,DIAMOND,III,31,281,288,False,False,False,False
6NivV-kbINbGZIdRZMrk0vGmz_3RWMMtm5CkAAVWbBfGqs62XMbhcHhEBbbI7RtHinpO8wSh6fXuvg,DIAMOND,III,28,287,296,False,False,False,False
nVy0hz6dA9AgnIr76eSC1oaSy2XnQPGeOGjnyfBvlKTX6Kt8MyyU43kLhk7vO6Ogt49gNxDfGOWNxA,DIAMOND,III,84,97,101,False,False,False,False
MTSqWnzrT_qM1gCYNs7NdCNIz2NLFWjCSlsuXMnT5_GobzZgngFWNxl3M5fKJZ386lQEDcqxNmPfcg,DIAMOND,III,7,288,291,False,False,False,True
iVqJGumWgrPgh0SBFIEoVOZYbcgMQpTaVqvn0E6Qro_wIlRbwIOpAalCh0nvRJRBaMZKHoUKlhZcvA,DIAMOND,III,65,345,347,False,False,False,False
ZQEHVD7HR2Rs5S-OavRFVzE1hIXB9HHcsfvRCAyqFjVcbZqBprF8vbb-btIOmdT-QKSkm7z0SxjXyw,DIAMOND,III,69,184,169,False,False,False,False
85E_qK7rjFi_E_HbiaCUxsrDh62RuXs-9srxCyLGIouysmcQP7FCbxJUUsxcuNelN_kSlEVk0NB2nw,DIAMOND,III,21,154,135,False,False,False,False
FPuXsE4z2sg0yZwIM-erba6OY0y4l9p5bdvO8iHTlxvfXpDx_bUoRJyioZVVgPa0mkVHtXDwxWedKg,DIAMOND,III,12,70,58,False,False,False,False
zkbbNlqtsIjVCKBmT-62_ZupzsIzn5IDh4QZKozC4Gbl3SIv0aH8PZ88D2PK7zfXXPbDlUExaGFB6w,DIAMOND,III,46,64,63,False,False,False,False
2KdYe09e5UOZYOYvbgDrJws5FMQ5VQ0684oYzU2cE9wXKTTGaMsEPgX1WxjnV3VMrAaGml-gKNgu4g,DIAMOND,III,95,201,192,False,False,False,False
JHv-nlxq76eVqqtWiR2SD06Vx0HZvJsymNe3vxKmW1NNUWzCdlVDq7MiEd1S8i9fWYerF2F8F8Mn0w,DIAMOND,III,13,64,58,False,False,False,False
PoDCT2txH76Sq9nYnol25srAh4U6j0-zLx43n_f9b_3L12PFW1OsYKsNfDSPHkouwEUXGjlaDrhiqg,DIAMOND,III,21,18,29,False,False,False,False
X_ZyARegVq8BWt3cVtxmcHfh7altmlmO1as9wBKdfjZwD3pgvxW1AMAjluxwQIKAZ0riLfx8g-jqYg,DIAMOND,III,15,94,83,False,False,False,False
08GYoJ7XICFP-gKKMVJaTCP5wYrVFYGAk0Od8maG5zJrILOM_FRCJV4LRqLgySqa-2bjHS6tm98XCg,DIAMOND,III,16,151,153,False,False,False,False
xHjw4Qu2ODTKbxFs29jAkSpUXL1ovl1ywvcHXmE_6iCV5GPeR5-2A-XvCG0StZU_nsOiyfxliou35A,DIAMOND,III,25,223,221,False,False,False,False
xFqouRG3z8kPyiN9pROxrcnFwncSPA0mjdkRCRRGiaJZFBjEV7KhWDn4gy7956srX7quIHkF_lVs7Q,DIAMOND,III,92,254,240,False,False,False,False
VQawKLL3ZsqrYU94iwdK1mHfRSOnP5J7QBvoqPSnbhHq6S6KaKTYjQ7e6zC5M9Sn5D-Z_3Gc_Cmjqg,DIAMOND,III,52,51,39,False,False,False,True
Dc9_6y4PTk4xDaBcm-DM5t1tOReSInReKFJbLbc55ckvKfg-4jVMC72Da-keybFQdBCaSESKOv4Kmw,DIAMOND,IV,25,49,38,False,False,False,False
nD0G0t-28xMj2nTmLBrLY6Q_Mng5mSyNZoEG7WxSk1gI4d7xHbH_CdJrGM0CrIRWz_i9e5EGm9UBGQ,DIAMOND,IV,8,64,62,False,False,False,False
0QPVUzbsbgd3B13AgjfnvlSNGrUUG7l3lv8bB8-P1JmjK_M-c2sqUB2OZWpxngc4i1U21IDIANDo2A,DIAMOND,IV,49,173,147,False,False,False,False
1OkCvswMp2c_aL51o7-74SxNXgY5YbzkcxOdDbAmMWHqTd9SFfo5CE0tO0aDnnVI4IUnU6Vd0GXVYg,DIAMOND,IV,39,612,601,False,False,False,False
ZcbbN43jab8v41LEuFNONAs6VO0vtf85hoFe3H4gVGq7ORQCyO_9q1xAuAit6ghIPv_sM0641r6DZw,DIAMOND,IV,81,161,153,False,False,False,False
B4pq7BANYWKHsZi617T1PV-cxJwzNNNY10Dg1cFvQ3gSJykNIbdhxcmME0w__FB-AK9CtGVCQjFFkw,DIAMOND,IV,88,224,228,False,False,False,False
TkYoV4vMlTYsf00npShcHmaNVEJ1bUAVhqrD8PB-2N3Ai3qDgFqMS4tAbKLg7Qa_o8dQV7NvokJ50A,DIAMOND,IV,4,359,357,False,False,True,False
zUebKLQdGxVORoKgBCDjmX4j31i02PPc9ldN7LcOqfnmmX3LLpRt79eSd38-AgYIrLGSpz78g1JQ8g,DIAMOND,IV,40,241,240,False,False,False,False
N5RDICeUoOVhcOVOilVwG6tXLCjMKJ7dmF3ns6I7lleXROPVMXBFRpeteI8UXnGYpz-Zw04F_WFF_A,DIAMOND,IV,19,377,388,False,False,False,False
W0TWmtc1zRJTyIuYLuKwfU7lsC8nNC5F6oigXg0r_P4P9XOx6P5njb3U_XF1ja5au3kgANb9W6ubDA,DIAMOND,IV,50,39,39,False,False,False,False
PwZ4obGNJh7CBBg5t8EjXXWPbDc_nI-vy2I3OAScaJav_Fjky3zg3QGC9KxtFvrJ9yhjUVrbSi5Cjg,DIAMOND,IV,23,43,29,False,False,True,False
5qU4HiFuAwKT_AhA9qjY3_8mhq7Xw4iNtFYygFTK15IDnrPJwdAhBzd5vg6l1K0qOTdYIZSKVCjUYA,DIAMOND,IV,15,210,204,False,False,True,False
bqN0Z581F0G7q7LxfotFU3E-5MpjYTnzv-g0oFtZhdM27jlnvXHq3eQc514gqN0sPTXE8GJ4eZSuRQ,DIAMOND,IV,11,211,208,False,False,False,False
PrgKgeKHl9-xRFqZihUkZ4XJRMGkIgXurEHyUHwUX_Ud2WEJeiCpUgeXYH4J_8NdXOz4ePH-lhnZ2A,DIAMOND,IV,1,46,19,False,False,True,False
piKt2Zqa97UtWtxRS8RJagopwLVXR4PuhEvlnDI20o5D5_yexd9nWhWnKkU5uUBuTXM9Yuv0ruLABA,DIAMOND,IV,85,50,40,False,False,False,False
_VEe7lq_XoIitJjz-_I5nMmBQHfDjLt5gQzzl7pSzhbac5kiAhg9y8LRcjv4p6MfZPPs_0ptNLbMIQ,DIAMOND,IV,95,14,11,False,False,False,False
YBlyGZ8C4q_Bn1R2QeND_GR5N6dFAFm-beWIt2dcbdy5gZQRtllvTml5ug5QF3DgdQM1BSWvubI4wA,DIAMOND,IV,79,191,164,False,False,False,True
fpoegs7RS_uopUvTK6QGfdapl-4AGvrw7jaArEmjHefxKj81D6VLhqKbMxgDjIy1M7B6bl9nikYYwg,DIAMOND,IV,22,23,21,False,False,False,False
4ojiwhQFDzarccNJoCQfCgGU2EPyOtpnrpMDY7_lV82DaQy0EBTjf7YLjZ-61SKey5XsK30d5r2sng,DIAMOND,IV,55,53,49,False,False,False,False
af_ouYvvRNN9hGflONVaIAitynLbqEJg5UrUCWs8ZoRflxVPNC_HYerEv3lBVmWAyroy76jRLfaLBg,DIAMOND,IV,0,42,23,False,False,True,False
iZsQou26bsmTRfGWVg065GIqfYU-D-yBlSHbiA_rK2X1nbSXKwklD1R8la1ijfqekj5Mfw_1iaoCfQ,DIAMOND,IV,31,96,96,False,False,False,False
uaJC6uv1tCF8mUKqGAKKNpvi34VNtvcUMFPmTKlFEeCKluz37l20_24K81YJcREIR9lGCzz46v-wHQ,DIAMOND,IV,0,213,219,False,False,False,False
w2iToFUbkNKRs0g3d2UtdduKaC2tLQloQb9fZzh0EWmjKeLctC8LDIK6FsMpdgclmF4wN_e_pnTxVg,DIAMOND,IV,2,62,42,False,False,True,False
24QAwnPTYkwxX7kfMeTDDWf40LvN0847decbEd6192Qyud4w8FkLKRwwOg3HPDfU60DiurtlQD-Rsw,DIAMOND,IV,0,247,243,False,False,False,False
yicwciQ9t9MPKk9dljrCN2twe_VxJFC3fnL8bZ2KMHoTBwlG8_4MgKAaqGThhhVA_jAoSk7y3iWm9w,DIAMOND,IV,37,151,142,False,False,False,False
TDZnIRlX2CxG_ssD-mA8lr6czwH3z0mo6UrcLS2Xz0lRz7sWqrUJ3ZvPiwK0dnz3gogKbqU5vztXAw,DIAMOND,IV,97,182,169,False,False,False,False
1MFo7uvuAYdA2sYyroakyk61-ekaH4Oaz81Zwnov_btF-hzo8dqg9WtpkxAuEj_y7rJMHFmZePKTig,DIAMOND,IV,0,279,266,False,False,False,False
a1-qPZl203rDIBJsJ4JQojvwVV-wwkzpLLUWaMa6Qxj5kgoN8RhG25ti1NCyuHt1lKWidSqSssI3JQ,DIAMOND,IV,0,458,446,False,False,True,False
RfHw57IDV_Z0828hQNHLsvAAJhRJeMDsm27CyiAV_K42XA5AeEo7M2YT3niLFNWIHoKoSkx_GS8qkw,DIAMOND,IV,13,319,297,False,False,False,True
X3uBMIwbnI6-flfO9Is3nUXIGlQJdCeTGQkAjtboRgZxxTuEq59gwLjvlJWctRJBITz42FEsKjorfg,DIAMOND,IV,34,66,56,False,False,False,False
IFHydNm16EDveIcXCWp9rotqO4THz3THdtWzXLWgkm1mROmVVhKVAc-mFecrvtscNwN5ySrnWTmlbA,DIAMOND,IV,6,105,96,False,False,False,False
f9kV9gzE7Ejadcew0lsGGEYJZuz9MR1WUapuFEhlDYUFHrQNk0CZy6ZfilZGg0LOcbuZTNpKmyh6mQ,DIAMOND,IV,0,247,234,False,False,False,False
QphFfqxVpBtqIH0ZKcJjRqD8QySxoIBK_42u8bB4704VSwIKwLCQ8kqnabPXP20ufBMwjrpzgQgX2g,DIAMOND,IV,81,434,396,False,False,False,False
i3scCK-2pdEGe-gtzb7AyIqfjrElpioNvLau4yrTkEJoIM03vpDnMS-EyGhbqOwt435nA8VcAn_z8g,DIAMOND,IV,68,244,224,False,False,False,False
Ye2mERcUlfoVeWodbKkZj8yIC8JWfDpSNQhnMYQK9jfD8D3g_vOSz-3VHzsuhYLfk0vfUdJKzr8IBg,DIAMOND,IV,28,42,31,False,False,True,False
AKV9gx90QlJJU8TegA2IVZ89h1A3-hwT_qQ1nTe7z-cO0Uo06QW8EIx3E8hWrbsTtyOIX882pxxZAg,DIAMOND,IV,56,146,144,False,False,False,False
Dtb7uGTlGO3sFTj6QLd2ck_hNp863jzMeF4M_NZOwLo9kP-5JY04WIHWDeHPunD-mKCsXelliyLFjw,DIAMOND,IV,31,26,21,False,False,False,False
epp-7HJjXI8UbtcRra4a7AIF9Qbxc_5Dxq4wv6HJTbWh_GIixRoLOrtc0PzoWMsDxpaYKSjJWk2MHw,DIAMOND,IV,1,389,386,False,False,True,True
L2IOoafs4yfsOWhsJapghMkNR7-9MouKPUq38LflKC24SDS6_Ja3gsHkbTYYgKFmcHueYAOB_679vQ,DIAMOND,IV,21,439,440,False,False,True,False
gJNk-35h2gvpbvvUVs9a1ee1SATAjPzZCPjGhQRfXHdrorCZ6amGBIDm5TsKsz_HcZwqoSdC1miPZw,DIAMOND,IV,1,342,342,False,False,False,False
ASxeWcU3MJP0bEk4LwNI-tgbvWSECI5f-Tp-gP-BR57uGeRUFPXNiXJd-zcjs8MBjPx632mdAapwrg,DIAMOND,IV,0,108,73,False,False,True,False
ztXdDKouxRZbfLGIAfpdJMCJ23LUMefzbqu2T8FJrFhLHIzucrGQM7EJyk9_tdv1oTL8RSZS0N-X7w,DIAMOND,IV,52,138,144,False,False,False,False
pkaqPpz5Ntf1raoKPCLLi3Ixqp1zZQDgfqihUN3feM30IzaiRKjp84CdnbR9-lNKjnG09nw_VexKjg,DIAMOND,IV,1,77,64,False,False,True,False
R3PLdbmTfy0ulqiMg0_pD9QcHWFnixyprjJYp33ZiYHAS2kWU7zOwAci4NG4uD52YFyN_VKCCAVDrA,DIAMOND,IV,0,80,62,False,False,True,False
NaeD2BnwS2UocdcuDJG-dvpwh8QkealEq8Qeee_81lLj99i-gQVlaAm-ZkSTdoKGAnhiTOGK5TTKMQ,DIAMOND,IV,93,222,210,False,False,False,False
vcZNI4Nmrp5rTSzvO4iQAJAbBhLb-TP5keq7gRsvpgXE37U5KxI7jGnucyoyAqYu76waNwYzkbdNQQ,DIAMOND,IV,13,303,311,False,False,False,False
gu6iBxQgel7e2Fx8jCWK_6zV8mMVGpehBvqPrWAw_fiTbEA_ZEFFgrGO4Y3GEfu9rSbgo5q_YcnH0A,DIAMOND,IV,34,124,119,False,False,False,False
y62PhH3CN2Asq6DPlpnnttxJyVhkmDZNYEH11X2kRSWlBLa1kFXUAdB-hstWwZOro8us4UiJPVHzzA,DIAMOND,IV,21,25,19,False,False,False,True
z_adg9TqzgHYGfWnyQ8azsvZaepapoD5VzjMBFYIsqjB1JYXLtNOasmkf8EM9T3EXIKMJa_I-4e1nA,DIAMOND,IV,30,85,83,False,False,True,False
M4VjnpIy0cTmtl4skxaoAskME4rYRRKL6lYnRoK4vG-NKSmKDGk-ZRO88fh8Z9I8ngQbuIocirW6jA,DIAMOND,IV,7,336,337,False,False,True,True
sumY8jVjPmdud0YWezCg8eUUsjD3jqKIRPN2AO_3DPB7meLuLHT0Kj-5nONF8Ip8hXlBe94XmptlZg,DIAMOND,IV,61,55,47,False,False,False,True
PULKXb0qk_3gyb9N00wEh_I5NAWWhteIbh33PnNVBJRV-AA5ZdRWMkOFNwCTWHZbDMtQt6v9gCfsYg,DIAMOND,IV,0,46,39,False,False,False,False
8lI0LKyfYN5UhuzHzTpUo6_qPc2by22xWaUbAjAz4mLIQ-s868idqUwJEJWhg2wujuzv3skAe3LeDQ,DIAMOND,IV,12,79,69,False,False,False,False
tljLvXmsTefl9gbrwu5yGAyHx1tmyFR0pY038bj8AKFzdfj2X93pPOskSNMAG7Jim4-AXUz-0qb-lg,DIAMOND,IV,0,28,30,False,False,False,False
mabhwjN5C7U3j3yVRnlJSIi2NCLsqbI9MbS54w9Bk_7tToRAPMxNIflZPDOanB2QwpX2RhqYeRnFnQ,DIAMOND,IV,61,66,61,False,False,False,False
CGmUFex_D6Zaf_13m1TTpPprP6nr6vTOkBaZmWUA-DFeJ8eMYZ0R1eVj_pPNF3eUnvFQllVI99jzFg,DIAMOND,IV,17,60,59,False,False,True,False
0WqFRLqfkChMDzvR5mnbtklhoTIBvWCO2UIor-3g-8-jv0qt8obRH__hB_Y3LpLLxTgYKwrWV-Ocog,DIAMOND,IV,16,108,106,False,False,True,True
vgf6DniKoXstRxhw1UhOvZ_jVKSD8LyLiQ93QjZSvABRQcofxoNRxCctP-uYuoCzQRsUSMG6-1XHGQ,DIAMOND,IV,44,120,88,False,False,False,False
kmyOHnb2FJLwzT0jtAxhqaiJfgM6TaFY4dN7SvH0gW3SxG6xnD9VP3wqKY4JO_huwP0W9TuHe_7VWg,DIAMOND,IV,0,72,39,False,False,False,False
sYIIfJagtzZDgqS1W49r5NVQtwE2ZlhMA8j1onmFsd11kJLTWf6-ZjeXvqbZYaYMI_-ZxW5QULgekw,DIAMOND,IV,55,319,316,False,False,True,False
386MZIKat3EaN4RuYBKxfJmQJwEsHxuz17krar688FJzV8jx-vakOs9XNO65PhsKS4uBpqrvC4nk8w,DIAMOND,IV,3,159,148,False,False,True,False
eCxdYuf-DtmymbmwRzOuNRQYZoV8xoe0L63-0m7I-tGvJVl9DoBA7imto5i7envTanZ7LRsTNo6s6Q,DIAMOND,IV,63,167,147,False,False,True,False
a-Gbgp2NE9wsmQfTbjibRqtXUsbq43L6HOb4CNLHLGPsf8K_qbnIijdqa2FhIYEuL9CqaO-MvHr0pw,DIAMOND,IV,36,144,126,False,False,False,False
LoLA8RpggB8a1Q0HjerqXuUXhTyKNqQO-gwyjfLpcGRvkvSneujZsdDu27Ge64zpepklRB8rXu3b7Q,DIAMOND,IV,48,258,243,False,False,False,False
chYXiciO880Jgi13UDKiTNv7nAT7JyNEH-cpasAMiWSnrfWt_3MYKzLOrdd7JRMYbE7xZPZfXQhCyQ,DIAMOND,IV,79,390,362,False,False,False,False
CrmutgusyEwcShErE8RKOzgLHYPKiKuLoLeW0KiVh8zx3BiIyrwTAYD_VObQPHBrsY5rEvezAX7lPA,DIAMOND,IV,4,121,113,False,False,False,False
SCpBgfRDE1GZVo8xI52Yf4Z1jEe4irgPCA_Pn6Q9LWiv_lkDnqgqQNJH8CzbcBuXrGqOU8CmppECBA,DIAMOND,IV,62,28,24,False,False,False,False
XxDbBZfzaTdlAIutP-otyRl3B8-B2-QV4ZI9Bj512ZJ6yvt_D7NlQtU90FM-FwzXBXhhUUUEZ-hd9Q,DIAMOND,IV,0,240,215,False,False,False,False
GZJ_w99zFD8EIOOQ21pdL7-mmFENaPHIJpZ-Cokjj0TyQ5ZFkBjiyFpGltaQMEKw2zOBV8SQCFIcxQ,DIAMOND,IV,21,102,87,False,False,False,False
eT6OpFOPd0cDUxFRfDK8nRXq0K1nbILtTsOwNuhpyQx8wsBcTk9pr8_dTyPwoCGMEmSYmkX4e1JvSg,DIAMOND,IV,0,214,204,False,False,True,False
xijPao7Fz8Ej3ADTSS_xGjiJ6nrMPVnpn32vHNNaie4UnD1XroK3F1EXAWLHW92uu7Wi0IXmebxswA,DIAMOND,IV,74,57,31,False,False,False,False
fUPOK7iYNhEJ89WrBxWw31HxfUmcz-tmqHEKZH2vPTWhstWBWLQ3QDYaFe_Ue-F9UjWoucLULC1Xfg,DIAMOND,IV,40,162,165,False,False,False,False
m0IZCxZFL8QbzK2UJlg_XWB-iUnwV6NW3b7oohFJ2QixrzKNLHYK3r69EDyUcKU3BD0Qk-Vcr8SBkQ,DIAMOND,IV,4,50,32,False,False,False,False
HwcrZvck3HBN9W5i-vezQ8BNhXr8qacRARtvjU5yRyWYcdiKdyQ-5VnZsL87wxwRjiDMO561B7SFcQ,DIAMOND,IV,33,271,232,False,False,False,False
oSQISkE9ExauYyXzgMz0e5HY2t3ynJbij953IqJn5WwqbY6GIhbvb7W2TATkibhKk9sKPwR_y3K6lw,DIAMOND,IV,35,22,10,False,False,False,True
gLHYxCyOTeXqMrYGjEZ403eapC5wy7zubMK7XB1qjYJvvopAlTrVcBWMeA2SuJf-WqljgX45OkvDPQ,DIAMOND,IV,3,113,116,False,False,False,True
Ye31TZBpAsXdErDjykhh8LO4FobJAT7vPJq8lQS77DP0Yd-JGzcwlxSTnr-03Xbb9PKGeWwPT8EyiQ,DIAMOND,IV,56,371,354,False,False,False,False
LAvSM1zbsXBhYt3ETSh0PResoRl1AYCbFzX2JYVIvLkBw9BaAPv5il1CRoMrUGmxCxLhjx2Y35qVpg,DIAMOND,IV,11,172,158,False,False,True,True
CDFfe4EEvFaJkggDmTEacdCMgs1WnMPSE9W09RWQG1tiOmtWU-TKeXCsENR3WQtc0bIYWsTh9FHDMg,DIAMOND,IV,79,91,78,False,False,False,False
xSgzYQROIs183T-q7SlVF6MRI_TyKu3b5UaQgtzk85ExGaD2w5R2MSKJlYcwiTQGepclRoljao8Tbw,DIAMOND,IV,34,42,40,False,False,True,False
CO_MuQK0C4Zlh1zabj7LYjqEeV_K8tTOxZ68xuaXLPb7c4chaNal5-0qlZ_BLYtkLk_L0rYkcpfarg,DIAMOND,IV,0,34,32,False,False,False,False
OCNVtf_zQWKWLzkf5jGDc1VmZmbsLXMqSPXfYfYrOMN4RkgzcMpD6__YLtrmydW9hJ6UxWHoVQVdtg,DIAMOND,IV,63,186,183,False,False,False,False
EYC2FtH-uAtM1Gqb_XgI4cP2h2ASey0Fvv5Y2l1F3B-sX2eIgHYs6IFsCugRV_tUDFZdtRindnMN9w,DIAMOND,IV,25,25,17,False,False,False,False
-vJ-8aMNihH21o2wCDYqSyZiVcyw8c9OC2lO9ZxD2URoQxtMZyNjtJ8pZoG6TLK9lgJp8qRVwfMdbA,DIAMOND,IV,22,82,83,False,False,False,False
YfxAPAohuw0oNxvGbRh3erRvmofu31TMD-axU-4HcgjwVNHkmMUw6jIhbjkns4YRMo5VyV8qbhUOPQ,DIAMOND,IV,26,23,24,False,False,False,False
Nq45JAo9YR2t1oOU7asMbxldbtkduFDfGgGkmrSqj4ILTVpghrOdmiKFcC7rXcSW-gIio5nA5bnv0Q,DIAMOND,IV,0,118,123,False,False,False,False
MITTdZn3qS0pqCg21cjbjyB9PjkBZkZfLCAhVEZZ0Eoffykp0awJM0K35ZSVcv5z1UJwHh6yKbd6Jw,DIAMOND,IV,20,35,36,False,False,False,False
ZIHL6cgfRqOtC3HQB9CJKLItV0oU8TkL7Cwa9vCqbapGCJ3-XqAl506GWQEnETHuC0y5IxNhB2fA5A,DIAMOND,IV,72,97,80,False,False,False,False
XG0GP7SriGh5trpoMljsSzwUXpGn2R34hrbhLUB_qEluednn99mY5PoJWHEyHN8-z292TLggZjCmfg,DIAMOND,IV,42,31,31,False,False,False,False
p22MelymHDZV7jTBNhow7OXuzuyIBoqKvhAaEIHCDIBZpZcuRyR7UXp5s1EA_G3339jWnoGNOrP3hA,DIAMOND,IV,89,190,186,False,False,False,False
oG1W-n4DLjlc42N43V5odCDy2Uznv3P5SXLYK_CYIqIWpMI0G4152kxWLsDmyyVToXoO2NS-QGZKVg,DIAMOND,IV,81,211,196,False,False,False,False
G8e_unT3y8OwDZecUfm5B44rJOAndh4LkdIB1_BQfCGMnJnyIUDi-fLR1y8GE1ATlueP5FhC8PvRNQ,DIAMOND,IV,10,190,195,False,False,True,False
E_ClaNQ7zLeFcE9YLiakfZyoEUzPBG2rn1v3B-JC5BAfVnXt3NTTQGxxrpy18o5-NnFRhV0YlbUvsg,DIAMOND,IV,36,133,112,False,False,False,False
tw859jOTTlNLC5zjS5A0Ox8LGOtAsbV3qeiCcjt-3-RBdl8s2pwcHiT4z7qcUqVt-QUICXmiU9M_3g,DIAMOND,IV,1,518,526,False,False,False,False
TvY3WVW4Wj_GHPKdtD7zs-s8keRMILVDRyFAqp7BZMK2PGT9ePY6g9BjSwXSEEtRbcomcPwvWq3bwA,DIAMOND,IV,20,176,158,False,False,True,False
l39ee_3teGP9xwJdAYK7ZDUFa19FAjdTAL0t1g97wyo2IXG2NMcOOJqPhfn0agorZb4sRel0xX9EHg,DIAMOND,IV,94,595,593,False,False,False,False
3r69LnE9XpMLpFGFEvU2E7Q6TAOYCT2L9jAC06RkdAyoJ-bGv1_Q3Ym_ky0ijjAtRKpGbK6J8hxauQ,DIAMOND,IV,82,340,333,False,False,False,False
6UcL5LtqXT1TxsVNBbaPSy0EIfHvxQapH_Lfa4iflawyTAyqicAUVrsW_bUP6B22i_wwW74W8yfL3A,DIAMOND,IV,71,273,220,False,False,False,False
KzwhLJ8QMcmbHSmM4QVIz7KhNqHUzlvqMgC_mXhsfeYkykUVoxnZQcSclQJ7OzjGRKxn3gfTZrYB8w,DIAMOND,IV,12,156,147,False,False,False,False
MBrw9ClptOW8ZGbO_bw6l52nbiyOigDvja3vRJQSNh9aifXLIjF9e9cq7dWp4qFeWXCeqnvMfKeZJQ,DIAMOND,IV,89,320,307,False,False,False,False
9qABbVzNLc246m3AZne4kEBBwB59ibN2X-mRyAEPSlxH_AsElDzW1AKiyC7ErbV6OglEvtwWzkpocw,DIAMOND,IV,57,330,313,False,False,False,False
lLTmj9okcdglXCx6v4ACzJ_zVLwEJNjZZNZCZo6CebAOEejJYNWxLItFgkhOcfpWZoI2JVzJTsA6CA,DIAMOND,IV,0,26,18,False,False,True,False
KiMpzB0-9YuVDs4FE6Jl40EvXO3fkpRHimz3v773m5Dx6DGptZHngoOrdbJx2RAruyj5gdnl96DCew,DIAMOND,IV,2,68,83,False,False,False,False
MwIwhm47XRy_NUhVrqXtYx9-WLOTmlSMvxCUkhW3Aj-_Rt0VoW1ldAStbHNDu6_Ph7zXXJQZfsAedQ,DIAMOND,IV,55,21,19,False,False,False,True
aDMYrJN_3SwKpFmxC2kT2OMvOjE9qVl1n0VIQ7QsMAyQoBWPSjb1htoKIk5Zfge1OEcElRxHLmGqOQ,DIAMOND,IV,1,91,71,False,False,True,False
CEtQVwo3cUkcE2LSkAijGzDCQdBI5av6_v3Q-AncViEkFWeXENVWxgNpJVHdtp7yEkpkbYnQ-kC4sA,DIAMOND,IV,0,174,159,False,False,False,False
BmY8yfKnVBdn2uFSLlOoAtUuaCW-K_Nx0wLVbV5E1NBNB50rEkNVVlldxTgNUUg_lwPTbBLHnEtQFg,DIAMOND,IV,0,219,253,False,False,False,False
zxRX5W67XtjTa_BpJy3xVzT85QggeYnhUSXof4VCkQhWLFBU7AM2oH1juFSkLa7jai4vMHffGMGyDw,DIAMOND,IV,0,20,5,False,False,False,False
Qfab--MWqUqFva6inlOI-DepYTzg19GcPDKj6tkG0_P-3GoqNw6psxEsTDo5HB_QFj60HaWet3d4YQ,DIAMOND,IV,1,50,41,False,False,True,False
4_K8QAI9RAJyboHgtIzcadmL3ceKyP5ow2fkOXegOnPA2J3s2J8B_Ff3BJMpU6yaspvKhc9SdsY8Vw,DIAMOND,IV,0,50,54,False,False,False,False
Rc-MnXyliTdZBgKRBnFrDepSnGEhhnXOU9NM2A1xXY2jqugqTfOc2uyEqKC2_UMA3olCpaui0DMPBQ,DIAMOND,IV,21,38,39,False,False,False,False
R5_61dzKgqi-XV1NpPK0RzYZlPZECOmp1JXytnLleXR_Y5jYoiYtQfQHp3yDh26x4GlloLh4AZKfjQ,DIAMOND,IV,32,88,83,False,False,False,False
VdFSO32NW-SfqMvNvyzC-t9hS6-JSZ2V-VZnfFM0RQAQugwCh705bjQLVbX68JMNj6L7tT4tmJry5g,DIAMOND,IV,45,132,113,False,False,False,True
IVb4EUG7QtDQ5_jsk-qGacQmopT56zpEl6b2QvNlX1-4Rfly0swiMkBZ_vsh8iin_seGRxyJsWcB9w,DIAMOND,IV,53,66,59,False,False,False,False
BHktQUGI6_V-2rEezGf2ipRwwWwOUfvcO15Oa5XUi9Qn7dUl2vfOJjlMjdzuMPy2kIG51_3UzLZyWQ,DIAMOND,IV,89,31,21,False,False,False,False
RonG4YOUo9uFyWc_RT-aruUZmnRcEQRFDb05zzCgVX14zJ6heGhhk9-pOPu0xJJF9db_Pw1zgq7q0w,DIAMOND,IV,0,113,100,False,False,True,False
Jxi0-iwcCDDhplTDjJ-lradpphsoLDs4vgKtt6BhoirJ945n4YMwBl9Io9TugsPeDK59ttCm6NbrRQ,DIAMOND,IV,19,316,305,False,False,True,False
N7yoXEnC5tg_347lPLLjRMc1OaEE-oBlH3sBDOml7RIp5JsR0nS2wO5mVAR71I1oydx38kF2jthTIw,DIAMOND,IV,5,135,122,False,False,False,True
nDj-sp8KGH-Gj99L-3GBiSG7SL5VR1pf23wkVfhmRQDVC1ArtxAKgzcDIL2kGAzci8mDo_rfTf5wHA,DIAMOND,IV,0,82,78,False,False,False,False
u-QykyGQI6Zu9yjSInM9uraPy1vDguqPOyr3OxkFefY8LC0XGHw6WH1UYVYwqa_4lD0Rc8jAtxY-dg,DIAMOND,IV,0,106,102,False,False,False,False
-mGcT35l3mpQiZnbrNHcFj9UHXDv_PRbBWzk5vtQU14cLV25j0tyBN7GWgyg6rW-hGzYm5vUDBYivA,DIAMOND,IV,26,124,124,False,False,False,False
GNc5PjW49P7PHhT_0oOsDmTmkKTUthdisgwyha0F4dWYG4gSRKDybRDHSElhk5JE6vBanmSGHSNYfA,DIAMOND,IV,94,30,25,False,False,False,False
EnSkvCyRAbRsZ3lt2U0nkA4gEVy1QSZBrTODLtcfIX2pdDbabyznMAplECjdk_5LnCKX3RVcfZTD0Q,DIAMOND,IV,28,88,80,False,False,True,False
NVnP3cxl-hy6jrK5EORYwpIHxywBNFLoN7JbxTEPcs98JUdj5b0re-UaVuKlHouNPuuO4rjLsKmWXA,DIAMOND,IV,4,101,87,False,False,False,False
tqGBcJHyPWeiOMRqO-vV_yLYOjJep652dfKvPADRW4XjRTeLNqU7h4FC3N7OY6h7Cn5txktxmoVDgw,DIAMOND,IV,46,256,246,False,False,False,False
Tv0snLD_4FritnYdDhw_yQ6hBqCRIieQRcs3SkfNPMXCl7pYvg5qugTep7v-WO1ze10P_Z967ZLpqQ,DIAMOND,IV,56,199,176,False,False,False,False
FOFG7BTpcy7m0wPyMM51R9c8zHgZXVUE5u4x_TRNjxxAsnptS0x0ycTTxA-ilc-9oxwPyNkRwhNnCQ,DIAMOND,IV,0,36,41,False,False,False,False
w5yZJ1pIyBREcDU8Vd6UKTmuhaxnrP6l15ty2HlWfMag0QYU7u0lZovI9ttqkiwRSObsiIgwMxnJzg,DIAMOND,IV,17,61,72,False,False,False,False
dutpm2a-QjrUwvkjFdGaxXFZSmaUTcfgv-w-zYO_y8PXy8k0pybzskIG18WgK6uC8XgGdf95Tb-0pg,DIAMOND,IV,34,147,122,False,False,False,False
mmMLokUlnCswcNx1zuErAw4r22-5OwDj7c3NEMh17--LHIDXfAz11KFm5VmUCY9IElJsFhiuprrybQ,DIAMOND,IV,40,46,33,False,False,False,False
N_w_CZ31siRjznr76c63DZLjQX6bb2Mw1AtGLFLE_beuRxDLAfD2GmdUZg7Og1avYp0iUt3ZooM1lA,DIAMOND,IV,2,21,20,False,False,False,False
lDNXiaCWTrMXL1Yj1fXveNNgvQ_Irlp7HQz2n7EfXyarHc-iXIAHep7Vr5v7d-k3Sn7z0WHUzwP-FA,DIAMOND,IV,95,103,107,False,False,False,False
d5qw0VdB1T-BQfp3Fxj3lMa3cGu0vOUsIIPJ2bsMCYkcYkB2wXE1-8uDZc0YhgsfCKmJIInV8Gropg,DIAMOND,IV,38,50,38,False,False,False,False
mzi2-3e-yUMFEYBjXnTg8CUoA5U4jwD-MS3HcaTsn3qVe-erMOPDEq8rzq3EKaPXG2PP8Qr4j6eiWg,DIAMOND,IV,27,21,15,False,False,False,False
uHHd26Ar4r3lBXywKgpg9lQQf3FBmqNhLktaUsAZZNPS7mm5PmG_riWJwzhMKLaINPTtJvLxIsrB6Q,DIAMOND,IV,2,187,202,False,False,False,False
SOxfuYZagsQvkuT_aUov0eQKN4WZ9O7GM5EkU-IIaR7D3PFiTOufDiBPygEnc7SzJg8UGkmKJmz5Eg,DIAMOND,IV,0,41,44,False,False,False,False
HP-TCQ6P7-tHcT0CYLt-BxXq1riKE3xi_ctLL4goapHlonTw27FMmZAC__BzffNewP_Q2TYI1zvldw,DIAMOND,IV,66,212,212,False,False,False,False
tb97E9xZrvzPpE086RBp2ysQVdZIyXDcPiMuzk_Kqmx-GKWUYF2c_cU4eQ4gO7XSQXnG8h9PCzn9YA,DIAMOND,IV,97,71,63,False,False,False,False
XbvwyzyXx93C1IDUMhRBcmdr6zOim0-JHbrKRJruZSXD79TCmahY_ocSSV_f9s3C1dWztuZDKL2V9A,DIAMOND,IV,0,46,33,False,False,False,False
EUc_mXvLo70og-3mW06Ya47D7nsEEonuC67Dp0jUjVMdZH0q3qW91GZxncMlZZS4EyraspD46xfaew,DIAMOND,IV,94,88,74,False,False,False,False
lrqbuSr1Xs8IWaRsDp8RG7ncwsDT2bDGv-cjavQx-yr5xVExlFNsSd3NHgSQQVXk594mPkf-BJW4CA,DIAMOND,IV,29,387,379,False,False,False,False
cwD-OpPFxCcq1mnci4Ol6Gq6TMFPAM_zUHYoB_ByNDBUTaZDLORrQBGS17d5YDteYUJXaufe7nfD1Q,DIAMOND,IV,67,609,598,False,False,False,False
_m85SGX3YqU7Y-Glgu-qJawMIr17uzjv21skUMVXAUel_Hz8opEFveDMydiDFk1Ye5YCCk1f0h-mfg,DIAMOND,IV,17,273,242,False,False,True,False
CAY7VFt48TFYNStUhmMLkGMfB6LecgK3WlXKZNk6tz5z5Ms1g4SSelqzBZ7t46R0JnTTt3Z6w3egpA,DIAMOND,IV,14,277,259,False,False,True,False
7i4p3qKcg5bjAcbLtz8-bkSSRYhhPauqHQCj-2m9_czIzduK06DD3a6L-ATzz0OEwezEcYBgLMfg6g,DIAMOND,IV,55,47,54,False,False,False,False
eq0A5sF2O5ehhSzoKuckcoHwSw5r0KQHCwurgpMkvqSmCxTyjpbhgyJUBRKTzSHboeW0KLesnWDZaQ,DIAMOND,IV,66,122,115,False,False,False,False
2VYZRHiTCSGQ-jisw2a0P5YGNAB_pw85v-RWBgTfb-IqRrGgKfYnK42cQV-HZLi7S5NR36tzYLHyuw,DIAMOND,IV,3,31,37,False,False,True,True
G2u6IVg6fy69TgvSBHPTjfsMVnmZEI2cB5iysiS4ZxOqaEYaZ7rDKJEDAji1JCpjkmHVanM0N-x2NQ,DIAMOND,IV,7,105,84,False,False,False,True
a8Ouu376BmUfJ6AvTEmMkNEFHrMqruxrsPqEQR0_GbmeRGJGAIWorAzLsc9SnyEbbKedw0_IsaE1-A,DIAMOND,IV,36,92,83,False,False,False,False
oyHlExYNPll5GlWdwXJu0gVSmXz_x4edCXqIZG-D5B8_hzzpPShsoNL4lUeupUPYOwSbyWxiSjJmDg,DIAMOND,IV,22,28,18,False,False,True,False
jiQa8U2u3bSITjj0zzyPT0l8ABZhCHaEoBuEsaYMNDYULy_I5Gs9gdGsWtO4nLHs8DQbOwc1KwTxdg,DIAMOND,IV,80,163,172,False,False,False,False
3A0PYi23ZUsoFcgUawwUAzQLSUp8PWBd1Gn1bYueeKPiuSfK9Q5DmyUV5jVl3JjWEk1FdaPmU6VUZw,DIAMOND,IV,3,197,176,False,False,True,True
7G85DAs7fHNjfNYZvoA6BHoPcDmWv5-TNRLnqfqwmXQJVliy96I81XZyURJdVJMiFQhNFgpY5CTNGg,DIAMOND,IV,49,365,374,False,False,False,False
9MV-caXMIzSi74bI84U-VNrBrzuc4w9_Lnt9PpBsTkhT_6v5xR2sYhtujl4E1sopTR9GyhSmNCf00Q,DIAMOND,IV,0,919,900,False,False,False,False
FNoAWBxV8wL5SGJNohF7kXooaYRSdqbXA4vSvUPOb6hOR1wcnvjLLBa1KaRJ0QV80i8sRK5L45SwbQ,DIAMOND,IV,40,162,143,False,False,False,False
XqEX5VG8oIjoxrpNJDBU1dV_HGecHuiwKsE57ZSjow3168BRuTyhAiSs2RTV2cqua2LfziUkEbzsCw,DIAMOND,IV,86,118,92,False,False,False,False
Nc-leMmopxMWfJGXkJDJCvvHUixDKdvSPtl-hUof1yGp_vaewm-c9SJ6fse28oVIcTrEhgeK7zUa6g,DIAMOND,IV,4,49,56,False,False,False,False
-HtuzaUmNL9S78-Mmg5kWN4GNCddox5a8TWrbEZmK4oX5oT9WoZB5qv1sWOxR0_NoN4YsyQa7n18Jg,DIAMOND,IV,48,60,61,False,False,False,False
pntGJGsV1vqll1FY6rY7yz0JEnZSEtVlCak1mebFyvHqQURvosxq9I8rlbdE0dYGFf7iX1yYdIgnZA,DIAMOND,IV,99,330,319,False,False,False,False
MjcTdR0RqD3sdnTbfBffDjBCgO-YVD45IuaRC0m8vSkyXbtE0kJUTugxv61t1E2DvlBQPKd7PE7Fhg,DIAMOND,IV,16,389,389,False,False,True,True
i81x020jJ8ISciyNe7E6RMCW2plR1f8HTVhqZEmJhd3K6h7pZScsLfChDGhQDKH5s86Y_YbSTjQimA,DIAMOND,IV,75,92,89,False,False,False,False
5yqWhz7YbGd0M9EQIKV3ERql4Dq92PpzxSGIbhzkTZqrLJI47v2ISpM3XiGGEf-q49eWSYNoBEF-Hw,DIAMOND,IV,0,29,27,False,False,True,False
IlDZyqpdJeFd9Ksb6VhQFTKBxPvwvPnDgYhw26nlsJhtOW0pCXl-90jAqgVGeCdOdV6RNITkuHPGyA,DIAMOND,IV,10,113,101,False,False,True,True
whFqBYvIkUwp24HwcJpFu7l3mRJbGogbkT-kDOY4VEJiLno8XL0W1WREoXV2VoLwgV6fTV4iMJWW6w,DIAMOND,IV,22,112,120,False,False,False,False
S_8sDTEaiXC6bibegSSgxhF9QHkmWYjpRBvJXyjdcsTSaKLwk7fBZIQ0nmKutvtei7GwxAv3kyLHHg,DIAMOND,IV,27,67,97,False,False,False,False
V_mUk3-WGG3BjdatXnkqT6-Cvxp3TRO-lrImx_SWce30BypnUEsSZXavFYCp4ahzr8VsNwRsVRXiLA,DIAMOND,IV,16,115,108,False,False,True,False
0UOfbx9SFiuk6JRq0EMr9h-CsQvkmDyyGcUIK7HZQmx3p9GOeUc8NRlVRW10WVGH1P5eAN3w8ckSyQ,DIAMOND,IV,15,43,34,False,False,False,True
jtz80--Cz4ns0oJyD8fE61dN2Ge4tTr_PjTaeLRN5WFqpw9CqvezeHnj7nCNexfP5BIcHD2JIivpyg,DIAMOND,IV,0,320,319,False,False,False,False
VothsmL-wogZapBYcrnrRTz-t2B4nHl0KdiZYXvifHAhk8FTR2p7f51LGhWC4jPc-JqMTcvRWR8kng,DIAMOND,IV,64,388,371,False,False,False,False
MKVCFd1d1n5OQKwN-RHz8Z-UXcfAQ8VHbwGfKAQEv5SuBLxD1W6QXm3jJMs3Pjyz_RCAjIDlDGUxGw,DIAMOND,IV,82,188,183,False,False,False,False
5AbWa7Li9TgaPTiV-XcHQYMWQmVqIQOUMg3G6Qr3imJO9fYkVKiDp4voWdlRwdd9_yVh41WIUgLbvg,DIAMOND,IV,16,355,325,False,False,False,False
v2B2CctAYWGi0dcdwOe5k8NTWKJ2OYqDrLLcIlc8MTaZKbLgaHkJbgWNEBg2_YSdwxT6c7IBol1PBA,DIAMOND,IV,35,181,170,False,False,False,False
7t9A3wDVs3lu-SOikvyh_zUjcC3FYvYQ5gxzDZBuPhaNw1Q6if3cWQ6PkvpC4fLJhQkm_jV2_nb6zQ,DIAMOND,IV,67,18,16,False,False,False,True
tvEIRS5aZXCYDHISX5yHyxzY6EFrI8632FZINUiedKR8Nqb3HOQsQ0qt2EB-Y5YKmsEOslM6q9mFGA,DIAMOND,IV,14,147,125,False,False,False,False
czLK8rSswoln6LcyHJ1uiQ7xr5HUQeA8n55mQAK2Hn8YEh_PhR6pIwNGsQCWjntqCMfNaGq-158ygQ,DIAMOND,IV,58,33,30,False,False,False,False
5AlwkAdtvOenL4QLUQs_mkMsSz2ONCadlFwSOIaLvj3eDnhTyakCRDhsAz40z2CC1VAqQ47qmzi_Qw,DIAMOND,IV,25,94,87,False,False,False,True
vUAaLZzUZILwMvf-uMD5J1jRpf03qSOJAiVauONcqthSL_6YHjyN7lIn2rRpIe_LQh40R6bOx0jTWA,DIAMOND,IV,40,175,157,False,False,False,False
jn5B6dQUz6oOtstmhG2Sqf1W4Ec-ZhddN5ufdjmVZsNQW8NMQqBF04_8y1a_yD7ek7ZHloO7ZAfBng,DIAMOND,IV,96,404,370,False,False,False,False
M5swjj-qz0jF9NOA9-0xzZ4ZjFyilVyV-IWj9i9KzesSSNM_XiO1JugrP-DQhl3AS8WBuAuwsiwX7g,DIAMOND,IV,77,286,258,False,False,True,False
iPa2JzfcdDxppeOHIWH-oaXw3EWMFAU2R_0x2eZ7-HdUuPIdx3vf6JXSzNyE9yEUq17_t96sbj3w2g,DIAMOND,IV,25,24,23,False,False,True,False
L_7V-E55NBzWdJUx2zrAllbbSsJshZA5bGhyb0-MwQbGmC9SmUlIKayRDtuaHnMjbdUB2fojbn4icQ,DIAMOND,IV,54,105,86,False,False,False,False
nHy1C97Hsjlyj6ZmHwxbTI4Dd6VAreVbQZwz7X27kTfMm441glRaoPNxJEjTFGk3TaMon9S8grtUKA,DIAMOND,IV,5,91,96,False,False,False,False
3HsVrDLFkcysH1g1SaeBdvViotLRxw0by9G5RCu2ygfc-xYBpn8pdEm2Wd_lUaD9hExunNvpd-ZbGQ,DIAMOND,IV,0,47,23,False,False,False,False
mFRsYrYJ5JqNfNriBSg_kbc-dyyMfPEqnGJCRplV8RcaB3-5y_QjgnIqF2JVslt4_clX8YmzWAzmfg,DIAMOND,IV,32,77,62,False,False,False,False
RL0T29Jl1ozBuDp8B30ofO397J8TmmthkTv9bSdqdyfMAWG6Rsjlu4U1Ln7W77YEtT_GPQymnvfnFg,DIAMOND,IV,95,31,30,False,False,True,True
UHaqd9bFxYMsg_xrpSGFyQvxGCsqHa1bB8WfzUGtNkdsHkWERRPIH2OWR1GN0xdTOOqQOR0RV4OrGA,DIAMOND,IV,34,190,167,False,False,False,False
F6T1xcRhPL39sQUknNmenv-UmRF5V4kh3b2_axZlB9toMQMqR9N3ebk1TiUDLoT_VkKDRPGKipI4FA,DIAMOND,IV,16,179,166,False,False,True,True
_E-cRjMUz_sH3KCXAyfLscBHqXVwmrP0kKd5C273Xak3_h964MPcNbhMuB8Uf16yoQ1XHTPO6xs3bg,DIAMOND,IV,0,307,292,False,False,False,False
PqrduUOtKqGgwSN3AWKrWHdeVw-mbTaTuG40WMj4CNqAVkeXjtiN05-nns9iU1IuBvSwC7sBYiwUzA,DIAMOND,IV,12,103,95,False,False,False,False
Z2Q2v1ncEXr-N1gKNIMkC8_JXQ6sxmhg4x5PrvVkjuyzdbVeUIZvNWr_7gSLAdmB4k9sxc-rBd57QQ,DIAMOND,IV,0,40,30,False,False,False,False
0VpuO4C5d_BGHnYoy6P0zbWeNOCtJ6IP9FZ-fj8Z5Xbi_6jl9dnl4UcyysJVZ6X8yURXIq8qN5RLDA,DIAMOND,IV,19,47,33,False,False,False,False
v20Ik1DdIwGZ7sRw6dESWMQsrYt1D12NwkuAuksDsLkBLMijSod9REJAzo2QXKJh_DxSmwSUhWpvNA,DIAMOND,IV,22,25,32,False,False,False,False
OhaORYvmwTwiw08LWxHvVLbwwra6vZX_DzSsfXkv3xbbBDTbLCrkupB5el19pXhpTK5dNCYcKfzM2w,DIAMOND,IV,8,107,81,False,False,True,True
fmY0OqqxuM00_bFZ3yIilZy_7JN5Ayv2A1ggvZKcXSoWZHFl8eJlsKWGb6AzPUMWEO8T1mN_siZR3g,DIAMOND,IV,21,82,54,False,False,True,True
O8zAFpUD5WYwurNOBR6_tnjYU_m1d4j_B9kStfeuklyTFGRD0mjX4qr41M5EBk-_ETLM8F-wbxvBlQ,DIAMOND,IV,40,188,162,False,False,False,False
zuUY8Z3XfokZJDH_1F9xMAL_FhscN72u28Ipq53_24qXUONyvz0O7-L-x4ENpDB2CPJeapyW4smLGw,DIAMOND,IV,16,164,151,False,False,False,False
pjrdxTo9OfImt6Yg8jGPVQNZYQcw6YY--IVosw1RPowLD3Dbc13_5XzGHJJPDw3McTmoMqcCvmKEYA,DIAMOND,IV,72,162,164,False,False,False,False
5nd7vCiHGb2GKET00JHc2Lbau3PDYP-NPuDEDUYwa8xk2odZES5-mae9pkq7a0s8gJX4Lnd1tOmAWA,DIAMOND,IV,5,16,8,False,False,False,True
Az3WREVbZArygBKnJtgXH1yrh5Krd6fV3Cs1IrwufysF0ScVhU6gMtVDelpf5hFU45lG3GV5I_2jQw,DIAMOND,IV,10,74,65,False,False,False,False
PyuDi6GnE51WSYvA1QLgbGM0JC82cxmJzNuF0Nq2t7hE4aDPCGoI9uegHwWw91JOvtMWVP2zLyurvQ,DIAMOND,IV,18,50,39,False,False,False,False
W563QOyXSUvX2SKa2zKeLQ1WT5eCgTiU1EIeUzlRhAEKWeZg1DO6Chh6Ji3hfnatAzh1uS-H6AH2ww,DIAMOND,IV,40,34,29,False,False,False,False
uRY3GK8KzUUKQhdw8Gs9s_CDsVifwY-6aGsbSxXC4buji7SBuhI2tAtxl98XIGz_2Am9LIksPBzAVQ,DIAMOND,IV,57,599,585,False,False,True,False
85G3RYEoKdwuULBP-tOkAI2QEwTNPo6y9KWWibX77egz_uFAQLTsojrehHd3_dufvsNDitac-gUIsg,DIAMOND,IV,25,166,174,False,False,True,False
ImOUrogjgPQIQ9Z1-eX2rRZTZRMFYT3vv8fvsNOKdPwP3PjctCPLIcJKmbJZfQZhfkPzIAnnKypS3g,DIAMOND,IV,97,27,32,False,False,False,False
y4KayEk3Zd3yuG35nkuCDGlr_anIrawDayfknz_hRJzAjqM66kRqM9JVd_iMaUg8BZ2Ohlu_O_Z8aA,DIAMOND,IV,84,180,161,False,False,False,False
t0GDWmzhXpxyQfmzF2ost5TdEu7-BUDKzHty2K3CuO5peOiM9oe3HV1EO5FSuwtOcDY0Yp5Y-TGedA,MASTER,I,1861,124,72,True,False,False,False
npIx8aZEzg-15PeTerA5Kx984livOMmfrx2D8crXYqzevMDnuIuzmFySYyJkkONt4zTdV4n_kJRcWA,MASTER,I,1813,579,503,False,False,True,True
o3bFYJLAFfu1Wy4F76IYeYWKR0tSn9QCZW6aX-4xu4ZgQ28q561IjWE4rCA6gQ5U3qnnJvuqGscHow,MASTER,I,1791,543,498,False,False,True,False
pjowrL3vuGdOlawjbWqGVM9GmluZejSz429d6ArzMbHw2FZOyJ-uhZfqi3wi7iD4HwTOpbC480Og3w,MASTER,I,1790,452,399,False,False,True,True
eYyeYcLxypQjZJHLi3-Zp-8HgkQ2eSq0gGGz5TkZWqf62o7WjLP66fYPGqy41OZRqKD2LnhGyD5WJw,MASTER,I,1789,629,568,False,False,True,False
ET5B86eVW9DcIDhXDTjPLi6NEIIw9PA3JBa2qP3UZNa_VCtXypkZBWck4uGIKw0oNu_mUo9R4bPm5w,MASTER,I,1786,237,177,True,False,False,False
6_qyfDFq5wpMjxNQljCPcAu224-76ajuXt8DoNmZxOvelLctvIAirFFSNdxPsx04xQpQ6EjAO_oveg,MASTER,I,1781,596,511,False,False,True,False
USUFPBkHZphJkogwfK-f1Mxk4-s1WGfAvjpHAdWVjQoVRowBg2vZT9TI275jLcTXY5n9sDeLs10Q-A,MASTER,I,1771,310,225,False,False,True,True
Uc6jbbn-QWRU7fxQdWvEw0mMLu15NFY7ai_P5awsLbynXg1OVXTFlQSFn_IaggsnrXii7q1y41UBkg,MASTER,I,1766,366,289,False,False,True,True
36lEGO-lIiIbco5uDbDGQ4lT5pUmWXhWD9MCYil3zUz41qE-55_vYGpX53dakO1yyQdVy__9sY7vVA,MASTER,I,1762,443,390,False,False,False,True
vviChwqExtX2YRkkpYLPXmjfRPAj2_8E7Ob2Cwt-0q8TyEoP70sRtU_2FtTDyUH-GEKJmCjPNzEa1Q,MASTER,I,1757,388,330,False,False,True,False
sp1kMZz8DF89WA-IXsZrv0em89_ftuccC994w6y8a5kBVux52Sbjwm2Zt-p6mMNRmknBjGik1c7vXw,MASTER,I,1756,336,278,False,False,True,True
9uYVq-eHX0e_HKi_VsJqcbFq8d0V-HTADD0ZU9sKiSBqluTar5axdKEhpa4KerFruOn93KTTCAz2UA,MASTER,I,1752,1140,1102,True,False,False,False
2m4PKbAZGOB-AhelWshf-i0wpqGkr5EBZdL2MmwEQcmSgB8lIA-TkEL6pyRRe-XyP-PtAGfLCzj-_A,MASTER,I,1752,226,162,False,False,True,True
TBiMNnAcOP1rdio0N8C0NNVXAC-Myful43DwhtcdKBHKjMwTvo926LnWPrrMiqjacSb3A70hx07FIA,MASTER,I,1750,193,142,True,False,False,True
aw8Sw4tK49O2FYj7ebpDJLtArarVOgAVKtbalhrUd9ZM0zfsHQg6CxUv0RRa7CSFNfytlXOXbTx84w,MASTER,I,1744,438,365,True,False,False,False
RD3srR5SyfvLwFSRIQDx7VrHbj0oMQ9NMNr42C2fVISfvH5vVSphibenysiUzkpHDYOB6Rfh1ZbZ9A,MASTER,I,1744,266,201,False,False,False,False
xGUvG7eu6wFZ2ke9jIAoUy2pjAWIvUbcna4yXAAlDQm34UbyntsjzlrfsN0vzOnokSo07TA9LeFiSw,MASTER,I,1743,1140,1048,False,False,False,False
Efbe9pKx0JlsS9zhqU-GWuZHxiGw8Gk7oLy8wzDBcC2VbXVlAZjiXnuQmHgMorJXFyoft2-L4A5EEQ,MASTER,I,1742,489,438,False,False,True,True
-TS9dYda5NE58i9tCb8YNTSPSHmcgGuUxkQzrgGZA_5oDTmlWphtkV-xkyw8j6vrIIc2bOGClKZyYA,MASTER,I,1738,802,781,True,False,False,True
SiP83fBoQip7ci1Fu5VJ5JXwUc1XVp0VlvMvRXneW_uuEgY_lAFIJuolMKaKtoJq03b4CMIUT_LqEQ,MASTER,I,1738,296,229,True,False,False,True
Zfl0hYLCLh-aWcaHegRaE15ZTWgLtRGKIObMY0UX9m-pXfapVU0vbaf48pKmS3z19OK3xmmGvtO-Hw,MASTER,I,1734,639,555,False,False,True,False
oKmdyAPLASR0eBVzfUMN25I4dqdvCOcX0Ww7dn4RchpiAHVdglYFZ56VZcoLY3Pj5YwVP2cHFWgULA,MASTER,I,1732,302,258,True,False,False,False
0squTJrO4Lktxb0i0PJTQh_s7-X-ZATxQxo5XWqzKr3kXV1wBLPOUZvVs1ZQ40Izv4KUN46GukKhVA,MASTER,I,1731,556,531,False,False,True,False
Q65qwOCVc_ntsDqUGp-bnSwBDGZHzHBZB3yfFjbskYcxS2Y8545Qtk_pGs3rC5lRwMLOv9koOFByzw,MASTER,I,1730,424,322,False,False,True,False
rtSeRxsqeWmeM3LNdA6zBqNnkTNQ7qVtbNlHLFo9ZrG4Tg63zNHkdvWpp6BiAq_Lf9TPcGIJRz3ktg,MASTER,I,1729,771,726,False,False,True,False
qDKvfP6gnO0XJ1NUCuOrq5aKfk5RxgH8qfZE8g7hhzxvXynV6JEpNCVyMOy3K2ANmY4HDa4sG3vbVw,MASTER,I,1729,409,373,False,False,True,False
IOuZOirJkZsjw3LYUyLfIUpRH450yxs_n_4xJQT75r145deblnea1be3PexdC7WP26csVVlMernBDQ,MASTER,I,1728,367,327,False,False,True,True
xUVl2LDxyyFCO4aDVYqsQfKkwXb51njdsGBt-7qF7uhMsVdbotqQXr3y0MZOrnOVgWWiJR62_cqFvQ,MASTER,I,1727,356,286,False,False,True,False
O6GXtAMeAgfeBsbCl6SiAVyGeJZ4ZoBUGAByGRA0dpksrM7Q7scadW3hGLa1uLVW1ma4l9KaL4Sbng,MASTER,I,1727,118,66,False,False,True,True
JQu3S5FUxlivk4ooMHbxqfUd2PeNCa_Q-Zf8bdA4a7LoJDZNDqAEhLe1uDR2wLA2z9elk3RyZKhPDA,MASTER,I,1726,140,88,True,False,False,False
yH9PMs4dXdt22tMbwhqeiMLazaS5UNeDb59ipetzMnRL30xT43DqgDb9mTniDrLAn-_fnXB_nog_DA,MASTER,I,1725,185,131,False,False,False,True
0H0y2LWFI6CyMe9-aGhX0dV7qI7CLfq6lkh4BHpSIlKr45mOObzsMT93umX4rWvWbtVO3QF1HDudpw,MASTER,I,1723,373,303,True,False,False,False
IlFzp7N4IGDhjX5AKBtCzz7zoiW2V-c0XV1IrXiSiA3p5C_t1mCUAn7tTzGurFbN_HZSU3gKCpDinA,MASTER,I,1723,353,295,False,False,True,False
oCdfHNB3SPlW9RxQmNIVZgMjo1I5Xk3vGR1z8ZDxR_7pOza4TWljtW6OY1pjzlVIRQ5-S2nAittxZQ,MASTER,I,1722,312,240,True,False,False,False
8IyiC7U7wJq7MRRf37ToPJgUplQWQcajwONnYqLoQkvGmtULQahKi6Q_7_cft-SW14zSah53-C50_w,MASTER,I,1720,770,678,False,False,False,False
lXjYpagwSCkY7l6Fe67e3nayIIACY-xniTGKzJ7pS07UpWrHQ6zkczoVLIKcSlPrJgPMr2d5qCu15Q,MASTER,I,1720,568,513,False,False,False,True
ocoWjymVqSd8Wbpir4IhFr5dxRwoksZrUqfoMo2f_sMMFtzeIfFIA5PSyGpjllwHErHvWd9xNofDTQ,MASTER,I,1720,251,184,False,False,True,False
spJQ7THe5TzfX6NYdsBWBbGPnoUC5_gcZ6-7CZ2Jd-9l1SunI0HuU6bPcU23Nt_FQcJHRXaJB7KTSA,MASTER,I,1717,601,571,True,False,False,False
F65rY273Do4TKa4OfAU1eCrux4Vh5FPTjcj0MHPdvHmDEccBy_UztK4HFXywjye_Q8Q7fq0nPxSPWw,MASTER,I,1717,273,234,False,False,False,False
w-9ZeFCs2phTtr0hqTWcH0LWNBQgc73KYqPFqmpS__Q5ZBBIKNC8skY-uVzU4vSXPR88ibeVSeFuYA,MASTER,I,1715,405,323,False,False,True,False
nn91wJsVxX9RCGzTNU04EibGJN9tqPJ4ylbQlTgmW8MP31nhorbwAHunV2x5fk0otltshH7SsI4g_g,MASTER,I,1715,364,299,False,False,True,False
WhYv_Nox6xwqLR7pjt5I5T12fkjn2xJx5Qzp88eiOsU-2lHy_EklA30zX3lA6geGuIQ0wvJxm5ijlw,MASTER,I,1714,299,239,True,False,False,True
w4ekWXgqu8QdVJAmgOyPqkCvNcQIsPJwnIgwupmHRr-uUcm2pN7X6-kd2UdkMCkuEKUja7uH4g7U0A,MASTER,I,1713,469,414,False,False,True,False
n8fTBQcidV7pQ0pv5TNf4IeKGlqkvjFWiPumol7olizDOfcwW0qj5kuJ-zubo2bLBOzLpsONg2MKvw,MASTER,I,1711,442,398,False,False,False,False
T_O4TOqiQlsYcRphM1qxsVZFi5rjt39FGUzaGFf8CAPId9_d232K38HPrjrLQLnxhG-AQb7V6phy_Q,MASTER,I,1711,132,79,False,False,True,True
-rlIh5RIVi45ZjUnGJIC6LK7ILLEh0jrwCMVRpE0Q-YxeBm6tbE0oHnQYSZY-pe65vJ6RH13iXVeyQ,MASTER,I,1710,546,451,False,False,False,False
ppsP6GgdjzYXtyiV843kv5zwoiepMLvg1bhGHmqamjkPL_VJenfLf-mrUxb9lgVRmOzJJbbWylNdZQ,MASTER,I,1709,527,471,False,False,True,False
vnx7p5zB5K2LMCHy4LCQx-ayWt-j8IGaocXB1MzSHR9EF20LtnwIkGBp8OwDW8q6LCwjwqSo9SvQIA,MASTER,I,1708,361,286,False,False,False,True
RZx_s_1O5S6kgeM4mzGN1PnOfp8shwyR_ePcGa8ma2-U9b4YsSdjLFY8Rj2dqCJMEewJUuC09vlgCQ,MASTER,I,1707,749,686,False,False,True,False
gmPSTI0wf3A0ZPj34r8icqeDRNT_MintIEK8ZEJO0ZbP0BrbTn4raSizh8LROn_q5ki2heQEgpFZaQ,MASTER,I,1707,732,676,False,False,True,False
1xbs6KyZ3Lc3UMjE_bcTmU1hhJ3bs-pz92uruavlSzTr3V0GXa02hqdVucA5zh0yoQ3BrnFAxxrRHQ,MASTER,I,1701,546,454,True,False,False,False
adottDTG0bwobnlPV84gtNPJhu9pCBf8mOEhpKru9hu3NvSIMX1Bb8EpolGqabipFxJjhA9FSZ4kfw,MASTER,I,1701,427,350,False,False,False,True
wJT55K5Ugu_lpVDH5jOduKsvddSKqh3Ws5Z2PhqWKD839RyRRK01NteaQ49rY6RiE4xmZ1G63xzJnw,MASTER,I,1701,260,207,False,False,True,False
nxzv-7G9u69C5m0j0qdjlwQefwQuTvyxfdelPOtSPTOqnMDreX9PVxZ8GvDgVy6bY3cgWCgdjaxu3Q,MASTER,I,1700,221,155,True,False,False,False
rihHXWEF67IvHXGla8BFTtC8zBn4Rq8kuzbsEIbihSGJm1sYTfmiqTXbq3NqDkPFXmm-Bws_Vg20RA,MASTER,I,1700,147,94,False,False,True,False
x6rVNt8e1YsAew-ZqgGLWuCg5o-IwjFgEgsqwXj0cyMPSkcv0sPVkq9VFt8Msw3Ej-9sWLrtz0V_Qg,MASTER,I,1698,569,511,False,False,True,False
42aCRVeMDc7_ge7HX3r0qNDQ-apqpP98va9uezd2R8n_Ns_ZkwOuSXMrQL2lRQIQ96ud0eL1U26KrQ,MASTER,I,1697,491,407,False,False,True,False
Y5a5WkRtM_mzzwAPV9scR009CTHt-fdlUNfB9lpEIBmskE6EPz9OFsJDlBF7J3ABNfqB6nSha1qQ9Q,MASTER,I,1697,422,358,False,False,True,False
ap5m1wNXYTrJNIfRlU07IQWnVprjc72V4KM7H4nY3RJzXE5cOJoxuB6adpgCbKNCa1SYMZEmju_2Cg,MASTER,I,1696,507,456,False,False,True,False
YdaGTZzh_Ni3ZXav1Hx9UmlZKnGAvwwTxtVSbjb096334FPS1dG6dnxwyHsMRkSO2xIzg-6xgEQmFQ,MASTER,I,1695,296,230,True,False,False,True
1-3G85Q1DA1CMvztjpjxAAXgkRPcwfeEDCDbPVIp1mv5ILLevf0X6wrPCaqyIjx6JE0n8r9DplRaog,MASTER,I,1692,380,338,False,False,True,False
RfpzX0wi1L1cg3msm9kd-c8nWVfBexv1gvpIDmUCMsFRYu47fYSeVUnbChonXdspvi_-6ACB07kFhw,MASTER,I,1691,672,628,False,False,True,False
jPCxGLAeAeBERpU6MNB6IfgnCvcdkdvoIrnHSEmhdR8RqrzZZhBxvLULfoAVWAQd-OHe3eSgz6Qkcg,MASTER,I,1690,159,109,True,False,False,True
5HJiAyqSUWfsS2bjwU_MgfdYYXn7qAb-6J6vUROLybI1zDzCg6k1kcfadhGMYpTcyyQ2E9ChLGPthQ,MASTER,I,1688,215,175,False,False,False,False
RP1JKZw9c0YAet2CMktGpFxvJnqyHOkMrkUOcPDk1Ky_IjJPJMlKcAdjGmmxRIpYSXpcVAVtlUOuNw,MASTER,I,1688,171,112,False,False,True,False
ujRdjNODRVIuqpp-lmCjkJJ9RuS6rnvkgRJoKCn6EO0rH0uKyZAkYr4vw6dfl7LzoQl3L-lTI0g1Dg,MASTER,I,1687,344,272,False,False,True,False
6NoEdXNPHGquaQUoj1uk1A_lph3E3bTj7K6B-3aVS29dK5f01g_MqmyDSpSR7z3e-FNpsJ6jgMfqOg,MASTER,I,1684,401,269,False,False,True,False
0AUvCQQ6ISYnwmp7AKU2oIR-tsi4K4E1rp5sAK5pBcQf9T21ZRnjPAQ4dXORWsG0qZa9yrZaAjGpKg,MASTER,I,1679,229,130,True,False,False,False
J_8bIZAMOUwQLbxbu6g6gf0FPcCPnsNUmvQ2QHT3mEjKBoVZWh84Y9u_rEVtrM63Hzmfm3V3YVcJOA,MASTER,I,1677,365,330,False,False,True,False
5xajtLtaMHCQGr5dzZTi7L_7kxywYoVbrEmMvDKCa8Po2lws2tfWrGK29ih8RkusIb1T2Vw-rXku3w,MASTER,I,1676,145,90,True,False,False,True
Zrifgk4fE33JqCqaE068KLuyPiwK83Y7tLOWc7Xc2ptaviBq6KuGUqaZLHuRVv3vP0FUgAhbM1jOsg,MASTER,I,1674,706,646,True,False,False,False
y8doqFw-5W5-R2SPGbzlKz7LMvDSipjtY2oEfEu9WxQEp-lvY8q0IayuzGOwMpLqCNN5nk-whQJvqw,MASTER,I,1674,553,485,False,False,False,False
QsjXfyiRx1268F5AAE1qmGr3VQYZ5Bw2EZxDKv17KeEV1MOvZr1_v8celbCgyZJcLeqfKWR_9iPAOw,MASTER,I,1673,944,870,True,False,False,False
EOQDGt9W_J7ME-OaetdjEAf6H68VFiiqQofzHnoTCIGpnVvwg9oNEg3VW8WSsdF75oRJJSEjl3p55w,MASTER,I,1670,260,228,True,False,False,False
vzfNlFWrU8quaM_HSZlFR_iT_ilyv_7Ake7DPlpNEUjPwiXZTR9VP4gSUpFvkylwLzKxc2l7DWpfxw,MASTER,I,1670,169,105,True,False,False,False
cNiq_7mTrrMV59pApJ4R1vL6kiLVH_HAD48ZsJs8CJYOn1c4eBhtmYH2C85Wgfwukb32xsl2TotgAw,MASTER,I,1669,904,839,True,False,False,False
NKRka-PlHgRqsHX42Wg9KpxEbDrfd5--AalaqKsWH-qJMBp1fcDCbtrINEp8lsDHwyDSYIl1xCZw8w,MASTER,I,1668,528,488,False,False,False,False
KAJulVzCfQ6JqXPrKfSj7YwKun97Ug0_IWZBMKHXC67HNpFa3Lnnyv-Hofl5nB6BtP2q8v3cTeBbXQ,MASTER,I,1667,287,219,False,False,True,False
YF9m0aqh4AjZNBHxOUpLFF5IiIbdfIs_y6j3_is2hKAcl461-NGmU9TckR-YTTs5-lnGXEqPnAjTeQ,MASTER,I,1667,121,72,False,False,True,False
a3-nGFLC0AU2e27pCLTvcUQxPPVmFvIIOD9PEnANO6K3jnRzdsMLaRJObhzKz2TczWxgpB5WTjwvfQ,MASTER,I,1665,262,202,True,False,False,False
jTMUfkEnaQ3aBH_nnwz35Oiml1J0RQdUZpsTJ8D6QGaWSbL6whjZEFDltDxaYBS-hKpjCV_znZuCHA,MASTER,I,1663,593,530,False,False,False,True
maSQ1bQ2IZkfi4ZOLR6nuEN-0fBWTHSD9PFeRs7F3fwOtT5kvWUoIEhcnhRKa8nxti4rJMu9nyPoMQ,MASTER,I,1662,905,837,False,False,True,False
TLz33xD39AhxTd4uDyTnGeJIZ7PpnNvI9WtZOqvbrOy6d-Mo-LiRHYQMZQCmZT6x1z0UACss2AA9Cg,MASTER,I,1661,210,149,True,False,False,True
_wafJ-vKBm8XX1jhrnegkTXFxrEApGvE1T0e0C76dJ0InrcWYR2ZQ7H6JzmEGV-GM0SB9Jxg6zdE1Q,MASTER,I,1660,356,288,True,False,False,True
OXw-Mbixa-6imBxJn5k0_xo46bOXCUotB3makXSjTonXDghLCF2Hk8BD_5_ZCFZrUKrj86Bv-oVHKA,MASTER,I,1658,263,179,True,False,False,False
Ns1Tp4SU4qShQ-LMTeEN_QwD86T02LZOfRBqr33vOS9iWZQ86wB4hlLxAHOzXS-JmVDcLqwiDg3urg,MASTER,I,1657,554,506,False,False,True,True
-JQVPvaMsgIxaAU52JL6Eduo6G_HPns48F-AfwEoDfD2-ziwmS0-Cd0M8HSdd6YlSz-Du1M8-w2Nfg,MASTER,I,1657,280,241,False,False,False,False
PJnAIw1ON9FMegbCSXO7zlFuwDbsZLzTcBDyaFVpQnLFOSDOdCW0MT8PD_vekJPfc7mOivUQg0i3mg,MASTER,I,1654,743,678,False,False,False,False
FWBlKIr63u1ndNJpgocuy7X7R6kjE1ix2uDVz3PdpGXrtlU9Y1vHR19a4-j2B_CkSmi8sc6_zTNT1A,MASTER,I,1653,873,789,False,False,True,False
KNVpbhMbxOu2zhzMjILCpQObZ_bhze2Nvf1urvqw4evzuxgDknBgtkV-XF0eqsOGEGs9JJCsST6MSw,MASTER,I,1653,664,601,False,False,True,False
ErATQNYhCSCSGdpTKmkuCPON3-BQ2yZn5-_-3h8_wtwvwzpRm0L1cWHfMGprcgup1TkUsdFTyBGG6g,MASTER,I,1653,487,434,False,False,True,False
akdtfa1R6wnm09MD4p_S_FLKtnLCjxecrcPscixHWiIzIE04Q_YvvAMXLF7_N9Mbr1FJojpHsmaUNA,MASTER,I,1653,239,185,False,False,False,False
Ek9-9DevYyY9xHmbcdXpjlqfQUkFx5c36KQnePHnLu0X9H5nXVdzHY1eFS9Em3bms_Dx_j6PNdqIqw,MASTER,I,1652,229,177,True,False,False,True
RcKObS-M-TChxy4Zzn3kvPKS5p-s6L8iJj5GCPaY0Vw0yr8cGhgCocS23jk5JTKpqBIJS4qFL13Y7A,MASTER,I,1650,374,331,False,False,True,False
rjjTYf53SLj6wnvrRQx7fN7U5sZCvr-AXzv-AH1a_nU8dWdX_fprUEaDus4kEeHB-yOHtoMsIxJ_tQ,MASTER,I,1649,212,141,False,False,True,False
rTeDSR1m0YgHjsDSEsZfNDrlQNOzn569FiSSIaOxECVaPNaH0ttY-VmXdwrEmRxOI_6CEQnhzkndTg,MASTER,I,1648,312,265,False,False,True,False
gwFcGobjmBFl4NPYPjKmm38iSxTbqPGOJzYb8yZRi29-xHhxKfSoF5-NGgF_yrS2XwHUG3QN1dJ8dQ,MASTER,I,1646,374,336,False,False,True,False
R5tevkg3TkRayOezm-Q88bh2l1d4r5fp7oNZgPkbdOffiU3abisGDHycQnSGjWIJZY5R1vTx7lRi3g,MASTER,I,1646,286,232,True,False,False,False
eYgE-N1Aya-3EFvylVVQYg2KesFVgNbHZmcWKsiILYytY57pWyB4wN7OpIEvd3_bqua_0PwFZLoAsQ,MASTER,I,1646,110,52,False,False,True,False
c6jp_cGK5wWd5BtFbXTZjpsBMIBFMwkEQuvXD1TcINtfvpsZj296re_qoTxKCIye8ZL56ypABN0kiQ,MASTER,I,1644,409,359,False,False,True,False
ECiApNSMQX2AfvAwZmk9km5LNk-GrNuUHZP-_pDFC_3P3Y5NqqRFFT7xDncJ98WXBio8GwQXY4ermg,MASTER,I,1644,334,286,False,False,True,False
iTb4_QWcUEM-s4wbA_81n3QofdUbI4mjDP3SUN-ka5fWM8-x9orUjFP1py31JCp7ZnL-lp3oeo6mvw,MASTER,I,1644,296,227,True,False,False,False
629j4CRPrEN9DVsJe-qQYQAJ0qGyqmw705jURY1L-KmshRT-zQ-hk29yBaPjajKePgS7339ww1TdWw,MASTER,I,1644,293,194,True,False,False,False
YfukiYGO8j_vqeFhIDkyiLhaXGX2uZGIhcCZfBB-XAUHkEnt1TaYIx_WtQgb0Ml_WQskPwccXcGWrg,MASTER,I,1643,712,651,True,False,False,False
AYdk9bA9byNIEqqn3KAgx4I-h8ZBLeEIGdn5iCqresZHnN-rlOWrXTD_U6gLzMSMiRPHfLQqVQ8LYA,MASTER,I,1643,307,252,False,False,True,False
u_aFAkEuM6I31DO9a0JPTOi2ZfTO8JMSlcZPIydRRpHUoHmFQMc2ZAPcfHByfZdmpHlp0l9GALwsSQ,MASTER,I,1643,210,158,True,False,False,True
a5mukIUkAtWYm8N1geiss-9vpV7zLiy7mxBtMozB2i_DTh1G--hT52V9B0ccX0_KZNl2MIMSjmWT_Q,MASTER,I,1642,479,427,False,False,True,False
hPc6KJfzyxu07PbfH16zU0bascYkV6if0XaMcwGBJecVgp_juVfqQXLE-55taAZ649Q3nJpcad8K0Q,MASTER,I,1642,468,423,False,False,True,False
fKGKCDKeL182umUkXObLB1Z1h_hHbIWWpTZ02pqsMeekVKbYVcrcCt5iJEe-dGLBaLh5eXkr9NkEmA,MASTER,I,1642,265,152,True,False,False,False
vx_L6SdTlLiZMo5l5HDigydhGpyxCnrE6zRlee1rQcZAA6jTijQmGcuzFtMhsiRmVfVXJC01yrDO9A,MASTER,I,1640,894,796,False,False,True,False
kMQdISEtXBDfW7USwDVsRjRCLN22j2wPWWbnmX0f8j8cZ0zGhLc1p7qcLgETpLaZtpufROdb-KfsBg,MASTER,I,1640,305,243,False,False,False,True
-R-nnIEE4hb8P5JzE8mKExKAb80asA_5yAiEbIbXePkZp1ictxESI5ONV_QsqkBvC-hZwt6V81z-HQ,MASTER,I,1640,269,206,False,False,True,False
Q59YzAX9RT_lKKKdc1rh72EmWVhr36ClvFG_EsWQ4EpBOEPXCGwTYN9uwWTfO0lJeBU1ZNNdMFPY9w,MASTER,I,1638,326,273,False,False,True,False
5AG5IGPMuQv7HYTyr-bPisIuBiRAT0GRlFFDfGtZvmIGRy-wIjgZp64WpN2V0kkObPFlfa7Mk2HreA,MASTER,I,1638,203,127,False,False,True,False
f4Edus2QfS5ebOBUxNUR7QcbdR4s7SSLOMvJN5VFTaTB592Cg_REEf0yuy-Us_jyAHrYdq9SZsgQtA,MASTER,I,1637,898,808,False,False,True,False
2VDLx5ImB712J7Lv66G9A1Z8kamuTkxtwYPJ9m46e7J2woDpikn5C_dJkgAKt2MMB9goNR8Fq_fvvA,MASTER,I,1636,314,240,False,False,True,False
WlMhMJEJ6Pdc3E6uaxAKXXF0YVqMS4Uk7iYltaKym8_oqodwHRA411e3d5F8w4aUAeRP1JUJWACx6w,MASTER,I,1636,190,135,False,False,True,False
wtZZuQIKASv2jcNkMtODPn_D_pPIyOykok2Mdab4gXqpwbSdPiQcXyt4DaKnmtblDj-C6OC6q9PM1g,MASTER,I,1634,483,432,True,False,False,False
_V8CDe5mjc0F4x5q_W2WkGbZHl6njDdorkKh6opJPaRYrhCm2bliWH-EzRlX0ijtUYBQNGGGuUxHGg,MASTER,I,1634,280,235,True,False,False,False
9fp9-krVlaeKN0FcahwldBS_NER_w0RDrpZ6p6CON62477mCXS0Ww0fRQdONSjpDpn3P6SK53MAFRg,MASTER,I,1634,274,201,True,False,False,False
44Kd7haPukTBnNI1vZKBGJHgzldYdicxr5xR1oXqJNC_46qKokCy3tzzV_XyERWwl9VWe_Bb0eHFcQ,MASTER,I,1630,528,465,True,False,False,True
wkMxSHYAl1fXw5TE250W7GXg0nArs6rmjBRhO_vQSzI59hm1d8gEk5sQX5hye1OE1lFGjc-cQ6MNiw,MASTER,I,1630,508,458,False,False,True,False
mnBpQgAHI5_o-slmsX482jVZe3DjIqqbbmefBBpzkXHl4pmwlIBcXMFWWmXAPpNl75cUJou7z4F7uw,MASTER,I,1630,415,363,True,False,False,False
5z9c7VW2gcqqJ8mIQ5o_ePwVporqF-uVgUwvifor46YUpTAdOhNZJtJc0xkH61uatYlI4EUmgvXizg,MASTER,I,1629,491,440,False,False,True,False
WmmqaVfFrYGNVxOkHZX077hTrVeHAmR6poLDohcgqteP-f3odTErV4m9jYHr2FOB_t45Kb_dGxS4HQ,MASTER,I,1629,486,435,False,False,True,False
qlwFEbOYbTnxc-bKfvsR0DqOaFdVyGiGKQ_HpNLciFHgrxjATCoSFLurpZ4Ao70h-H4U-L_d_kijXg,MASTER,I,1629,480,436,False,False,True,False
iJLdhFB8q0dSXw1n-5kh8b5gyRf9e1LMe-rYHpsb-Rj3wBmbGC0Q4DsVgBGXX-9Uo7sZW5K7EMr-5g,MASTER,I,1628,364,293,True,False,False,False
eydMo15AeeZvHm4qM-x0HIHvFv1waDRbDxEqX25ndeelE8dLTAY3ClaaTP3QokPzVCm0BUaR8E_VCA,MASTER,I,1628,335,293,False,False,True,False
E0J4j1vdEoIfL43xJhctOqNJby4fZsBkLv-ipG7E16oCEgRHghsFnjHghKknEIac_UDZkZgJjKBYDA,MASTER,I,1628,318,256,False,False,False,False
25n-r6smzKro9IgrQcfMUdg2MEshZLnl_YZR4uYRP1M-kaLs4Mfi40rrh3HgIesxTxnRsKY_usTRlQ,MASTER,I,1628,300,263,True,False,False,False
lLOMQtOdXvCU8CSc1TUqi_GJGdfg0s5akfWEjwtaXaOJ0vt3iGKT_6EQwfnn2uwenvwhCSKLlLty8g,MASTER,I,1627,408,362,True,False,False,False
z6rqAogmONxX2diXrHcMJHWX7FNnoUln9O60_huYZWNcEGTjGx_guHZNHPXdhtRcmdi3MybH-Tc-2A,MASTER,I,1626,468,410,True,False,False,False
6RDIVtd6MUVZ65ErZnitkPj4nDXW0B-pNsAbdoXhpxn5Z1aL0HCK7Ki1nnyrLdIIrO1mhR6U0J-4-w,MASTER,I,1626,307,280,False,False,True,False
KiwrQXoR2QhvhsdltdnmBxfFeHe2MpYwWhemvr_fl8gC4lSdmpqaVT3UvSSuLw1NHlE1thvfid391w,MASTER,I,1626,238,201,True,False,False,False
SPCi7H4heEXgSbHpgvGQcX3wuTy33tVF29DD3b-SxE0F2IrnSLD-ExMofT41VvnixxpN7bFDnXRJRA,MASTER,I,1625,394,353,False,False,False,False
wKnYs24Qwr2ZuC3_ca-FQMFlPWHqPp0Rl465Bz_SvpYjvwJBYTZe4qSPjar7Jg1E--t6IEsLfZccMw,MASTER,I,1624,482,447,True,False,False,True
gHsg5vS6YgRC3z1wuVRDz-P6UiVceEa9xmQ8F3k_RljEV5N9Tf8C1wNn1GR-ImiWVABsNyBVW8wGKw,MASTER,I,1624,383,314,False,False,False,True
PJmUf0DA2H3SMvrlIID4YLM6J37324SN11j8jHtHHtjVuTvZOwExxa2hZ9M1DPW1rBFXZ0xtBlp83Q,MASTER,I,1624,164,89,True,False,False,False
7cHAU6FX0nybPrhV6IrXt_KBIRx2dWvYKOgj_AijjuWqm24I1578oofIO_oxMrxRQSykt8zBDj4SiA,MASTER,I,1623,497,451,True,False,False,False
wU_JCek7bdKvV2p_klkugOwW6EHBQ_2fzbwZWbO_iTFfyi2Pp13fvNNz_mG1wgfGMGz--dG760hdVQ,MASTER,I,1621,761,686,False,False,True,False
bCK_i9Ri6_GnXuprcbX-oeTYruvrnOYGfoCi9g5sM_HEzkrRuH5vhXw5WVwK1W7SVlrBOj2cuUY6Iw,MASTER,I,1619,266,216,False,False,False,False
rB_KdoGdiyjFBIsHpZhzKzlgOyH9hx8gp0YflrrujY3cbYaBWw9ENcposasfNo6G3iU64yGf96aX6Q,MASTER,I,1619,114,73,True,False,False,False
EKdFENFuh4mLUxajQo7c-GXouUE7_PuaFbJ_e-UlR111Ki_lLwdF0-w5B7nJQqPQb4jE-4aPWfvrGQ,MASTER,I,1618,264,234,False,False,True,False
e-63SbQzuYF-JIMiNAXUUuRo0pRZNlJyZ_YxaHmnacswWbC6VYpd5g7IQi1r1HDFusbSucBEEC49Bw,MASTER,I,1617,539,483,False,False,True,False
fIC0Nq-pJ0ZzfizSjR0NqucG1uBCiG8folkVcEf3C3eQcrrP3wiSX1ELUVlqNNu8rj52jmTwf7VQEg,MASTER,I,1617,492,416,False,False,False,False
UV10PcqyNIiGEStZ2MQMHcnPm8V_Mcp3nLm9BiFIv6xkbf3itarXpKKgaJ_HWIrLQeqr8BvdyFwf8g,MASTER,I,1617,303,228,True,False,False,False
QFwkQb1zeANo28Ad-vLbOw-yXBQH_R_Uf-DN54vHG43vJLinElPR7DIsTcfieeDabj_OsfAwA8Km2A,MASTER,I,1616,370,287,False,False,True,False
5JWhc3mYew_b8DjAV4FoVMBWqtiIYZiI3yhYIR4trTZvbD2Nsn5G_ZLMHcrrRifEAxk-MtVghTE0EA,MASTER,I,1615,611,499,False,False,False,False
FTIpVJ5l-mPFRyMkWtWCOuZnj5DblL5vutUM-4YK0PKjV3RimW2Vu5UDRSImG_2Xi_Rr_cwk4lBymQ,MASTER,I,1615,559,493,True,False,False,False
4xkf2MQlX3Tf9i8RGTLTnzdk6FL5J4-Q08M1Ymh8cgdzeBlqqKbo8zhxafm7925CbFGHs0VJFJzehQ,MASTER,I,1615,247,205,True,False,False,False
tKupV09apEj8nZXHxwpuJFI0-MXOp2drQiSO9Of_wSRtmoi5AQhdGYgrQUgYQya1TwsiBIvEJMJpPw,MASTER,I,1613,510,410,True,False,False,False
0HwHAo-nohE5QBGlpFR5berNqRmyZWXy1FPwmdNfIAJM4XbKI5SEXKsmUZ_JGv9-bDjhoqYVEr_xfg,MASTER,I,1613,371,327,False,False,True,False
2L0Y2jnU7OXnLJtyZdgCLSAkKTf5Ls5dzu_OHGzTUn0uIS0LGKeY8bbdyPhkP4ieJGR_j7isSe_Jkw,MASTER,I,1612,631,573,False,False,True,False
1a-8ZXOY0yZELjHig0fRjC6U1pXtO3pYwehbT0BET5Sub2_oCYe2LtIpZTxBh5Nnt7-N-hKbs7AdrA,MASTER,I,1611,613,561,False,False,False,False
MBhI7u8LAWahmAELcw5pBnRLgCTwZ_S1eBHRKbZlr_fObDRrhWcO8Jgth6DBV7r4q1Juc5v83TBChQ,MASTER,I,1611,312,252,False,False,True,False
dDyCfaU57-DtcVczfL_hMwHGBECTOnlfLuIF80m_JjRksXNhMaawRvKUd4-s6fun4nna-_GedudPng,MASTER,I,1610,144,85,True,False,False,False
PAoSl4mBfbavUmIR5DwZUKcVztJ9b7p1BU-eGYOZkGLPgYLtbFWtMezpPq9XLddZQYkV9J7oQqGavQ,MASTER,I,1609,632,566,False,False,False,False
7NOTyqiSMZPRe0BqQ3lW27O2sZfB0W-LMUNb_88rpbmi_rk577hhuTVoISHhTCxDRTmZv0KmBHIn9Q,MASTER,I,1608,566,508,False,False,True,False
YP1crxMLfejAf56ecs-3voOxXU7BfuOvEVcd_aC3r7aZXvyQ04FWyn9EQacdYuQN80UtkN79uShvLQ,MASTER,I,1608,362,276,False,False,False,True
E-INQ4K9G0Da2N--bQg3ZJk8M0nChTJ942NxjyX_BHhi4EbJVC_TiMPZH0Vu2LpeLv6oYuDanp4hKw,MASTER,I,1607,546,498,True,False,False,False
QRnRlmnaThk5BKKO5cb_vbYo2UXPz4GKl0YU_j3Qeh53HC4Juu4LBZ5wdCIPhI8gqGwrz4aNHlx9fQ,MASTER,I,1605,579,533,True,False,False,False
eH1YR9E3fj-Q8d4zZPFE-sqInZYsbpekpUBt1nYwli_NYkyL_RIgnTsRYDDush1Qwge8lRCniBMAwQ,MASTER,I,1604,195,123,True,False,False,True
oroz-TsiBDQ1v0u8KbqIh2wUXpMYslsDUAifKlAGdsAVjySaqSTs2P3_1KorwqeT__y5qgt3ATtGzA,MASTER,I,1603,673,645,False,False,False,False
ixxcW40Z8QrBF_DVmL3TUSYknKOgduoQLx4tXV62sFzM7uNE_aIQ2KXsV6Cu30p7mJFrz_OgFsUOpQ,MASTER,I,1603,590,522,False,False,False,False
b-kCTiZQMSYRLGOzbwlQvaV4uei0ehza3CqvcAFC1YwRhQx9E6aQyM0fpy-CgDD0soZ-92Ka3KOeLg,MASTER,I,1603,247,207,True,False,False,False
Iwa_IoclipVX_G3maBEZdDBbjhWQuxZ7CstmHdvzyHbeadGjtnmoufne6d37dIsPBhQdiWh85Rcj1g,MASTER,I,1602,384,303,False,False,False,True
HTXr9mpmvusjniuU7X7s5BVUWaqICAqhubZtIulxrtfaPHWxSUgO0-ZvWAuuGYriPDT9Kok7hBsIsw,MASTER,I,1602,372,291,False,False,True,False
yf8CtEeJC_ntuPq6xBGAr0fcsQN2U7tKPNQCZOcyLVz4GJm5ATfup3tu3CcqQ2Y947vsfsjCt__DIw,MASTER,I,1602,219,152,False,False,False,False
ni_U0UNapc3yPlaUaLZXpWrI1j1VK5gtX1ES4RZqbFvm8cJ6PzIsELKMKjWaXhJKL7atkZkU27Azng,MASTER,I,1601,832,789,True,False,False,False
Bhu9Ky5Xi_dzfdVC5SHAKLTBLWf-lhTbFZc2BhhEhBruleYw8H2ETKyC2X8Ah0uDG9MaWLaMIeDpaw,MASTER,I,1601,546,497,True,False,False,False
yPWVWp__SHbDUNa4EmCMH7vzDrdXFK2MTAUV-WAsX2XP3HqyGJgCYjbSohxuY_8hxE_adaerLZvvzA,MASTER,I,1601,353,284,True,False,False,False
N2vFoQT0pnoeU8OTVxHR3A8vCJYEL3yNW-5p9gCcIJjmrR27K3yvHpxZvUW0TRYNxqyy8LTy9vZdYw,MASTER,I,1600,311,273,True,False,False,True
RGvSLu77Z_fFsT-dwYsDlVezb5OVhF62y2aGIXAUVRrjjhdI2ZuxqohPFDBJvYa-6a1GRJoTNns7Jw,MASTER,I,1600,188,162,False,False,True,False
WLgEhz8KLkLqJ4nCXxY-Ji-l13SdcwpNZi2BjVivuK60MN8Nd_06K2DwcrW3-94oNHfqZZTyWvdwZg,MASTER,I,1599,565,511,False,False,False,False
DGtB2IYGt4HCHmufMqgIFp3ESQxFCQww5U3I9z64Uhz5ZEpRY-giYWyZPgBpoRBP0Gai8La2f02iKg,MASTER,I,1599,502,465,True,False,False,True
PVSTcZiiudPKhUoKpUQ9khNdw2pXtIH-tW4qKH9sq9s6x7NmkbJ4GFd96jlDtPAPlKM98EUiVNmQPA,MASTER,I,1599,427,363,False,False,False,False
yQZbY0SL4NNfpN5RDPvS76atvJnfXL-ik7j8oADBLLzQKQYk-duwXvwmhbah9PcgQz1cS0ekLoaNgw,MASTER,I,1599,272,241,False,False,True,False
E9orzJltTQhG9qj193Bq6JZIbfy9LWqBPYrWIyWalBNivWsvRPugt-40kbKb9fFr9fNeirwpStS9eQ,MASTER,I,1598,651,606,True,False,False,False
RB_zCl352XD6K01rRGcNUc59g7twju3SwvLHvgIquBBbvTQYYNandqJW0cnhnyKDPzEqLhd-JZ32qQ,MASTER,I,1597,455,398,False,False,False,False
FAndTW_bAYAJuIYHVhW7BKAbwcqOqIALyiKKawQzzT8PEwO6U79Eae2LKfHE_cNSH-hoSYcyjKvN9Q,MASTER,I,1596,315,230,False,False,False,False
CqAE-r4Ye6BaHDQDltS2vrgX6UUDeYgFQR9KGWFmFhIcxioC5duTZotKMJoxBw8bRQ6j9d9otQCzBA,MASTER,I,1595,922,834,False,False,True,False
t5Onf9tlOvz_vXNMTQnw5AXrbGvPTA2Quv5z3ko9lZ2CnlKNwaJ4Z-pJVlNvCs0pDswCovn82koUvw,MASTER,I,1595,422,378,True,False,False,False
nlYiB4Xrez_edPI3cdPzO0kD62AmV5JWSKn4dCq83j-sto3Rh_fEI_ANHylp2Vbu_e1pmv27iYl6LQ,MASTER,I,1594,1241,1221,True,False,False,True
COh4-SSFbK7RkvUqfktEvCJRp5dW4zv_jIBg3TZps30I5qqpRil2JL6s1H0rHRqjcvcgYuCwEyFs6Q,MASTER,I,1594,855,816,False,False,False,False
bH2Diw_hHD_B9TgiNNWONp4v1hU_OYadn7QKptyQRLNyTNxy65jQRkCMWJBl5JTiiafe3SEZC3nrZA,MASTER,I,1594,822,757,False,False,True,True
8dx2v4aiGvvQKgK--sLemDNY3t3oQNCrBlKw4YpHqA_QhoYYRHL5zfz-PsBtqR1WwpjEOT8s29m36w,MASTER,I,1592,735,658,True,False,False,False
MB5a1y8hhovH4T7yHc0SiFb3mfz9mDS8NKWlnjWI1zVeKLoPChxhkf_3mBGy8fC3pnubdVnlH_tWww,MASTER,I,1592,205,129,True,False,False,False
fNgdL8xfHTyESPLU3o30QB7sDSbquzOiK9FD6ythsjOh39GKIGR0Lc6sx3QyxA3Y36ySKP85MQeIgg,MASTER,I,1591,298,241,False,False,True,False
4qRKOGUoY0A_6Hekip7cC1djL7VKUUqasmoOSqxrZFdyexJ6wXa-foDrSiClM65tWZa1KyXLwtMXow,MASTER,I,1590,684,606,True,False,False,False
-knlNxGu9FNuWHW9FspWrUFpCxu4All4C39j3ClGBJLNOrXSVRyX6CxN_PFl9dy28ogDOatpstXnvg,MASTER,I,1590,485,411,True,False,False,True
xsl6luV7YJ-6VPiZeWbhmLnxa0DxxyH8JvRrGyvwt2YmXEUQOOTyoOaYrESlhX-7nuND0o484WkR1Q,MASTER,I,1590,350,274,True,False,False,False
4XSf4UtPpxni6jLln2qa5jLSifHIqJhbJmgcwwNseef5kZ_bvIk1tbWV5MW_o6SanixGMloex6Exvw,MASTER,I,1590,343,321,False,False,True,False
Nr4SBHPHnLnrOYacgtr25Mn1FLHVYv73kDvPgGLnEvNENtUXfV6J78YU8ezpf1wCr8-FXi0QNth1zw,MASTER,I,1590,249,206,True,False,False,True
S9L8TrIB9OfbluOyLNPOFwlI8cAYA9jCHXCg-D5Ke9VBBgMVGhCaCyJZsNU_C21VGxc5zQE7z7_Ssg,MASTER,I,1589,679,627,False,False,True,False
UZ8Qpem_EuRoyCpbNkqwMCqcS-blPDz3ilaM03oA0fTZLVaGqoXiboc8SZzDBCA_p5kZEi3b_pddhg,MASTER,I,1589,346,260,False,False,True,False
evSOk_WNm4Y5CQYHn2aJts6ctCoLFQDAxE3Qml0-q8Ej7JEBQBfn_Op1eMJjTy_2gtlBfBq70raPew,MASTER,I,1589,328,247,False,False,True,True
sNAMSQlh_L8hOK8e6E5wByIV1qSTWs_fNu95ku90Mu8nKzZseAKUpnm84ygSgMHYMyKgpF-zG4ASNg,MASTER,I,1588,603,555,False,False,False,False
AShHbDMiSKtJon0Heqh6nMmxHM-j7q3w5aGZ37KXYNM-I8s6On6dhfjHa6dbXA_o8BUADsXnSI28Vg,MASTER,I,1588,348,312,False,False,False,True
pwQ6s57FWLx88xQQfannLgsCgcxtwrt1gC8SXpFqCqrkBOvNVrWlAMvQOpuBH5wKE_IBIZ7RJMlY8g,MASTER,I,1588,258,219,False,False,False,False
2BWjKzi9VTC1WrmhQHBn3lbZu6JMjV7bg3nhpHRivmPqqHVoBlde77HPTslDQevaPuiBs3OhK0IPrw,MASTER,I,1587,439,375,False,False,True,False
B5wwvg9Gn_dupnCEdOWNZfSMs9n8fsSK_pL0Dr5XlBJmArc5bIISmm1Bkyl8jmok6FoTqf6U_bmpTg,MASTER,I,1587,239,180,True,False,False,False
wdZ2sDfBT2LBDfpJBvX-KM9PTndejwU599YK-sXs9ihdRgTz10SAZUz8xSp6RA2J07gLrKknA5m7DA,MASTER,I,1586,551,504,True,False,False,False
w5QyXfxfveT2wOjSOcgnOVpQHYoiXjSsdfOPIY1fWhMRaQghU8l0pSwmAFD3xutP_hOyPoiDaqtVLA,MASTER,I,1586,434,393,False,False,True,True
G7eby9A6Fx-566FB-8Glb9xnAhFRbOphmtn0G3Tdditr2UFIHJ6nZkdE_Js7q6XmSEsF7ywx1vkT3A,MASTER,I,1585,216,176,True,False,False,False
W8SrOstAzlSzXETwA_1vkpQkJIMc20l-J9WG0M0EvK25NuAPkcAe9PhjneNQdApBjMNBVyqG-DEIpg,GRANDMASTER,I,2603,212,142,False,False,True,True
QZV4SPnXl2J0tVKR6epUV4W3zRWs7EdiDJt4RgFqDw-LkiFt4jZmoyjB8PESA-qp6ATZ8cHhvN1z8g,GRANDMASTER,I,2378,965,873,False,False,False,True
8kds0oy5evINCks64MJ-jM9iA8FNz03vtWbTZup6145N4QtLi1o5yfur6aJy4fATgqTLLQ-shhSO1g,GRANDMASTER,I,2364,665,535,False,False,False,True
7LpAuBUcVeeDyZVbUCKQl2-OGSrILGi5JhSFWLDkO8cZu-bfXgtvDtEhY_2TtFxOMiSqJgfcBUcAaw,GRANDMASTER,I,2358,604,504,False,False,True,False
7g8wPeWTItHtaplGYRTictCTV9Ij5tT8wdt9lCbRESMySGhxQ0er3P2aK5MtP3JOl5vU7DhhqHbZHA,GRANDMASTER,I,2352,576,487,False,False,False,True
XmslnNKgCbG-GStPGuOSWdF-N3wpwd5VJt76AJRmj05HweOMNi_qhAe7kg-TVbgkNLKPeOBRHEgOMg,GRANDMASTER,I,2343,366,288,False,False,True,False
1cbXxKF62T9LBnaf2KyYBz27bNdpJMoeBrHg4N-Ul61bMLnek00ofqPzndL-6q0sET3T7MwmWKaOlA,GRANDMASTER,I,2329,632,571,False,False,False,True
1xLRihouu5g-ZDuEAe9I-Au8yjD4zjBYrxGeCGe13nnEsmyn-TfMiM26mbNnS36XAVITx6WDOm0QKw,GRANDMASTER,I,2328,501,383,True,False,False,True
I4ts4vBoP0rjSbNtJx-GtugodLQlBU3dc3u_AuGvXiZb5EjnB_ftEg89X6g74EsY8OY8Dr01V5SK_Q,GRANDMASTER,I,2322,409,342,False,False,True,False
mSHk1M9tO2LALWYYQXRHTIogcNFrZDrEZpNWILWXwoJVR1Qau9atZw_W27Ua9MzSIt47M-d_erEyhQ,GRANDMASTER,I,2317,493,392,False,False,False,False
fvCKQoCG75aKAKtl2G6pLjrgTXG29pUrVVmKMP0Doa1fJZWmXgA69Wqme3A3ZPjp7WSRW7m34VVeng,GRANDMASTER,I,2316,405,340,False,False,True,False
jcPpnTLpyQzAbqeQCP4i4OuUq6jusCIkTh_W9CNnzEndesaTbEe6gIgVqxxUk2nhkhBRIcd5cpLRyw,GRANDMASTER,I,2316,142,69,False,False,True,False
g5JRylj10rF4tFyMyUItaFXRvvAUokXJUEVmMAxOVNhLI9RWzRaADCzdFB9kTXeHfRM2-HterfrT_A,GRANDMASTER,I,2314,468,387,False,False,True,False
uXSTx0dGGz9XUVkwbXF4uSeFFpWk6mXj6Tndp_uBiq_i6sPmwrE3yokg7XK0WyJMqZZ7zawAEF7HdQ,GRANDMASTER,I,2314,377,323,False,False,True,True
LdmfYk_iJctktrMaFrK3r_G6jnPrkcBO_CC9x0n99tUIoiZz3aoIaFdx8O9OD1GX87MgFwXv8TsZHA,GRANDMASTER,I,2312,359,288,False,False,True,False
wm4bcOVSqxhmdi0PpzqL1doEFlWU_uLaO919yMAOTVydrwiFKL_0tSIYjhQDVJraE7QUrpENaRI6QA,GRANDMASTER,I,2309,307,244,False,False,True,False
L1x49xA1W8wnLzVEfQGSXbSqg56HIq8pf1kqRvUmhtvCooDtTlOifF6k5niFMaezasdmLPf2VB08jg,GRANDMASTER,I,2295,402,331,False,False,True,False
jQMwCzjBMMExkG84H8C205_QmfZo5tMRqwZRc9tNzwjINLYyj_Ud5U60KJ3bNs9yq3P1ekjXb9ANYA,GRANDMASTER,I,2295,234,156,False,False,True,False
b6XYyjnegAR15hwaXCrQ1C1jrXLodoNBdbuL8zT8-iCWMyY8Pwf32QaB_x5ZeV4UIXegdk_DyksmZw,GRANDMASTER,I,2290,288,231,False,False,True,False
N_sDemLH48Q24YK1YDxtz3qNmC2Q1_BmuT9jaUczHKgg-AcyCRbH5n2XBX-2i1UBwefCkZDkb_3ZHw,GRANDMASTER,I,2289,1747,1558,False,False,True,False
_xpTR2Y578F-p_zlNoOzn82xMBha7OHc9kjASTIBDM9g45ISLST5vBqrw1-PhPIrv-xnP6t95tIkPA,GRANDMASTER,I,2285,737,642,True,False,False,True
egoFAaOykpuGYSyUy5WPLHdkIMcxi1awDl52Em3bdM7I6JpjFnYlh8d0uvryMY4Cm9dzH8rp4CkvzA,GRANDMASTER,I,2284,355,273,False,False,False,True
wGYnvNkMY4W6A9F1RigoNNGgZZ_re6JLEzQp5eucyhd3WlruVNArjqDYo4XxJfLNas7KRBfGA-0_4g,GRANDMASTER,I,2275,854,774,False,False,True,False
za_7sJia1ztF1_kvQoNIPlOEjNRd0BzQREX5y6xHnfS6eaw8E0D8omTfCqDABLarwaXc5Tl4W5ZimQ,GRANDMASTER,I,2274,143,66,False,False,False,False
m4FmefOLSiC5Z4fSyeyaZ0wXjCNAV-iD-RJFuQ96x5_K0UO74Dm0hs1FiGA_3XK9UoYOCKtLN84OWw,GRANDMASTER,I,2271,355,243,False,False,False,False
HEYGCzGbivlLe4hIEapdTtF0tX6jCQFlo52oWucvf6FQr3RvENwrEkyilLVP4ChA1x6JyIXHTurtJA,GRANDMASTER,I,2270,485,392,True,False,False,False
UNqoilAyZ9dw2x2GJrH_kvFNcMxvlMmV3gqrsUPpSxv4jeqpNQX5ZxrxYZ-juqFbKFMQ390aGQvmEw,GRANDMASTER,I,2270,221,162,False,False,False,False
x9ifogTsKi_cvalsyd4NWuHmn04ir3siOuxpPP-3XPeKLIH7GnW3c5Th-4L5z96R7-Vu1hEEPaOl9Q,GRANDMASTER,I,2264,504,414,False,False,False,False
pMu-_-fTikOj8HTqnAaVAMZKX0i13ZEFx5PUkCcAIIBzZfdLVAQpGXjj_2h48KhWlVjF4TgaNFcA8g,GRANDMASTER,I,2264,471,403,False,False,False,False
MkfWLPgshuthswskh5udAN_UIuR-cNHHRXrbQp9Av6EHsS7DCc75omAK2Lx8CCE0-uhejEhlPQO5yA,GRANDMASTER,I,2264,383,289,False,False,True,False
Y5AlziDlxjMAjroB78X2iwWfQs9lPLemuX049GtKIlycvpYmvINx42l3b2uyoVdCWUidIAtjSbaQ4g,GRANDMASTER,I,2259,228,151,False,False,False,False
iblD8IfouSJe977lNsw1aaLEJ88_bmtUXOap7zplRL7rBbUf3AICyya150oeAOAin2hwQbCkjWRb_g,GRANDMASTER,I,2258,635,518,False,False,True,False
6UUkbYgSsyJZrQ5ewb2IDXOFI4xbCBIrA4fiK4c57TWLEkmOZqB-I0yJWt9fTDSyGKs58tKi_OeqYw,GRANDMASTER,I,2257,265,193,False,False,True,False
oef1uJDN97DvfMjJNwACUBUzQfkd-kYbyu5U54vmz_HIaZVXAhDO9P_FyV2mqDCNTmn9oeGcKc1gKw,GRANDMASTER,I,2251,1010,906,True,False,False,False
YcATKGF0h4-t46qhY7t6BJvSqhTvrwNEdrZlTNW8jsfPdrBXWu4x5D219OYXo1_yup1sCxQQYE60ng,GRANDMASTER,I,2249,221,129,False,False,False,False
rljzwu6bapegONnhnMiAplZsz6CbJv3jmq3uVak7r7HAhVwa-lQseywXo2yw3GqSZfH1PeNOIZpgtg,GRANDMASTER,I,2247,305,229,False,False,True,False
ZbNFJXQn606ijhsBfZyXbwULws-L4NDjSGm4r0L8KfanNm62DEA800GVbI-jKU8S0J5MYZJJGljivw,GRANDMASTER,I,2245,463,375,True,False,False,True
M1Jl38J4HigB5LvzJsIobpnd7kUULy2D6INMdk6ALdgEUF2H2EhffixpeFiD1xFN0pp5b8fQa9gJ1Q,GRANDMASTER,I,2244,1034,920,False,False,True,False
iO87xwa4RoSpKQgI2hof4CR1si9LZL5kfG1qsimtw2mZHvMoEMeagJMtVG8Ijy4fmKONU2JmZZHkIg,GRANDMASTER,I,2244,136,66,False,False,False,False
ozOZzPr42k_SS5b7AwrGPofFHY8CLynx_uwS4go8KgWitm12JQhpVuufAql_XvIolLRM3phawFWG9w,GRANDMASTER,I,2243,861,822,False,False,True,False
CzpIPaitac_ls2lCz-dINOW5KVs4LJH2TmJqfYOSAqZpO7fs6JDlLg9orYkR4-Fj3UOFf7ENDfmqoA,GRANDMASTER,I,2235,298,229,False,False,False,False
R7aysJTS8ZlhaECNBGOZ_Jlfsjd6XKMoOhJYui4CjSAplvaq8N0aGCkhiIRWnbMNT-0BiS-80jJ1rA,GRANDMASTER,I,2234,207,146,False,False,False,False
Fyl9u_1EUctPIZQWvWG34R7oAqxghq8_VKp92FjwCIpHSmrqJJjSyuZyqeoyfi83WpRSDCCDxzrRJw,GRANDMASTER,I,2233,728,687,False,False,True,False
c7aq2x_2anJbs8On21tNH2N5zWuL9ql6WC3QRrPf8vaW_c_4YSO2yVDl0J-In0x6OosmHFhCIj77dg,GRANDMASTER,I,2232,236,166,False,False,False,False
OeJBHienhDPpnNW4d0ireRFQIduVBYmL2WNvnPrR7DA2NMIMk-urSSMNUAW3UV06jNdtDyiT2mKwjw,GRANDMASTER,I,2231,564,472,False,False,True,False
gVBPy5Qq2I0iVx_DXBf0M5tvoLArp44gMb2nUPB4w-oIulggxelcSrmxW5Yzq9_t3pR3sndAfueWGw,GRANDMASTER,I,2230,772,672,False,False,True,False
SNYnmF9ONAU0OZEVwO9MCSafv8Q-RbxOU0BgMobOFRZ1wxY2ktxCHCYI9juGJblPG1It-4hMq9myLg,GRANDMASTER,I,2228,346,263,True,False,False,False
UeOmR6n3_II0I8CTTPRehC1rjUMghY8GYk2cCEuaoK89MVOJMC2Eb1GFzal-PIPkeqJVQqJlPDEkOQ,GRANDMASTER,I,2225,436,354,False,False,False,False
EY_uXL9AMNCeKed8nxuCvJXjX26xKqIOLpbiUVhV98WlSeddPqHtZQeuV4vwggSrIUEc7jcGlUVJCA,GRANDMASTER,I,2225,174,115,False,False,False,False
FtuYDEZ4eWzNskrPtoWv1bzU7R5EfsMzOS3wCwFuuUUgkZF5M5tY8ZPSkss5-vAlFMBuc2g1nqLYkQ,GRANDMASTER,I,2224,824,713,True,False,False,False
kPBCdFxDkD_Oubm5I8dGLWAO41REDcResA8ZdAPXz5Qbkygcy0mAWH4HWs_V0u9_kCSXysbdDnT-2Q,GRANDMASTER,I,2224,273,194,False,False,True,False
Ps9UtDOh7QBpUCfsfSsj41Ih7w3x7t5yj1frTKEs_n8ZGaARwL5p8xGu8K5njpEqdoh6LxoeSzH4_w,GRANDMASTER,I,2223,472,430,False,False,False,False
3zdQS332G5oGT0ZeREkUSIJ3C8kDetECstxju7YXYFS7uxSlaMGe5ZGV2UWOKAv5nZZmWWGiV_twcg,GRANDMASTER,I,2223,178,119,False,False,False,False
h_Q7GJXth6Pw_AJ3-oHjIn7aGeObL1hzy8DACSNFUOb-UlnEeW5ylR85PeyMWrgZayMpi1YGGPrzHw,GRANDMASTER,I,2222,839,774,False,False,True,False
7M_P5rkHnrS6mITs5fINf2adWfCE7HjQolcNVxebxpHPFL0oc8x1Lz8maKfytzMM-8GMUboaBckPnw,GRANDMASTER,I,2222,502,397,False,False,True,False
aSoyCTGMBPHSCaffCrtlfcpCNF2UQQbmeiqkMwrP5cxylhaumVRseDZKqFnCzXsO79DRi0PvhDrqOg,GRANDMASTER,I,2220,758,677,False,False,True,False
fN04P3p4SIIK5Cndl4E0vkbgwulfIR4xixIwDW0dSt7HYXoO6wjATu_LrJvDn5QozPEzOLdKn90D2Q,GRANDMASTER,I,2218,315,216,False,False,False,False
mqh4frO_qk0pmy62YATfWXToP2LSJ-UwOGCUnS0G8rTFdIiH9T3WD2vrgU16bP8DGFhjciWwhYQJzg,GRANDMASTER,I,2217,804,639,False,False,False,False
lQEjRHUHdJgSVueS6JPhBaWGtDqmt-vyohwY4MqnIfY805U5WKOcUkcfDCq8ZdivbjlRBf54rouHkw,GRANDMASTER,I,2216,444,378,True,False,False,True
UAlmcF3MBjxZxQmACwC01n7X5PMT9G79DItvV_9f1RjfHtPa6N8ygGW9mtXlJKk38Rh4t8GknyWong,GRANDMASTER,I,2215,655,573,False,False,False,False
MivVcIZzEl5MPLafwVwQga2z34TQkJc_3sSB9hQ1At_Dq16OOYEIgyN7mhj8572lout8sCH7nALc0g,GRANDMASTER,I,2213,763,670,True,False,False,False
u2CZOa9m9a5rXvXeCXxnNHz2mAiNufYZeFXjbpRj2MUxZVAAaSYYkv0g_D543TcyrHq95Yl9UuV_Sg,GRANDMASTER,I,2210,508,442,True,False,False,False
EMoxgk4kHLm2mPDFTMJ10ou3lyBMstsC9doTUHI3JA-qIg_k0tziPV8OrtaTsscz8OOTxNF_GAN8-A,GRANDMASTER,I,2208,234,151,False,False,False,False
u3iicAdt_raT5xKXjRuqOfKspk2RfdxQKlgXQwG410p5Oo7X0-TXp5ORjA5FkrPFFiE7_6gIkEmPjw,GRANDMASTER,I,2208,117,45,False,False,False,False
7jwnDn5ImR1-FqUJqYJ5WDyVoPb7P1Y_htqn7nJ0AFcGUCNbWXLdHIVLupBQ7wun4mfqW9U59knZqQ,GRANDMASTER,I,2206,152,62,False,False,False,False
YFwbz7jtoJWvIj4JXQM_KoBCjWJMxB5DfH7x39ejAQAkGS9WimRAvigpCne5Qj-DBlihkPmzmCbNQg,GRANDMASTER,I,2204,348,275,True,False,False,True
njS3uwaB_pOVEoXTq_1O0RGCrapI-0dN6yyLLElPL9u83PJXW28MJuywCdYD4OrYP49nhB7fNFF7eQ,GRANDMASTER,I,2204,189,96,False,False,False,True
DbqROkE727UwT87wO8weE4usqXzwXhHpTfqzpEE5M8_91xTHw2wmIicTdE69k7R2iy9-24IPe6vkrA,GRANDMASTER,I,2203,661,571,True,False,False,False
1IvMWpuwZXCLwqpwy49YALQnUZyFX3g42XzR0hku_RNqpsqJZv_wBMgS-Dy_WUsyKC3rK_63Vsbwng,GRANDMASTER,I,2203,339,255,False,False,True,False
7eIo--V7niFxR-dpUY5_gmEsKeFTWajSC3-eSAKM82seWc4A0uhKf6HlEvgQ6HkNUkmvo-CdrJ1cYQ,GRANDMASTER,I,2202,380,328,False,False,True,False
rtABwnGYXwcIk7iOZfKn7suheml7AVuDgK3l119Pgnq9fNOwUbDlGpTKElVnOPqZndHqj_48zn3hyw,GRANDMASTER,I,2200,463,395,False,False,True,False
KvzMCiAW6nzOfaoAfSShrdHf-VP2ontsxVug1uc-924eONKX-8_XgtwyoCKzkhGCrVkMQm_CCQkNAQ,GRANDMASTER,I,2200,324,251,False,False,False,False
Eykw1RqdCmbNdMgt82nD_euEBgvQn_YxOrAPs09OxWPnSiQlHUNtaGi8VaNnP3z1iuYbQ0rGOs-ioA,GRANDMASTER,I,2200,250,179,False,False,False,False
rMECIPXEo33JzaeULUeOj1hbrmeB5X4f9Lr-U0zPVlqw2GLIDYu0BITwr-bGyccjESlwiMmp_24Ebg,GRANDMASTER,I,2199,291,184,True,False,False,False
hlTgA5S7z8GOGYtugDmu1lTbYVF_ZKqVeQ5yDVmnvqdv8enbEC3Rg-ORxjjK_uWVgwH8N7CzJS_ijA,GRANDMASTER,I,2198,384,289,False,False,True,True
hGSQaTYdSHY0PWXMVS359aJgxfDACFlXqwGMEGECf7sh9JEcYDIAL064exb20LDorHjL3djwFc-kMw,GRANDMASTER,I,2195,754,641,False,False,True,False
_5rzJRgPpsu-TmJU0jLHLogGLL2ngnDQHrtPZW__NGpfxjhRnZ-2Xcmhd6MmHtk198NM1SFPnXl4Vw,GRANDMASTER,I,2193,849,780,True,False,False,True
cq4-q0UNVg0drC8S7P-nqOe_imRspCLdLnU11dxkp73-ElsHfhLPFoTJpoaJmy1c3_lzxZi0sXWnQg,GRANDMASTER,I,2189,224,163,False,False,False,False
3S8mpUu6n4qLoSdmYowXYhuZrtNLC0olPYaN-1VtB8ew3o6qV_VtjdFIfREthhL8h0PL8QGNeHJHBA,GRANDMASTER,I,2187,182,107,False,False,True,False
OgiJl8WlIFlkRnazSa8jPfPsloFTEzI0pBx-RJmxAw1RPbO0Ew4PE7QNoj_6AjLlYHVmur1J-t2QlA,GRANDMASTER,I,2184,600,496,False,False,True,False
UJxEHnzorrwIglMLnWZJXtSBr8VUcHnXOcqjjw_XHRVCBZeoa3ecMewfsb_WrYykckv2c67Ia-k7aA,GRANDMASTER,I,2184,333,256,False,False,True,False
8r7XRc7daS47pH_FdPRJxwkM5N9YvrGuGhVhI7v2aKpg3sf_5dU7Gj5smg5-nL0ZCEhf-omkZfCwLg,GRANDMASTER,I,2183,365,281,True,False,False,True
f0hxeiUhZ7J4zcfopK8eVDZIC3E0njr4kXMv5HW7TmT4I_3p17_OQEFGMMV7kYS3rhX2vx8QBwnwbA,GRANDMASTER,I,2182,330,211,False,False,False,True
TWFUzLoO77ComphkXcFNbTXAyQpN1t_5kiDldETuSRRLoUG51-tmfWpjdFLhudqW8QHS9j07o1xf7g,GRANDMASTER,I,2182,214,125,False,False,False,True
oohqM6h3vHyX17jixOnxmrrXOlbAPML1FFMD494MArB295I0fTI37K_B3wE4ky2r4tJhOwUcizjZtg,GRANDMASTER,I,2177,301,180,False,False,False,False
y2nD1zaH2Ql6iaApvixSi398pi0Nt0-cux6ZqeVfezE87JVsszAt2Sg2phY5fYtwNpflcS60Vn0d7g,GRANDMASTER,I,2177,266,188,False,False,False,False
buGdMJ8fvGI5V1l6Xiq1RGv5MCpVxsar_X3pzDNuHBIxPfLsyNn_vOzmlsJi5tV3wA6kOF-IXbe80w,GRANDMASTER,I,2176,623,542,True,False,False,False
JRzmvoLZBysGTGMHPpgkBcpJ1YkbCPX7UP-sdyguP7-MCdksmfL4YTvuLCThlUdsK3iMvefDd7WiIQ,GRANDMASTER,I,2174,353,296,False,False,False,False
iWgjnpL75btX1O7p303rfLicRRgPwZdXD1OB7lRpipgTi6NTgXDp6iQD4wdeHkHL5JeKSV-O4MwXYQ,GRANDMASTER,I,2173,942,841,False,False,True,False
4NU5wLpYfJQxaC-aHjXnDyoMBRtNTx9HbvROnkR0oHE3UrXLNjlnfLSiOs2LDl7oZgoXO_nnNN_k3A,GRANDMASTER,I,2173,710,633,False,False,False,True
PEPd63NEWVHAXuzABS4gj3hqVuLGMee1WxdN9QtqY68OUsjjPskIV_ra2gcAyTwLkVb_YS0-IVqtHA,GRANDMASTER,I,2171,170,98,False,False,False,False
4LShmglpz45y93EX_NjhgD-FBs6OyvM412rkxOFWpKIkCup9DTxkotbtOCgpF9ZiiB_RB4X5PbWWGQ,GRANDMASTER,I,2168,561,487,False,False,False,False
PHDb6kS6rYJGTctyty93L8hKPiAa4uCINfOMvLy3egrGWL2wA1UESAkApXgIt4Jp14WbjgXb6CJQww,GRANDMASTER,I,2164,619,562,True,False,False,True
ubTwlBemBUDzg_JFSyG7DnxxDomH-aP4qPLgsicBr7NcX_qgNtJI6GA3d0jvIRsehrVpqwPlPOBSkQ,GRANDMASTER,I,2163,360,289,True,False,False,False
xDZvoyTGKL_uIOsJ6bfh5ZqjYGJBlSjvESvMbbEaSOyBIqm0WgKVv0EZm005x-FeQWKg6pxsNDmr_w,GRANDMASTER,I,2162,344,272,False,False,False,False
yf7_Hz6gR-8LewyO4LrQrA75-req6mUzt7l-VQX1TyYiuSMHkbFiRlS7aRw4SKEy4L51zwdHLaTfwg,GRANDMASTER,I,2161,408,305,True,False,False,False
xluFbYOcr3lhcEv6L9f6JBdeIYYejdtiSpKTtk89x6t2ZXhFzPp30GpJhBCRUivPkdvWSrU8_d0-lA,GRANDMASTER,I,2158,303,233,True,False,False,False
yLc5XLQ8exusxLv-dioLU4FUV1t8pBYRFVDtdHY2A_PSGarVqSRil5Ps4c5gaQ1UdN6r0CsZlKjBng,GRANDMASTER,I,2158,185,119,False,False,False,False
UtTStrWT4fY4r5pnkue6dMszuApvxy5G_znjW52FkXOxyoG2ex5BKa0BEajVjxS_exqHit9Ve9G64w,GRANDMASTER,I,2156,643,567,False,False,True,True
FT3y7KYA3BGVzV6osw9cwUiBLDD96LXYz7fZ6knNrkznvXglME2YEHXEc62JOgyltTnkYWoNXqHW9Q,GRANDMASTER,I,2155,602,492,True,False,False,False
ZHLiDpskU55wVFc3uFbB2RWYfHnsxKEgrkM0z7XPiMr2SfLC1HkLs-KAnlUiXKXPVMgmkB7G6SQAMQ,GRANDMASTER,I,2155,446,348,False,False,False,False
mTA2OcCljsoPO9xyi3yjbvn8ZBPZtuiIdr7UNldnnMgLrF0GJGWfj8vkrgtubHfl0pNdYcqPbfmqpQ,GRANDMASTER,I,2153,1038,943,False,False,False,False
vc24NII3UG6al65bKFNQII15kON3zcjCeOravaW82zrkwu6UvmnwE3oYdl5pBblPaZYnhYa2WFiawA,GRANDMASTER,I,2153,232,92,False,False,True,True
q-oqTZ9aApF2YmM_CZKlGoaLmkaFqJ3oi7hcW__b0InJ2-i3oEGoVXkqSqucCiloNFol7PEGqCVsfg,GRANDMASTER,I,2151,512,437,False,False,False,False
YIy_DCiBjDuj8Wp1QnR2KrvYzwXpji6MFSxoPQ4QQIwjAU2GwlrlKMMjlDsNoTncRaET2CnIxzUCwg,GRANDMASTER,I,2150,266,216,False,False,True,False
hbxnsi8-5CiPdBAhfB-DjWbB72noNx_g_EtwmRUHhda94M8huILJeEM5zzFhsxMaTd5Pp7ymtIcDDw,GRANDMASTER,I,2149,700,640,False,False,True,False
7MZC7J9i9S-X-4ldgnkJtoAVp3cU4AhUNyzxcYJqC0os2JcIYwo-PkSluV-mnj720sYXhK9uCXwX8g,GRANDMASTER,I,2147,357,304,False,False,False,False
_9wIqKMUKm3NtNVOPLgezO-P-EdCPdeM1rssWHlgNAGChJb5Mkh0_kxEjp9IOfxWJ9QocILmRbId8Q,GRANDMASTER,I,2147,299,242,False,False,False,False
3XDih-ac83HvPzouCWQ6_35IDlb70mPTfmeG_Lx26stjZFd5xecx4qs-EOTslwWhK26hYJibo_1SZQ,GRANDMASTER,I,2141,261,174,False,False,False,False
4tfe9ecFkPh15s8w8axCTF2YJ5kKzd0xAs4hDAvjM_h18FsqdoKOloogXj99Pi4eXXsEq-KxIlJLog,GRANDMASTER,I,2140,250,189,False,False,False,False
O2f1aoGSksAxuMARNp6axiE-24iDhD2xO4KX9ycOp7mEDjgt0dBXDjaZb1l38nAK9BXI_jISRc9Dqg,GRANDMASTER,I,2138,391,311,False,False,False,False
c0aKI4d6WgIKtlrNSiZFDy2LbpVeaCKizLiSLGv77V1Pukh-IPkedgTYnAdaehsXKs3vvRYSEn1w9w,GRANDMASTER,I,2136,470,355,True,False,False,False
NMRLM8-YXsdBZQ-2Lzh6i46xx9VpbLSHreV_7TaLat-g3d9k_r43Z_ThzcGNNJAHX7Fkgni4h_4ZVw,GRANDMASTER,I,2134,613,526,False,False,False,False
hSFsvmlkP_muZ0W4fYFezmXxA4RRD4eZckXdmqJ7pTXu6KbNGuQA2-4PjJ45zoxXEPhxOMQx5wRaIw,GRANDMASTER,I,2134,467,405,False,False,True,False
_BsATbVYZSUBMswd8UDTT1E0N1L1cAWGYyNPv1_EKBoEHX9_emSIy98v9cMbWH0vEsMJg9JLa8wozw,GRANDMASTER,I,2134,285,198,False,False,False,False
MxkmOYHQUJoWIj-iI1svsaWhDS4NkEW6EClMYVV6gyYmS5yPqiQTRZa7gEUUDK--0ZGINmEr-hSwqg,GRANDMASTER,I,2133,780,682,False,False,False,False
pA5VsvCbNq9NkWo5x4fM-qjzWMew68US1OT0ywTg8Vdawu61x_f94RLn0qZ3bihjbVPyKtEkoyorfA,GRANDMASTER,I,2132,381,320,True,False,False,False
Na9Jk1XiM5aLqQTGE1OeXsWtXmg3lbpLugvcAA6H0sJ1gGyC4fPU_Z1YNPT5yPa2D_eNyJWQzuMXFg,GRANDMASTER,I,2129,328,238,True,False,False,False
SHbQUB2HjiAqFZOJqHKYB_-_Mw8tjWa62AEUkYXaOJrbGUWT08AqxGEnX43OBdnkUs8zZzWIjyjmVw,GRANDMASTER,I,2128,674,578,False,False,True,False
iy24JCgkqCz2S_Pw4-AIsymEqlEjHrPAYdvzZKsLf61f3pRIX8XVatidQRwvJqbmkW54vsiQTZ91WA,GRANDMASTER,I,2127,970,867,True,False,False,False
GYOjAcaASu-Tita5Q1rIvxS8w0vEWeBJe8eYYl7GupzrvKoTXT1_dMDv7a476o8GrWS4-dP81KkTWw,GRANDMASTER,I,2125,611,560,False,False,False,False
tEggo-BjB2_ozNjeWKlvkGXQWma8S2mwa-shoGB558Ijj69w1wpf14rSd6L5vGpRkwBvYd9TT7UJGw,GRANDMASTER,I,2123,558,490,False,False,False,False
_Yj-ho37ox4cwXbBBklsotFraWnJWyleiWZTr-Ku8w6Mv6fD3AExWXSCrT__XI83NATXnJutAgfY0g,GRANDMASTER,I,2123,310,245,True,False,False,False
2TV32yKmEba6prsB54hUG1aC2DtIwC7-lkJx20XgY6Z5yH4OJsI0DldIzyhJyzvKuj5IsY8lLatufQ,GRANDMASTER,I,2121,380,307,False,False,False,True
LCG0nRtxuggVMiaGsmWhCX2Zvq_wr6cSG20Y7r8e8_kef3qfzO54G3lbZGPTdlJd-c95xPEBPURxFQ,GRANDMASTER,I,2120,277,235,True,False,False,False
oak898k0eBHPmkn0HQTmbNOeSfAs8SLfoqJswIucq_ZutZXr_7TiB3cz5jVpbJD1N12u8tV4LFobeA,GRANDMASTER,I,2119,313,244,True,False,False,True
esMm6o9LIdPHHapeBfl28Vho57Ho6qXl8VCJbHwwP9A3cIbFuEHFAMPtyeNcU4LeqcP5LFoG1ttGAg,GRANDMASTER,I,2119,232,167,False,False,False,False
w7firfSbz1dozLnHDjWzNnLHMO0Wg6v32YoV-tLH0c6xkj4flHg5mGOfBAqjSk9O84smWwdKkliNRg,GRANDMASTER,I,2119,158,101,False,False,False,False
R5bYrrMUlOt2hyzXrk1FdAW3TXzMxL9-Gc_ozjDTd_stR2wpYdGtDG4XiTAXVOoPGZ_6A3-AF94d7w,GRANDMASTER,I,2118,210,157,True,False,False,True
WqZJgg8LuJsxminIziKIFSO0Uzv-0N02wLswyQOvNxjWHw6IQLkyDl-nKSoCzbLzdlTTraXOExuspQ,GRANDMASTER,I,2117,545,490,True,False,False,False
boIUU1qE4dXQ7ERvLy3Hg6IuHTEW1b9vvWQ9OH64e7DrXL8NUArl3yo10nYa1g4ZMof755yJF0cbGw,GRANDMASTER,I,2117,191,109,False,False,False,False
OnC-epoqXsbXq75OODtnVzZMT3O6cKWbFgBAQYbX3GZRNAftwxlhhugzMLL2FB3-AzlOSYwAoP_u2Q,GRANDMASTER,I,2115,912,824,True,False,False,True
T4V_VnR9-9abOEbc9tRYGK1M6f3fBxshD6v67ykYC6mN4XCiQLYSeGRwNu4j266LqWFRRKJBbRY28A,GRANDMASTER,I,2114,827,742,False,False,False,True
Iir9Qz-8sp2PdgC2zUYkS7LvyMPrpKxKpUHoRmpeYPWjJEDyuAiOaOl2KydWDpoys3GnelG5PwS3og,GRANDMASTER,I,2112,661,587,False,False,False,False
dpHG67ADLZd-kqOhCHVFGMEdl6kbF_XtW1bXH8BVO6f2UqZVoT5Xt5zy3lYv7QnFZEyF_PjelaE7vQ,GRANDMASTER,I,2112,545,395,False,False,False,False
OuvHLQwV40CdJ7CFLQa9dp012UYsuWrIT7AC_dnzOb4U9rR7yyJudpeibfUY9UHTTNYmlrXAtkZGow,GRANDMASTER,I,2111,470,387,True,False,False,False
zrxz_IxNcVIHBl1gGlPytVvKRq_bvS7oipj4fSm9LZgXyveJmiFdC_X-sZW2vdAAYcHyNZmxnXtzGQ,GRANDMASTER,I,2111,232,158,False,False,False,False
JJca9wM_Z9p8K3AITqqrgsdbrGZQdxpzDGvcKUX6azjqtjNm75Eeaodnxc8Hpx57Flrh-1WO2i24tw,GRANDMASTER,I,2110,1086,1003,False,False,False,False
rf9rpkQjk_Ib04-xJbltSPMLMCCpXlYR0Ht9ot5Qb1XTOFGx-iQ0pRAhh9hWB8_k2XJk2Si5-ppcqQ,GRANDMASTER,I,2108,274,225,True,False,False,False
4QlWe439YzIHNkloE_ErXMMFRWt3jOkM5jfXikQ1bJvj22jdLTzdmz5DBUl7ZLQC-cWkodqNtvurJw,GRANDMASTER,I,2108,187,126,False,False,False,False
1iifMB63TOaELVA1t3Ae5RajRZZd_gzWRr6E6p6PqYmbNIRLgqkMSC5NQMkEJNIvgWLQd_a8alfdUg,GRANDMASTER,I,2107,804,726,False,False,True,False
AQzMkiAToXA0sGmk_UEfxkYdEag7hbj66yUy4j46iIdS8GGg05VqW71czFHU7-o4MV7cObyVZBtSvw,GRANDMASTER,I,2105,461,353,False,False,False,True
2v_kXjyV_llHhkiHZRsCT7VUwTmc1Qc76OVCSPL0CO32swRAHzvK-xQXOW409g8soEFkj-qZPnBIAQ,GRANDMASTER,I,2105,260,190,True,False,False,True
Vue-BbyJJ43cSZfYt1o0d92XmxjemBbfChburIGBK9wMzoLfsMYwfi_1fBxD-wl1OKkhZ3IGPdAZTg,GRANDMASTER,I,2104,526,462,True,False,False,False
B2iLJs2UFLH58RnNtXoDQAG_Y5t3tg5S1gHCKUhIodlAYfUH-mZJnVwGWCW-qQkIr6P1Cym_KFs-WA,GRANDMASTER,I,2104,438,364,True,False,False,False
_UelizRquBpCTMT9ZP_QPMvlfDRopKeiOZXbZmhUOm_yobu4KXx-6jt-rXDj6w5YgEja7wxmmfRsnQ,GRANDMASTER,I,2103,568,522,False,False,False,False
n8xgRpl5aL3eWEucvZrL-fRXh1eyC9O9PPWa0jGWfyuPr82kisXyO9bRlumVxvUY81TffS3x1qCE5g,GRANDMASTER,I,2102,708,588,True,False,False,False
zWdkOpjS7KUE2I4hDCL_TAHuWkaH6O_I87PAkVOkSlywO8STMpZ76Q_3L4cUqwUiH5V0iEV6BpBYlA,GRANDMASTER,I,2101,502,458,False,False,False,False
1i22s9GgHY39tXWj78X8Gua8nxWOiOAZWRnH07PTPzmV5P2LrNgUsRPJHf4reJt6FoSi8J8QVJt79g,GRANDMASTER,I,2100,917,866,True,False,False,False
O5EnLkRX4IaxOsCBrwpElnqwxAZAG6sFHJ9rOB27eGPoiaTGkwwuzLVpGqO2dg78Frfn9mqVGq8CCw,GRANDMASTER,I,2100,301,246,False,False,False,False
gqG2wBXHxXxK3t4-UfvC0mQjOi6krKxuhmmYyHahXztAT9TQjximvtgl9LM4YhoIlFq9Vuf_sTgb6w,GRANDMASTER,I,2100,149,70,False,False,True,False
dF30Mo6mNxcwk8eD7pfaw6uj9W60a46Tt1wzRIVUf5iNdxtr4u99NXoGct36Tb_H-CC_V1KR7rLrdw,GRANDMASTER,I,2099,654,539,True,False,False,False
f1s2OEdIQbFXxz07KEd3lBG36hXtqBfeMBJLTbkcpNBFKPZ3yyp6arx9AEybS6qpdQvmRU9rALpI6A,GRANDMASTER,I,2099,458,358,False,False,False,False
2lYewMRRo49KtNN46q6VDs4SrVa90NwTLY64dZSPlz6bzgCDbllxaUGz4xDuUEvX7uG-J2WECjoLIA,GRANDMASTER,I,2099,273,221,True,False,False,False
V2-64gODON87sRcEypCCXO8HVnuWg9GkLfsYUEbwsrdofiOgIY6MYUJKaSFihy8Yg2p-r_nlSmHDJQ,GRANDMASTER,I,2097,498,383,False,False,False,False
vsTT_8IBFxtDE4pHNZjp0wGfbIk4OOjxCU3fACtTNn53bc8CdseNAnVJ06oDuMzobidaPruEtsKj7A,GRANDMASTER,I,2097,379,321,False,False,False,False
eTJM_pZew8p2BaB79AlR4UmKh7rVO5hAKHal26DpxwjqId36himFzzsAYFijc_9ZKR778cCLyPC6jQ,GRANDMASTER,I,2097,204,135,True,False,False,True
qqZY0Q7FTikzw4CofdzZ_-dlYZ6LVZ2eoo9IUeSeKeOJR1D0f6iqs6KSNCj7peSfdGCXcyE4lYi7Ew,GRANDMASTER,I,2094,484,428,True,False,False,False
lh453uTLN8UiTOq8ryBnlE2r6_EpJcNo7hgGDxp2aIwivRF9fwgsRGlOufPGM88lLxkzWh3dRaqqAw,GRANDMASTER,I,2094,458,395,False,False,False,False
mOIvUxb9WvyAfig6NrjCxaODGHaRFbaQjG9mX7MgOGSXLi1sXZ5WJlURG5rDN7tFTo2jYmEq14r1tw,GRANDMASTER,I,2093,505,416,True,False,False,True
Zl29WrYFMz0QL9582_R2VYNbiSDiaU_1AQ7S7oZOOdjeGpAdT9N4uYfCH800jhaDEH7UwLcvAPY4LA,GRANDMASTER,I,2093,360,264,False,False,False,False
FxWe_4D8OAzC6-Yc_oKeXI3vGtHkeqZWnUiVLUrx9G7Fbja7utcN0Vu90yB4XeExQv6-Op9Czimi2g,GRANDMASTER,I,2092,554,507,False,False,True,False
MwaABAtWNXCoqXi_pyPiBSBuvs4EV5PeXZoQv9DbS1O4EpOaDrczGqxDffHr_cxhOpwsdHtt0owEJg,GRANDMASTER,I,2090,593,500,False,False,True,False
WiJNqxCc7koz2j_7fqt4_k52uMJb7Tbl4lwiLOCtXmX6-7rciccM8fxNlgNS1QY_ZNdQT-nB12lNTA,GRANDMASTER,I,2081,1077,962,True,False,False,False
1EYYrJUgUfbylxGo5pi-fLxl2rze2ug1-nfQmzB8b-YFDXNvvgVwjZxcjHENXn4bLGC3ExWatY5HyQ,GRANDMASTER,I,2081,401,311,True,False,False,False
Uvbl--N_U0YWDfHPBVTe2Ju2FyIFcCtz6-FFoxylp9VEp8jBm8O62EYu-cl1g7pIEWj73AJZ_oDsgQ,GRANDMASTER,I,2080,483,455,True,False,False,False
BhVbDhGWLkfzFv8LvzUOMw79O_Gp9gE_EZL_soCcPFamYwgptz2Baa9doX-s5JxMfR-vN__TGkZt2g,GRANDMASTER,I,2080,433,375,False,False,False,False
akah5AN9avcrIemcRr8u0i8DnLv5MfaQjtX3tN2gURYNnILshPNmEsePjVnQ6z54Ec8Z5M8drRyP5Q,GRANDMASTER,I,2077,368,290,False,False,True,True
l32pRLa41qCcUXFQhi0fSEsobfZw6WENpEJgrb866Yf2_MHNGp8YUSrxGd5M052jfHZdFSgVpoF6qQ,GRANDMASTER,I,2076,530,415,False,False,False,False
TxWY9aQYAZpWgipttsdBvCBkdglIxJ5BxVSI0bxau4UGoL4Lu6a_CSHFC1gWEFpeqDPEKwWu_BnYUg,GRANDMASTER,I,2075,658,578,True,False,False,False
wD6bcNafq8RC4g9oZKhlo2aswkNbCmJVAq4LbwdWnMge1JfFnu9imAyai55c6a_8OAc9AKh3gKJ8Fw,GRANDMASTER,I,2074,537,476,True,False,False,False
xmlgD23aSiWHWTafw9K1ChGFNjzLuzbpRiqkD3r4NNLaEkfDHwawQ8phA_w4Qs7fRLJ5j5PdgBkLHw,GRANDMASTER,I,2074,415,346,False,False,False,False
N1p8E5YrvlC16PKw9R0FXYOqIjyv7j8Z9x8-WMFkPIhGh5cN-isD9dHnygoly_MG3iU2py4JtKWb9w,GRANDMASTER,I,2073,769,694,False,False,True,False
JORQIitzSXnBU51x-sOPa_Z4i_0srPcU6TljYqR9OR5GVx5vrRGVPlXPNQ0idy52KvKPPR3orE0rww,GRANDMASTER,I,2073,467,400,False,False,False,False
SBmPg8dt1yLhRNYuydpzBixCoCNK7m8ljfxXBmix-ugGKhVFp94TNCezNPKkQ7P4j_pDEYcHt26A4g,GRANDMASTER,I,2073,454,371,False,False,False,False
_aUBUwXdxwZ-VYjfxznvcZH2qMpPt7-ffwmkaeHtAdI9qHHcR8SEd0k_vp3IxM5xQMU0o9xf2_PJmQ,GRANDMASTER,I,2071,910,839,False,False,False,False
7S2tk4-bN5sBqCw5_J2MuR6C7r0Uy1feU0BYFaNlpcPYtNbVFjq8I0N6oP6Gvszul7n6YARp9NXmtg,GRANDMASTER,I,2071,537,456,True,False,False,True
aCcUKaWG_tLSCCSZ5HFs1VHFeDk2S0p-6VQEGB5qbFYZH_EqqBeCoe5R4Q3HZQKSeAvjc2eRLbmpwg,GRANDMASTER,I,2071,293,218,False,False,True,False
lQqLABwRf8G2pRjvypvTouh-tINjipJhRhhowi2RA2Yg1sjYAn754WOTYXDSk2yxejhhJlUoHd9Mcw,GRANDMASTER,I,2070,675,565,False,False,False,False
k0usEY5cC140da3GjJm_L2PfwtgDiJsU1Nb6TO26R9n0PnNstfiwPjQai5L-CAlfEegWpMvAK5kiog,GRANDMASTER,I,2069,413,337,True,False,False,False
NJ6R7mgC5ijrZwYVita26FUVs-4XadDTF95YsuI922AQU1nyEabTGcE9CX17RDEJ2jdzYbxd88n_zg,GRANDMASTER,I,2069,311,244,False,False,True,False
1TIuBFHVi4pCBrxBEm5-fhjhHXRTQoNS_6LlxLy4KNepsP3-7tPfUl1hnTN7TyY_Am60tycT2UI-BA,GRANDMASTER,I,2068,383,306,False,False,False,False
oMp5XXbPCZ_2M1ipVgSW0usPEf4Ipx4bhGLwK3NTCo54TG42VNd4gaeBkxi8TIVJzUNEPw4PYva18g,GRANDMASTER,I,2067,790,713,False,False,False,False
tXY9uCh2sdYPYcZq3qGTIEeK-t7yNniS3Hfi12JFK2VwsNFFmOLcx8AgkjRn0PRgT989FfS_jutxig,GRANDMASTER,I,2065,988,894,False,False,False,False
WrR9OJxKnQeGjpMP_xQt21yXo7FtxsCN8hg-6jipxD75BNePaGzxviTwXHubQZ3qLjcG6oUGGsmqJQ,GRANDMASTER,I,2065,498,392,True,False,False,False
slfuZMMtVllie_oJl1uICxCAVWPEBkWYkTrzmR-Frxf2NfxdOgqfJe7qzmxp2CDr_Q6EDJtJwTBuJg,GRANDMASTER,I,2065,467,412,True,False,False,False
9xLlWfVB78rUAGXw-tdTpKTfCnQcj4UeOXViPji-ZqONwwd1BB8h4tE27GhIM4_Z6U-3ZlJgswJvww,GRANDMASTER,I,2065,309,252,True,False,False,False
EJK-neiIO6AYd50RfK-aJKmv7XoELer6ANGeZHRmxMn17_NgO-J71BVnlDTrKLI1yd8Q-rIuq-9rDA,GRANDMASTER,I,2065,155,101,False,False,False,False
Lu7Z-jee8hB_KXO93iGqJtOWFoipg01-aoPfeTT3dPYKcJbvJR6GpIIRUSgsYTILveRq0nIrSFGkog,GRANDMASTER,I,2064,213,134,False,False,False,False
fzIh6Fh161Gx-seyJ8owNeWA6gN4PdbAi43lwtC00sbMAYzgyt9_jVF5uB75rE6v2doispx0El5PkA,GRANDMASTER,I,2063,1201,1110,True,False,False,False
qDRad77ZnlKxc2NVxzXyDG4Dut_7DggjRo9FzWEf6rc-A-G4OIJV1PBukWd-hTFiC3LglW0s4WaF0A,GRANDMASTER,I,2063,771,690,False,False,False,False
XRijkwFiNis_Tvpf5tIbyxucDnJEZBIfYkaYzA9M97acIdnQWiNUSAYn8rb6hSvjf44-4Btl5F59oA,GRANDMASTER,I,2062,512,426,False,False,False,False
USqHTCa520iflFOI2kqHT6KoNgRN_gCrfDzWVsRmgjCKGkwb2JVHgBeyYMetO3xWr2cP9OZUQsiJrA,GRANDMASTER,I,2061,324,232,False,False,False,False
eC6uI0RaPQGs29n3DhofqI9ACZTG4a0bjss8xc-GtWlS0gOAPe6zAkxqSB-5oHKnyv5M74clPngzNw,GRANDMASTER,I,2060,155,95,False,False,True,False
A5ZIvxyBSdQLdekeueBtE3ZPnw8Ql_XmVoO3vB0fWsU5XE_0jXxBErahmIOQxffmt0MwyzGYkkzS4Q,GRANDMASTER,I,2059,985,898,False,False,True,False
dhJUsJePXHqtf9iCRnRBtIZe0SJ0Ds3glQUv3bUrnNe5GmeL2hMg8YH_-GszFvr4_bmKjrRMdXs1PA,GRANDMASTER,I,2059,219,126,False,False,False,False
SVaFAPb3Ttig8532zltgzSxLyIiTtgT50EuFk3KtZLoYIBCUOsoLgh_Nw3IsgQd4tKT6dMRgRaGASQ,GRANDMASTER,I,2058,270,175,False,False,False,False
sKMsd5UNTDtrTMHYZ_KXAezmcxFzveMFKcMK3NFgABaNJd5FRRTaipSHklVxLD7pbOkZgyt3JYO16A,GRANDMASTER,I,2057,661,592,True,False,False,False
QGucvXO3tIpJ4bXWASJzCS9qkazOyfvGXZmHfJqv2KZrA_D9JYK7kePM3oBXQnjTZ0wYYwUwERtg1g,GRANDMASTER,I,2057,236,176,False,False,False,False
rHow8XCtQE88-6h7VJkqQO_874quZNtFOGu6WW3Sj_T5HVXTfliGXZ9k1ADKe5oYJ5T6oeaty-lQEQ,GRANDMASTER,I,2056,660,590,False,False,False,False
sNlotsDMJJ3eLPWwRkktvRHa3hzfiXsBc7yPpeKK8INcJLwpUVn_vTzxh9-HkcACzUxt97hHkDpXdw,GRANDMASTER,I,2055,397,305,True,False,False,False
mmf7_5uil447R7TvZ2s86kd8lupktpMLZ32_8O6U-8PA5TBLWdSAS0wyqK8EEVafHG5IqGvEhjFbLg,GRANDMASTER,I,2055,353,279,False,False,True,False
_YIj1etAbynrlpoomlv7YPJiWM725JuT-7AkKQw9_3_xRjcOYNba-GTif6qvTJpWx0qoPyLLLKBaKQ,GRANDMASTER,I,2055,317,259,True,False,False,False
lpvyM-cfOTBRo7bkni1yrh6O0-HHms38CbanAgg5gN393cQmvHH30fYT5fH0wQmGBcV0zNes5Y11OA,GRANDMASTER,I,2053,725,656,False,False,False,False
Qvgd_iHcB5Ae-4Y4snscEnfkmiEx46IXsFIlId2p5g9PKzdnw0RQFAC_MgPXKxkvVgUKATYk5ST_sQ,GRANDMASTER,I,2053,507,474,True,False,False,True
ObucbuEFsrSXZhcT20nO7FogD54TglVhhQT1TpAMNtkPhKEMWFF5cWeLeUt15sHf0Zg4U8jHjTaeUQ,CHALLENGER,I,4466,812,672,True,False,False,False
a84L4X_w5zG34nZKp5_-OyrqT9Qap1E3i_P0GIw0B8gtFqGknbAvCtOMVlz9EH0RvganBkqRvY-Z5Q,CHALLENGER,I,4404,1157,983,True,False,False,False
FkRxlwwUUDqPTm08ttdvT0GAtV8j6dcKR37oNkBrDaqUMp_VrpAHis0tKoJ43zInKPsFCbli-iYfyA,CHALLENGER,I,4148,909,737,True,False,False,False
ufMYZv2OkJD7MmGfpZ1JJd6dAxlWA2PbZ38DkwMCXf1aCSLilHB32mBoMDKEC3hZeLC3MHCT6G3DdQ,CHALLENGER,I,3968,492,335,True,False,False,False
wIKSbUPsfPZNu54Pn3aRfP5auDgJP7DHQ5ZsKi4oBr9sj9LcefOrm1dfKmX3VKgt5KW0vg3566bJqg,CHALLENGER,I,3962,988,861,True,False,False,False
mgxrRvx9UJxQX1xPTW8WfYAEybYhx5AteA9GLXD4zEWShJ84vgNb3lpCxFURNrV1uGpdtj1oD2xN6A,CHALLENGER,I,3962,584,433,True,False,False,False
h2I9BL2KBN9IWUw7A90DcoIgY1TzuG_b1Xqvwx2Rpk2ceDQw4-HVvqdWM53VIsdt_1eFyEcO7J-IaQ,CHALLENGER,I,3887,321,188,True,False,False,False
FIbKXb38kaPh_MYbAFiFdjE3PYIpXKKdI2wDTA4YFvkPUFgteQua6P8cVY6nxUw48rz7SZKjHu_y0w,CHALLENGER,I,3771,470,330,True,False,False,False
Q1R80zymV9ix51OToQhSygoLPFi4xky50vDxQ-SBC6vTgb7bFAtf3ILX8iRn6i63MCZeFj2c4FmSWw,CHALLENGER,I,3745,816,704,True,False,False,False
4hCb24JjOF0qTwU6GSi6kj68iwyNGhkdVtMfluk7rOIX4rkWt87TpQYf4kC_C-4uWTRqXVVTtZCp4A,CHALLENGER,I,3738,313,241,True,False,False,False
4tWWR3hMQxkmPkCrUgbrtBess1ZDuD1PDSZlAnMueLUJSldITd3YganoN-u6o1htt6Q9yKK7pE2Y4g,CHALLENGER,I,3692,544,418,True,False,False,False
LlxmqqzZHuaCBvOdRDWQeOMZuzGznQpANvu4KcZerZ6P7PiayUOlXBGWyKuHuHcUXZ_SfTyC8z9wsw,CHALLENGER,I,3677,652,521,True,False,False,False
3fPabRbdPMvlc5aiZjP2-0aXUpfPshiVJ7gZjY7GIZ4ynRc0xr1aodqyq2DGpAd840SZ9_Tv20vqtg,CHALLENGER,I,3666,806,688,True,False,False,False
ABOaLVzAsAxUOFZhUxtmQgOlRWV-VaGZIMx-jWqf8VLeAbSR-_OoErkPIoFouOhrDFVUHqDgquIgFw,CHALLENGER,I,3650,461,328,True,False,False,False
7AJXt3cnGu0zFzuU0ZWFTZiUUvNEDRoSdm0BwWBgspGc_-d76V2bLmVMP7PdhDVy-AlwnTFbI3MA4Q,CHALLENGER,I,3608,765,619,True,False,False,False
mqZWu8X9LdEaVrRdJTw9MwMoB6k9k2w77rlzc38J8AxgRGc1MNY0J3kfjsHwYh-j8xKnxSwnw_WbxA,CHALLENGER,I,3606,424,305,True,False,False,False
nLhL8OZGh3zWuWolFDLAxVoMdyOdOugyNPULAXqgQ5-dIuVQmEU2Te5545kL3soHFk45a9a3pA32KA,CHALLENGER,I,3575,775,687,True,False,False,False
KYoD6m4EUnDpr_yn887ubl0rieq5CSlAy7nLU0y6XWWN6kxDZodJEB3ppniFcZvCMASNnu4UHdWhsQ,CHALLENGER,I,3453,528,405,True,False,False,False
NqCnvTB4plhLNwj5zUABIhuS_tLUveL2Rnq4xNc50fWfcaERkKuHFns2AfHnVgOvix-HKAsFv43NEQ,CHALLENGER,I,3434,748,657,True,False,False,True
dQiOfbHuns0LJnoiP04I5HfkPZNSk_IVPYa7MMeDMsTK8ILgFpcjhKRzE9EQjn3ND1H_eG5u49EmKQ,CHALLENGER,I,3422,424,315,True,False,False,True
q1enZhb6I6l-BT4Z2C2O3Oe5BduN_L0k7J9woawvVEJQ62JFZNCdRPhgcdU-H4TdIXCHHOrSDsWX4g,CHALLENGER,I,3379,999,871,True,False,False,False
ARZNVVmy2SO9_iUZX0SsLv2BETvKnT5ogOOi47OvOuYIxG8dWseSGt-SbH59zpRor8H9yBQyxcAGjQ,CHALLENGER,I,3370,719,604,True,False,False,False
GVDshCfNlAbs5BLr0crbpsB4uZIQVbmXz5k2tDtTRd-zriZ0Siog_5DeW-D9Rd2gOFunka7ZSn3ynQ,CHALLENGER,I,3355,560,439,True,False,False,False
QKweDf9BwnNzl8d9NbsMqnTguBb41WqSGa4FqYyo_IZxQmFL9jBp-yBnkIUjQzEHnpWl8JPLm5qFXA,CHALLENGER,I,3346,735,615,True,False,False,False
RjSseW522txWv28RMyKPsP03h_0-5xrNuR2qdDgE5IQtvEZ6skqLYeygqdN5-PoYOyi2ZzKmW7jOdA,CHALLENGER,I,3309,362,180,True,False,False,False
JovIQ7GONfPikUIBDLdCua5JsbGXJxEB2yHFjxRUfs8xg2DbsYBva4uC-00Q9tBlyrPa_c69xV4ihw,CHALLENGER,I,3301,411,299,True,False,False,False
slX85GdUg0mAA8qmjRynDTAi3Sx3BC19fWzoUcE-r1KUxAObvMlQmlkOzojDyFF7MF6g0q7zoH6wNw,CHALLENGER,I,3295,456,299,True,False,False,False
DMCayLVBDsWd6Vc9FZa5CazbHqkG0cZJvwA3aTJYIGRbvzcWqNytvYXkosuSd8-41veRQcRCjuNRsA,CHALLENGER,I,3288,535,432,True,False,False,False
v6yxIYLzjJGeUik1ISwJONjS2RrFvX--ThfdkYbS6_Ii29qo2nKkL0z-wTeD9Cf03B4c0xULo5Qb-Q,CHALLENGER,I,3286,295,204,True,False,False,False
2ufnhutwBDXdoGLKurw8vmW8H0wzMFMDGaQUiF8-Cvf7j5SoWoxi6QJKRSiBMydHo8RRMJP9Og1U_w,CHALLENGER,I,3257,593,409,True,False,False,False
LlWjBuCuhubbyeqmDBvuQFBoIYR7zNqBLn4svD48wl2_PilWEYSvLmuNTL90e-G7Ntr2d-gXQ_9UFw,CHALLENGER,I,3228,647,491,True,False,False,False
h5nlSUopcfr6v6_lBzAgJqIfWRs91sgPTkeIrKa5x-Rr8RCdXuk9bumBA8vpndmfWVn61Toc_AC5UQ,CHALLENGER,I,3204,515,325,True,False,False,True
LRebw8xeBUxD4xhIiVx05xXdpwwLuoK5oDV1Eb_PkR4YZ4_KlvSQzxUmOgWmmz5jEzyAXEPSIUdN1g,CHALLENGER,I,3203,681,560,True,False,False,False
9wDHgqPbVZ4JY8511PyV2DgApo5HMsxPsO4U8adUs6MwfVfmvIDNyeZWgqeQIoJ4bSksMeYZ6mxy0w,CHALLENGER,I,3199,466,306,True,False,False,False
D8lmk7oetcdGKElvG0OyxIpRWAIofPF9yVArYM57dS35-FKZ_vXAzOIEm6W2FidQhuLc4JVJQW2rDQ,CHALLENGER,I,3167,391,256,False,False,False,False
D_F9XdxNMv4poY309nuQxorEnuHKQG1AGPG-56iRhzqcOtvtID-T2Xw85KXrHPYgGDviVSFSIN81kA,CHALLENGER,I,3160,632,526,True,False,False,True
5kCnf0uazOZFOXK7QA0xm5INRwkrjMG8WgOeZRpIurpeEmKKtqmXKwX0y-m7Oy5Vb0cQfqdBA5RGmA,CHALLENGER,I,3150,641,550,True,False,False,False
3TDcc9Kyrbit0uLVy5amftma_rKYSqGnfmvwqIP5hoHFs49TMBNiEHHRDc2OGKW9Jf-X2hVnmW64Tg,CHALLENGER,I,3135,456,361,True,False,False,False
SxWT3PKrYmJYbygPj33UUKgtN_d3pi_8VAQb_CaCO3YSG2Lm-c2E01haDtP-TcxpJPwaelLzcxYq0g,CHALLENGER,I,3124,979,872,True,False,False,False
y0MLns7ADCLb0TDg2eGwIHEKH02aGVkoXdvOlrRJz8u1Zk-y1daaorFtmQ4VKoFA0b5DwzqT1oNO9g,CHALLENGER,I,3121,530,360,True,False,False,False
BhNvUkV2OqZsswSdEu0J0sZZdaKUuaPrdcAcAu7qjbiL1cwsU1iuvic_ysCae8WAsOBHW7eelIT3Qg,CHALLENGER,I,3103,401,292,True,False,False,True
EOpI_v6CX9kwmFAbNj2U-rFo8bK4JOJYEXsOi2f0DUXhu3McoGmOovUSFFGwV8WVp4vHgEvqJQN37w,CHALLENGER,I,3101,425,342,True,False,False,False
mBO1CYDM_lLC58HvD3GR6tgT4E3qYQLjBfI2W6dDVm8bPpFvzRXjMU2P6L8khGChza7R8t98SlvudA,CHALLENGER,I,3096,626,498,True,False,False,False
Mqtw_N8wum1nzsafkt27gpbNEYsTI9IWWDGsdWdNuBBOm2pm-JREXJFzzpE7lQi9XwQx2f0xTWAlhQ,CHALLENGER,I,3078,537,415,True,False,False,False
KQraJFEZ_FZTGzSx0K_a6WfVdn_RVf-BsMiz4pP6282NKykcDO-34WXhx2VQJM9WwkFpIdPDTTonoQ,CHALLENGER,I,3063,599,511,True,False,False,True
6FQz2fVTWZnamFEaMrVAbmg-OdeoOHUNsj1rX5fkPzH6XoYHap_4K7AqCExSM1F6oCoKLTeWSIUepQ,CHALLENGER,I,3056,632,487,True,False,False,False
Z-Wt_WmCQOqBMzhlNGyJ6_79EsGobHywLQVJeVw57eEaQpsufpw79e3zYt4vOiLLNiRE84qpjmE1eg,CHALLENGER,I,3055,296,220,True,False,False,False
mC9YLvThpgIGZGs5pdsaz5G0Wn6bGj3xI4JYp4RHuAOgI97N7a7wXNIYEJ7NxDEVyWnehbFxt8Mi9Q,CHALLENGER,I,3045,961,839,True,False,False,False
yPqYepxPxa-2oGmuE0gMRNaPXjIGhlWn6lwDE6yVIRq29J2S69ExZGhBa7Gt6SwxhUHEbJj8lM4Wzw,CHALLENGER,I,3042,454,368,True,False,False,False
8LzKt9vCG2TuId9n8TkZHaw3iCo6xTmtaY2uNU9Gi-q14C7QgERL7_TWnULd7AtfkxNCTGNbvKtRdw,CHALLENGER,I,3024,417,320,True,False,False,True
lNDQRMnc_0KsFBzHiz0Y3D4LDgiEuwXftuG6QvhW_XjRoYRYRRTnF4xkudqxNkWDMATo6NHfdGojfA,CHALLENGER,I,3015,334,221,True,False,False,True
RuAH8Oicg037-3_kBuMFPwYmhmcgQ8XYnc5gK4sKY2KNDEQL0UKNmujN-C5EC3M1tHe_wIFDUdKy8g,CHALLENGER,I,3014,696,597,True,False,False,True
RH9LnkViGBP5Reoh8WtQopVRp1J-_Y7Egg7MZ3Zv1mHDOJiikq_cpRGGeN4FLwbeQ8C69fR36iseRw,CHALLENGER,I,3000,964,894,False,False,False,False
QFrGbR9pEHGFKBHzcaZEvYa2P2zozQ_rHgxLfgOkMgfNvzl6aI8LbOlZ6evsUM0f8aV5JUOxCNRJAw,CHALLENGER,I,3000,674,540,True,False,False,False
tytsKiMgGrR4RkIe_Xd5RMgUjyFnldhTCl_NFDuyX2F02c7zBNdk3TP0kWHi76BCQWTtu2kyoSm72Q,CHALLENGER,I,2997,473,382,True,False,False,False
gs0XQzcNUvXkf-B0_YUnXCp2nCSevcJExj8oHPTEHFd06Vx3u8F9_ZJKsNNy3N9qxHesYNN85UxyeQ,CHALLENGER,I,2993,493,371,True,False,False,False
_Ib4s0_UgNmIUTcRrRK2qwl9RuEPigpDT4wY1W-NrykryghyrhHdwETb7BKwWYMrbxyemaHu9RVAxQ,CHALLENGER,I,2984,796,668,True,False,False,False
QwVPL9FKbX7RyTh6N7qV6GLZj04Q5AcW6OibWVX4Nxm3HOCD9SUTvE5nwfzRMXJYOibosoyGZEaeVQ,CHALLENGER,I,2977,493,392,True,False,False,False
LvFjLzJpA7wVVzThRjjHNLV-6xU_v7GvGQwiym2pBL2yIEu7LPyht6nNQ9sy-KgRy_6YKdiL5xpzJw,CHALLENGER,I,2973,532,417,True,False,False,False
IM6wbX0_vX2tjv01DuWFdixMQOeHisGNPg52si8WAKex92NOUV9k8dgRKTMy-zOyu94_J7jAoznLKg,CHALLENGER,I,2970,546,415,True,False,False,False
hJX20sTSCA6BLfTUcixlMhr6OS1qS_3p5IUeyK6ZKJvDZ9yHlhwPgIcxZkpPpFBKwXdgVfw4oKmTuA,CHALLENGER,I,2967,405,332,True,False,False,False
wOsXZZCpcB5y4NVnUxStnrfB2iFfNyXomRyb6KQLWgQCyWU_5T--UlHXOmh0r2HVyXwSA7oYeueihg,CHALLENGER,I,2945,424,271,False,False,False,False
67GqHUdAs7CTOH537p9zGT337_nQ0O4uzDDB-KY0gDFcmtS5U1pV0ggdKWqEk4_m5vg6CT1IfhKyOQ,CHALLENGER,I,2939,474,261,True,False,False,False
MAw8tRc0kXgdt1jShJcduA8pSaOjxKHxeAEgFWlDqjSzgMSOaisQ9Z_X4wY9OfaaYaRZy5bUUsqf6g,CHALLENGER,I,2938,265,210,False,False,False,False
6AhP9waOZCCJvc-7y04GUD05dAnXJmtGW3kbU5hzhPQtx4UqP2f_amNda_svbUtOOs6Cc_he1WbOnA,CHALLENGER,I,2920,599,506,True,False,False,True
Qa7C3aGnMFbiGIG5II3GQFHDHVxE-YgXuQqMSQBlbn5GrHfwWJgGXu1e31uPQhqzFGI8SvRH_x27mQ,CHALLENGER,I,2914,546,385,True,False,False,False
1af6BpPn8HQnmEXP_3Guv09gTzAQoHrVtjmwvMhVNOZNQ1A7yp0W1TTnUhvXwNAhN2TU95e6H3bBFA,CHALLENGER,I,2911,818,677,True,False,False,False
c-sKzaQTyBiNHr9j-4x4UM7kjYFzjmlvasBQb5ygkZjz3RFA__-HUED4QYx2cJkCta2Zr5dSeYFPEA,CHALLENGER,I,2910,476,397,True,False,False,False
0774OHY3vknBhzHeRT1-9t2qLkxQfGHAyzSrJiqIUpOycfdybcLdCmg6Mod-xhByBA0TxoyWkNm5EA,CHALLENGER,I,2910,360,285,True,False,False,False
dWQqOCKwemYWruAQ8jxMJH_ypxVrVLIJv6tb9zR3gKTm-NNNQ3yUvOduy1XSYQBtswdaLX7cm3lmZQ,CHALLENGER,I,2903,563,442,True,False,False,True
781_L8cKEahMnJMx8rhaQtOQfF_alH4tpYduC8QgGWvddRjaOmJZhaH-cquHKQnxr9KS8whWIpMdTA,CHALLENGER,I,2895,569,453,True,False,False,False
EXX3uh7YCmj8kDH4s2dmU6VvW6RZrlzHSRzzCgE-XA-vvsOijUHcXWn5oyk-Ia-kwBljTZYzJgwt8g,CHALLENGER,I,2895,536,469,True,False,False,False
ze19Bd-kDZ5LzjUvIFpZLFDPr7qLq9WuNXrfd4W96KzI5a7ZYDgvYTbAvUULFs_qSBzTlYEHkfmFfA,CHALLENGER,I,2892,282,211,True,False,False,False
ilsRJVJECfks_UTu91b1z2OJoCor5jHp2vheRC1gizjoVtmOMRLQOfUDd_iaT3i8V2Wi4Tsf7xxa5Q,CHALLENGER,I,2884,654,494,True,False,False,False
NU5DfZr9F7HCJcZ9SP9y--HUkzyj8Xz51A4Y1AYT-h0wNF6PbWNEMtzMazZi99hotr7HK7xxVijZWg,CHALLENGER,I,2873,556,443,True,False,False,False
bc7-yMlh9wbI-E5z_i3-dABaDbe8fo7Q9x9iB0T9jTnZOansZz2koRZAHUrqx43sBOMk2ukwfSLQPA,CHALLENGER,I,2869,523,344,True,False,False,False
CWs0zA29c949OgIvsVelRRYo2kKMvXCzHNxsbpH9vtIECiAT-ec2muurD6l6IW4iKmJHMVVhzoEE0w,CHALLENGER,I,2864,441,316,True,False,False,True
QL5nxXeIm9bX1sD5vxohukmjnlH3AgmBRdYavUoo7-25WeAfnft14pcGbCCCjzNCUYxsBOKizNn2Pw,CHALLENGER,I,2844,948,849,True,False,False,False
LDCsZX32adHonqMKV6bho_qXPJi2mK6Sb-2IXJCk-TfKTzrUWi2jm0Dn4OvuTOLbU5lHYpAuOvzxoQ,CHALLENGER,I,2843,358,282,True,False,False,False
Jpea8x9bij1gMyiKFhe3dhliZPEa0ul2tU_sQcyn2bu3PqvxmRabn6NTmCk-UnsNiyo0k9_I-nQW4A,CHALLENGER,I,2837,493,418,True,False,False,False
fRGWNE4WqYcvXNnynPGqyLjGHVnF4hkgr4b_HD-AbKmfGopv-1oD1vJoStjlUTLWMxtnrJX5Pqtn5A,CHALLENGER,I,2817,828,764,True,False,False,True
jufS-5eiByJRiP1ZV70Ku5I35YoDO4pri2vXQDdGysDCQMN6EMOd7MAIC6VazwF6R9mLyLLBumhWDA,CHALLENGER,I,2817,309,250,True,False,False,False
Ks9jVJlNiBPHpjmQOQEAWGf5-oe6F09lRXGMjlRlsYR_7vcpsdISxVeER7OBLoSNJ0IlJ6J2iUAnyQ,CHALLENGER,I,2813,629,453,True,False,False,False
2__-Ka-P6ykulN_ZR6D6U7mUZ32O3l2bF51hrATubJbowVFgA0MfiXYfjGiXQ5Dr3xg1mC5PUBseMw,CHALLENGER,I,2810,676,473,True,False,False,True
oNVCNOGSEut2fc0TPZGv3qkzml32JN1YO-l_Wl6hG_NnbWaOjNdOr7jHPmpyXt24PufGkkqsUMFk9Q,CHALLENGER,I,2803,536,384,True,False,False,False
cBo-a5NLTc_g6v2-PVf7AsM0_arMZ5fggp7PbfkgByEii3yODdGIup6y_Rpq25HoHp_z_SLAUWhiIw,CHALLENGER,I,2799,210,140,False,False,False,False
1KQUcTGyywZSIrC04-HbwWuJt1SFq5lXiTaVkyqeHt46x701jFLSbrQTGp-lYxU5b1OKZIP8t9bmHw,CHALLENGER,I,2798,365,276,True,False,False,False
yNeN6aCWRHiwiLRx6srWyhYRyiSliM069A-BFNRveE4gtq_2Wm0f7ovNAxp5pGXfe12AAPvCrM296A,CHALLENGER,I,2797,499,317,False,False,False,False
sJg48AF6FniJn_PHW1PDwhwIXS2hu6ROkU8gjoYTzgeY8droxjqx2DbjBukDlHs0Bcx_6vEOvJPDzQ,CHALLENGER,I,2796,478,332,True,False,False,False
7_-b_Zcx4Lm_aZ8bfWc42LAy_R2E1F7UQGmkMO-Xhf97C3r-D77v5ECaQVVVgkjVFKE9hB_8Ao6qkA,CHALLENGER,I,2794,617,522,True,False,False,True
vmBd61HfzH-7pIMojKEkch7OJdGc5VSxWyYjfIMHx0COIemj5srt40A1gcH6ZWCdM6A7h2X-RH5qXQ,CHALLENGER,I,2794,534,375,True,False,False,False
rVoZ5QH2iiI-fW2lFf0e0fEhZSXOal7QDXIFYHkk_1EG_h0KXzXxI1c-qjBuR3c-kTEJuvkukJzhpg,CHALLENGER,I,2792,488,347,True,False,False,False
b7mDn-UZnHV-hfYzI-pFrNJzRplYGeeacLV2oC31CogM2SKsFDud7rvfAjG5oiyWRrN2VvC9BFAIIA,CHALLENGER,I,2788,539,445,False,False,False,True
aBvcQooWsxBfVw7HOfp2MVbl0-zq173t7IqydQp1lTdkCzUlzINRhKnd4y3zhDibwk1P6Tlf_lJFvA,CHALLENGER,I,2781,531,442,True,False,False,True
5ScL8aqWFqufQtPLqR5T23yKjLfO898MZjE9IiuZiA-CCAR9LvA8DlZFavE8-jZyKzmZ8lCk_vNQMA,CHALLENGER,I,2774,613,479,True,False,False,False
VQnylQxmwoae4NCuV84i3sWEZXzFCLukdeNkdJJitagcevAN5r5cJlTP3DTUMw3VAOdgLF25Yi8xZw,CHALLENGER,I,2774,411,323,True,False,False,False
C04kcOcE_zpRZ3FccaSLkUGoqUqNgUBCK67HMCJ4ULcoXsK8nX71LuFDoyHVH8lKOou1wpR-5l5Blw,CHALLENGER,I,2773,352,251,False,False,False,True
EvKLF9b7q57FLnFvpbSNhPyS4umFnB4ra6qIezvPemiPK4W6KvV4-PXc9w4u70WdXGHs-feTMBW1DQ,CHALLENGER,I,2761,377,246,False,False,False,False
h5skU2xdHNSnPAtUSExZCJnYTEqjckiZbAZEuCJhmvFunM8HuydujfTHD-T717X6LdxoU7sf_IP5Eg,CHALLENGER,I,2755,465,361,False,False,False,False
BtlhL99TQzj1zFoOPkkw8b7Wfbxu8AAGqLA71jBE2kKLpQTOFKw800UPHH76-Akt3ICIUrE3MPy8gA,CHALLENGER,I,2747,586,483,True,False,False,False
523Qv6akmzxAvCQLdDD1hx57m74zcXcsz2f4hUACi9zey3UoV2alu9GZ2zxIjGxDQK7t4WYf6Ocouw,CHALLENGER,I,2742,795,615,False,False,False,False
tFstevwW5aWcMniywFiEmcXQFdrlRQbuKib2mh79IsofFiO3jwS1IgDlD8bZQdKeJ0ibQIKZzgljrg,CHALLENGER,I,2740,481,328,True,False,False,False
iq2_yVScxs4j7aBg-66Wia20K0cpn7QJnXRtt2sAZLYrQAF9aWq1BfF1tmml2ZevUXHXv1vraWKD6w,CHALLENGER,I,2734,542,398,True,False,False,False
YOxRcY-kfq9l-U17oH9_UScEqyTnId2D1JNsOK1UiQEnKMB8BPghGiXeeF0GIQ7XHNYsxeEotDZoSA,CHALLENGER,I,2723,168,91,False,False,False,False
0HZ19KY9T8xcJSvqelZ1DZps2bt2idzpMksSv4K79HqLjRVMSdnOHQbZBbV896NR3TzKiIRjF1OgIg,CHALLENGER,I,2721,596,404,True,False,False,True
i7GW1uTfOHrjf33Gp6SVPIDjyq3tFp8CLDo2sW5pxnvb2PKWm5nS2aJwpJi5PJNkf94Fh-E4QUuATQ,CHALLENGER,I,2719,609,496,True,False,False,False
w6qVxn4crfQYXq3hhRiAuJbN7iR1Pv1PmwFnFt_SIVFNP-uQ0NFGJ5nfO-sdEECWPYXf6TUbObxxWQ,CHALLENGER,I,2714,525,379,True,False,False,False
D-Aoi21_jh4x1B2U0zVqmEVLGsL_sMHQfmpdHOkqUM3-v8uTY0Zlty4W1MO81UCG1qmoDacwIc4bjg,CHALLENGER,I,2713,495,392,True,False,False,False
JKLRWyiQREFQz_LnV8Tpl6iz4rx4vL2BMuccNVuqeQCfloObXXnC9uDskZBt43SK4JmfB1yMCwINdw,CHALLENGER,I,2711,506,427,True,False,False,False
j2YkqvYB7ZrurybZdFkkAB3JkxoygkJGBcifuB6uVkCdzCpMa_FzBKD9i8HrBTTZPdOsWJ7MYQGJEQ,CHALLENGER,I,2701,728,603,True,False,False,False
qclR20XAu0LoMrxvvTagrAgXnqlQOTqR4kHIlO6XzPdht1FZ21Ec2DgdmTiw08Hzp2hCWYOo7AjOUQ,CHALLENGER,I,2694,756,647,False,False,False,False
KhTVRHyRz8fRwzFIKGKGeH8hkYtbsiycxjSwmX2vCzmjfMxPJ5qsVGEvlMV-KdryMGoHn26x9k1Fxg,CHALLENGER,I,2692,469,350,False,False,False,False
p8k7hZD_MbTMVZpNkJ3noW6EnwOsc2MJjkRYvxaG-93jkcnXvPqNQhFZqzV0XliN_WZpmdnT4oGngw,CHALLENGER,I,2687,703,633,False,False,False,False
5oMlenjbag5BpPLIq5DBkzZCSI_f4awhEw-SZqIm7mltrTMWdiEicQUu-21Vyqsn7M3ntykZo2i_Dg,CHALLENGER,I,2687,565,449,False,False,False,False
RBlr5hhtTygV1kYH8LDnfgjs6nX_ueeauZbz3jrScztEVjnzpvy0K1yNZSu5-ZWNbl04fm3p4FVDPg,CHALLENGER,I,2678,295,201,False,False,False,False
zChkK-P9ijHQA0gZKXo7lfiO6oZ3z5hfcA6lqqbiR92Z0ZhKD8b5u1XKUq848nHumgMx415J6QHX6g,CHALLENGER,I,2675,307,229,True,False,False,False
VslQGmWnSgu4KseXNBWNng9LnfRzS40GaUmOy2pyySCxoSjHcnI8WC5gRzSS8daR2JAnFbfiuqDNJw,CHALLENGER,I,2671,808,780,True,False,False,False
vAEBlIgk2xKI-ry5w9ElOsapEb8JKsBeN2ejIS0d1yShje5ty64bmY2tu1CxFXAtJUxCuWFKUd7M5w,CHALLENGER,I,2669,515,405,False,False,False,False
7UzAO3aq43QaDcqERF1h0btxDKk2H3ca0LGOJvMA1eRKGK-R_4rbstKJ4BP5JwJMHu3OoArRWCcpXQ,CHALLENGER,I,2668,450,366,False,False,False,True
961DD4jcrVvyYabGQm6pfgB0YYxXizonC97AYHjVma5Pj5XMOBbAqoUTBv-Tv5mWE3stB8kGQM7ZUw,CHALLENGER,I,2662,289,215,False,False,False,False
j0vtKeipV_mUyQmlVB_1kP0ccCbB2dviRGxBFwoBVuMo_4mN-UILI6egfSvcgWKZqIuJNpKQ6cbWGw,CHALLENGER,I,2661,336,243,True,False,False,True
7tC0IDnZF14HCoYYZ0sgZ2jYamb7WZ5CkUXCGDct8VRThwJl6c3mThcWkXrh3ZS1e5heTyi_uXafBg,CHALLENGER,I,2656,235,171,False,False,False,False
wvFyzPbZ_XaYnDH5DLbn9AdHgpa4o3w72_sJyS2HnMtOzAlcU-Wo_kXB5Nn6j8DxzjY9jPCz620ilw,CHALLENGER,I,2654,818,748,True,False,False,False
UGXYU819Zvd29drhbbiGCASdVV_Wj02IIfv3Y3ed5pYHhf6LFNMMeUAiwugy-jQqO4lgu6CSg8qqHw,CHALLENGER,I,2654,503,401,False,False,False,False
nrBbxwyZ6-Im9ESDrzENDnncX_Py3y7_11gAqyhSDbzZ2fYejWuAeKNbfJ2M-_-CEqZOFd-WvuSRiA,CHALLENGER,I,2654,416,294,True,False,False,False
vfYSIS7UuQ9Var9dsm-fpIoeeqeHYa0a6GClDj94ZHkMOGmcXxxAyFM6c5DLneoAk0Rb_YED0UUsTg,CHALLENGER,I,2653,907,802,True,False,False,False
gQld_SUpIzh0yyb0zklqHb6PLgj4-bv6UpzSeHxVq9bGAAfHjU0ZK9QEWN38p5iZK98DFH-9-yyndw,CHALLENGER,I,2651,533,411,True,False,False,False
RrkCXJDrldTVMFHlsHp4VT1btIQpE3HFiGiDG8EJVvzbN1TGKwSoZoFGsB1DBBIuAK-_sg0-bdeZtw,CHALLENGER,I,2649,457,388,True,False,False,False
rz2TB3zB6jAVedxzjAMYBeK85v_8UudWYxWLpisFcqt0TeTV2E3RvzRH0HmJGRc08ahTBU3GaK-dqw,CHALLENGER,I,2645,377,281,False,False,False,True
vbfVvxDcUDB8neihhWo5EFqkQg7W02VW1U7KeNFdGgX3qdSvq46G3kwRXs-R5cfsbjhluvKLk4oVhA,CHALLENGER,I,2640,677,598,False,False,True,False
II-u0EQEg_0VQ11F1y8mcG6tUuwvG6_peJ4jWaogCV3ViiA4myfQyBWug8GNfp2Mct0_Qvz8vGd5CA,CHALLENGER,I,2638,548,446,True,False,False,False
2JyxwC3sYG5prE52wLFPWHFyPAM-YnqGrAl7xcSts_vFbUTvupPtrKPeL0prdiKsgGX5Ofkak8k4EQ,CHALLENGER,I,2637,632,547,False,False,False,True
pUbacpTwqb09WPXXTobRr_jSuX8vU-hBcna9ResEZwOXAJvPvxYepk1RqgHCE7RX2nUnZ5K3gx8-FA,CHALLENGER,I,2633,366,258,False,False,False,False
TBtf22RTtNANtM52_d5hHf1-YeKOdCzonh0FKQg5VtyDI5RANJKGfhBabSDYeDhgQHf-vmaWu4kwTw,CHALLENGER,I,2623,634,540,True,False,False,False
nv2QIGhIONeC4jEVirzknCn9ih2_3szN2XZrxWOsRPxH0N80-p_TpkiqIwgkVcBSBzhKPk7fuwaHYg,CHALLENGER,I,2623,470,371,True,False,False,False
qrUQ8oosc2bWl1xTCO8Z0JRjdKNCqYgmn15HCejgIUSMNjzqPsP9g1pYX1oJ52NVpbJHja54fkPOnw,CHALLENGER,I,2622,618,549,True,False,False,False
lW-9W6cUnAkOVxdomvpbs6ImqjbMl7zZHLA443abA5RUW-RgA_MpCN_hURoc1ek6MQqDyFlh7d0ffw,CHALLENGER,I,2616,748,670,True,False,False,False
-d40JK8eoiIriZCGG9Z6YUOQ27Yv10_4LEWZdrSJBbUhOPWvi3GyJb3vHpqRAI2xzgvCpjN75FUzMg,CHALLENGER,I,2616,635,546,True,False,False,False
ugyx6AiIRGRLV_Jac_AKZsBo4XlV4ifF8mjPY7AMIj8NWtuV3dyClJdxv3fhNveJkoYHv7K2AlYpNw,CHALLENGER,I,2614,608,474,True,False,False,False
wzl9a3YZH4vqnKg9g2czuKPm5rsbyViCdzijbsMeqhioMm4cRvO3HaQdXMG3Zj9Fw0Um8-a9P92VjA,CHALLENGER,I,2613,705,620,True,False,False,False
BnFRX0BMNZzcvDuqWsTB75xi7DXIXsDuuxR_U9SK9O2MTBbOS2_j5mdqZ6MRuTqrhJAYtoXheH94Ww,CHALLENGER,I,2613,546,383,False,False,False,False
9-H5XFApSrF7p1Gsjg-8SZjuffLK_txUJQGgvZvSpD7IWJ4ZYrGukqGBNhd7RGzb6foMfFChbZq7hw,CHALLENGER,I,2610,396,313,True,False,False,False
IleILf9kSDUQiHCDJtXErMfmjphJ2I6fm-R1ZHpA0gx6jTJ_TY3rFcsOYoCC2aUWoTMEiobmF2eDdQ,CHALLENGER,I,2608,580,441,True,False,False,False
LW8R6DrxyeHLRwAd-Xq5I2ySiNnJa8uWTZbkVedrNYfET6uI_QHXUjrO85iCizSHdsbLM_kknWWKPA,CHALLENGER,I,2608,440,315,True,False,False,False
2l3UsjkzkMYNXVhCiJDS228t8fXrdFIW4zZbdLHgubk-1fvUTRlE2iIb7xkAr0n9Ox149Dv8J_lG2A,CHALLENGER,I,2606,634,512,True,False,False,False
Pi48RptFruTBG0DDnWf8WAyj_p-EofN9w7PQr6LLBegmll5uscDop7Rcmpvknhap7qYxqujMmXnZTw,CHALLENGER,I,2606,415,327,False,False,False,True
fbG508hKywUWRfCZrMtzDQqZLDnFjAVgAtafViPXT_D5e8CXhZAzw12g4QNwtPA64tLdsUV4JTfsGg,CHALLENGER,I,2606,318,244,True,False,False,False
faj95Zbmb7jh_pzJ01bZSLNtsPd260L-rwJ9lndXTp6KPsZ5ZK2ITvYfysjeNEwrqj-G1inAINPULA,CHALLENGER,I,2602,682,581,True,False,False,False
cYahBoNhbCuuAgJGi9zDj5varnIMeMtbrnEkJ0p4rVJp_MvSAIBK_RF9YGl2X3zJirr0IyfKG1KgfA,CHALLENGER,I,2601,1647,1546,False,False,True,True
3wgiBVPWmjc-C77TdK3Z-Rdz-FX6XwbcogrHD8idp2iBXYwFEhWfKI41aiNfoTHx6iLAfpbZ4plEUA,CHALLENGER,I,2599,748,690,True,False,False,False
vpgr06t0gq42W10Rze18UtHfvomqfWJYbbAQO3SrPpuI6-OofnwkWTsLohuClcinZVYFDliKQYglbg,CHALLENGER,I,2598,332,234,True,False,False,False
I9wCWYast5VHfSrZ3oLFPHQQ6t3msVjNLZmcBUYOI9xsiPx10IveXu0DWjD3aPBneL3aWebHMdugVA,CHALLENGER,I,2598,216,128,False,False,False,False
qqVt-lVEI9y-dUmZb5lWT12TX-qShK8HMBnRCj8enBedXUlJXGZ3b2i_K3aEStMndHfVz1Za5YNr-Q,CHALLENGER,I,2593,370,301,True,False,False,False
V2BrDaPlP2lyG9GycaqltkHppRSilnM56qxizrF0lbxedXLejNCKas_oJI9GNcffmhFtGMTLxkggxA,CHALLENGER,I,2585,593,474,False,False,False,False
LMeT7YBCq5hZm7WdMZWOVAzk4tsV45fvUzx2qcA91UCQtjOkbOni12p7DDfaip7vIj3Nb8Q26HZbRw,CHALLENGER,I,2578,397,294,False,False,False,False
T9im_FFYanG6gzPd1zyaAkZ1yy9etBidTcNnFRncTNrCxGWytRE2K6tAOyeeWE8sdNCnY1tiiB0_mA,CHALLENGER,I,2570,817,658,True,False,False,False
fzEH0wY6TU6Hgg6IC5LPrcIAp0jj3bnJg0rGbWOh1M5eNiblHGvoGrRnKaOqlRbDdx5Y20CvWCSaRA,CHALLENGER,I,2570,502,392,True,False,False,True
ZGmAN_W736ZibUiqynpWhmmwdlp2nil98RNZML154b_Muk4U0N8A-Ve4_NL-YKRaaJq9tQ7sz0cuTg,CHALLENGER,I,2569,603,463,True,False,False,False
RLnVvJmq_hdiDP2cJAjEYEsVQrbHx0RfRAH9FZGhpCA0zW7wdXwV0ci2cLcc62x0acyEegrpdXx3vQ,CHALLENGER,I,2565,458,384,True,False,False,False
efgNodHv3bXsMNkVijpOf48xyIIpp9m5PkVUw7evEi_kGHpIWX-4CuhcEAeKDKLrLSgPgc80fmbGcA,CHALLENGER,I,2561,651,577,True,False,False,False
XDaVwRykQ2jXszp1kTbjtN76KeUbh5ForslZzsq_V3k8Xsv3JE3XcpaSbBkeQWOvxFw6jgIbdqXahw,CHALLENGER,I,2556,297,218,False,False,False,False
1ozt_qWzhNIiSvScAMklB-Do0FywBI1T69jEZY2r4bF8GeEfT2O6rgUhxM0CP2rd13IrL0bhFo-GQg,CHALLENGER,I,2554,377,251,True,False,False,False
hnwdiKfRV-CBdoKCHsYOQgnMo6hAM_kywz-KHhTboZ4PVUm63AiJ06ZkRbtVdmYpAJOQh2sYzwhPOw,CHALLENGER,I,2553,552,454,False,False,False,False
jKbcl6O5v_Vvqj5lIoRUL-2oBVqm-sc34Vz3QJS6qqv3rUCI3bV-coi_EMBy7XGfgMY2ZWd2-GqblA,CHALLENGER,I,2551,698,610,False,False,False,False
njBkerJ5QHKUEYbmErYiBFw189haTEhghQuVp2jrp7w7OjLcB-we0u6mWor4nHJdkAKuIw1TZe6p4Q,CHALLENGER,I,2547,721,615,False,False,True,False
-3JNNMmqpn7DbTEin8A5yej8cDEn1653m6qPJpqXFjJE-dlSd_nbLQwy7A1TKGa543ayQr0zg9sDqg,CHALLENGER,I,2546,401,299,False,False,True,False
liHANoGeqb_55v5IvjBKLjwpp9SBAhe5V98A06TtlKyw42ZFiQaNqGWFK47zZ23yCgjzd-5fr57Xzg,CHALLENGER,I,2546,388,291,False,False,False,False
YMaFUrrALQ0XahYsykBUZ68tfp_iSU-l3uWYW0uSxOQRqv5VZOqDOoJZPjCpZGFPEF2L0UajKwn9HQ,CHALLENGER,I,2540,593,515,True,False,False,False
OL3WnMlutldDhfGVR4Ii_3jsa7MMtff41d9YZYHtElL6kWWcuzIdipSKHPaergpsCrMNEjI4Lp_j-w,CHALLENGER,I,2535,242,169,False,False,False,True
UNMiiRq0C3pNkqUH-faGpwGXB9WK1Rd_jThrWHBJuWcbjtfwYo92l_-u7_8AhG8htoPJImR109QSCg,CHALLENGER,I,2532,410,288,False,False,False,False
7MiaUPlNUOLss4yAv6NuXzcDVlu4Px3M3ZCNKJ-dhl3pnlVSWh8mqzcF2PQZxQGhsHxT9HAR7u2P2Q,CHALLENGER,I,2531,600,505,False,False,False,False
m49xwZjpahrPjLymgqBOC3Asw8TJxPHPfLAKWxUzMcJvqldhY70Fh0syJ53ZNrM6_4n4vuQJ7zTs2Q,CHALLENGER,I,2530,321,248,False,False,False,False
avwiGbxSecV1L6sa49im5aJiZqc6DJOIMH0fZMAbXThCddKBa9XDNuWoUQ5TlPsizWu691UtrkKNtg,CHALLENGER,I,2529,780,666,True,False,False,True
xFIs6UoG0H6E3w6T2u7JKi407WEjRKgeZmEBKlnEecoJXP1S22kIitRrNJs7_iLaTLjYjiQioXwJUw,CHALLENGER,I,2529,608,531,False,False,False,True
4kYXsppleoO9yIVw1ZnK35IZTZOsxTAouRkA1HETsYLP1UKGOD5HZzjQ8tSnqiW30_bNpMHi9UKsIQ,CHALLENGER,I,2527,594,527,True,False,False,False
QsnFVDE-2Jhcc3hqJGslCZwXIAQW7R6qHRudFC0DaM507DZC-cCclrvxWy29R9TrdwYyYjQ8gK1fbg,CHALLENGER,I,2522,349,267,True,False,False,False
XxKJcZxLNtDU1YMCak0iXcQd7-09R3qebc75NVVaCRB8ZFEPTTXnI_CTECvHn9aqMhpfjkGLNyXxGg,CHALLENGER,I,2519,480,360,False,False,True,True
x9PNTKUU8AXUSYEKSAOG4Kd_IecvXvCYNIiiuCxwUYpeJRmsbGulNQJiTIzujoB3Kx3nGTZI_3qTUw,CHALLENGER,I,2518,433,373,False,False,False,False
zo-1p89vs8MMXa_WiEll-h6CcsFc84zUuTYF5FA8oUMatiKhr_tw-OrLGtwVo5ov-pZxSYdmMUz8cw,CHALLENGER,I,2515,662,554,True,False,False,False
kZAvEAp7XgyPRU5JR7bldVRdWZaI5LtEXj5HEFa4I5p_HlSDYuOVyH4V2F_k1d5CV0K4jRyDhrlX6A,CHALLENGER,I,2515,214,124,False,False,False,False
2rwXDomeB-9XrI4lkDDXOZr1MLEkcks65ccATojT1fahEQ9pcA3KVM6FxGqq1T3st1LYwcj4DcQPUg,CHALLENGER,I,2515,131,59,False,False,True,False
ouSbuJzLpL_OZbhE0NvfMsbx4ml_Cx3mwaBCeD_EKf44zefegnifKvLQMOaDIb3VYHgpeJqJc-vU_A,CHALLENGER,I,2514,295,185,False,False,False,False
DtVf5cs6SjsWlNIkzhuhHND2nxfCD4bNBsYLq7e1sVMxbZjnh2lXa-nDeWYF8wCd9I6JxfX1juDiww,CHALLENGER,I,2512,294,231,True,False,False,False
Ltad_jfH8RuuQNAgfZUCJYJPwguC8-ZEHejyVw2yWTpS79pitDn_Ik5j8qlieF5QHV2Qj0EzoCIlyQ,CHALLENGER,I,2511,416,303,False,False,False,False
j1fk5FFsIsgJvBYVdq9QOps0ZveMgzm0Ene4oUpg14_jusplaLL5QY-yzbxEFfTlAdKdkzlFH7a1iw,CHALLENGER,I,2510,551,481,True,False,False,False
l_H6Qhpr--tisE9waZ0-f_ePI1PulHd9Kftllj5lvUkk7TCNaVm2tVXyOH_fPl_b1mh8Zl4qlp4lOA,CHALLENGER,I,2509,502,338,False,False,False,False
cvjuIgR_7L3wx64qU55EaCHtZ8nERXTh2dm1vXkG7sM9Wod2dlhS1VqUf8ymTZRR1VaDQGFSIEYEKw,CHALLENGER,I,2504,520,459,True,False,False,False
iETyUsu5zUg9FxJejPZ4zjGTRIxEeFzSuaObFHkC3agD_IHDeZnRuK3bMmY4SrsrZogzsryG6vE0BA,CHALLENGER,I,2503,465,396,False,False,False,False
BNsVCXB3W5u9dTqcaDlvq4t6Jg6eYipZzA-excc-7l1Q8jwSxX-k-tPg_mIz8iWDbu9GGBNXRD0KuQ,CHALLENGER,I,2502,730,660,False,False,False,True
UoAd1hhnLWBCYT6lmIz2C0thW23-SLTGhXmVP1UgZwhneCeGNDz056PzNofJbPtHp1Nf3cjv5Xc19A,CHALLENGER,I,2499,427,300,False,False,False,False
BG_FP0KV74AUSP3N5mEu-dZwryyQhyBEXX8V2XBINNuHC1skP00D3hhdOW03geZ8tS_z2XT8yDb_Mw,CHALLENGER,I,2498,720,630,True,False,False,False
64gnXj_nfjze2v9sXa81CiIOnd-upxUWI6FYH-nJt9g3MXDqlxueWZHM4WP0LiCrIfVYqNLaQTVdmQ,CHALLENGER,I,2496,1053,997,True,False,False,False
7hguo4UlqIEIFcxOeRs6jurL60So2WgcJVgSibqTYUXHokv1WW9lPc51vnegLeU8aFtLp4VXO8Gpyw,CHALLENGER,I,2494,438,277,False,False,False,False
jx1k3AxlI20kbbYc2oGMDDPuGhOg-HD8nY0zY0eXFS69UBOLsfBZF1Y5zcGVjJgbvqMQZFEJ5HuJBg,CHALLENGER,I,2493,1481,1387,False,False,False,False
jbtvDdC8GvKvqdo86YH1cIJhp2GBi412WaNkg4Se58J_izc7IHX67Dxw9gAk-34HbR0ebTlkqAWTZg,CHALLENGER,I,2493,214,150,False,False,False,False
XA_L8PaYHbqgqQ6yGI_mnNFg5Gh__MVpqAhAq0F3o74UPwIzFtctyBVeVm8iARPtGHQUhDxRHKV2Kw,CHALLENGER,I,2492,632,454,True,False,False,False
2qAMqy_fvlHjnPLE38WGTCypy5ZnqKHXqKE3B9hZW6o-7FL5xOTue388vZ0Wl4N63ApZsz5NWcTTgw,CHALLENGER,I,2492,408,345,False,False,True,False
uNSrylz_AkDQZELw5QHrqkn5i289NTEFs6_tnrh4iQjWTW3A-rTkw6Rs_tEjLsjlb6b-gAC7CLM4oA,CHALLENGER,I,2489,623,535,False,False,False,False
5bEtzRPSkZ83jlKQvpLjeyKS2_bjkLTmPwIdiNWXJtIpMCL-lKygL6EjFmfjm3nRB4HEIeK6a_RgwA,CHALLENGER,I,2487,254,189,False,False,False,False
lYT3jRyQgNlkS5I2IMFCLjPi60eze3jLFPkkO0ts22orDgG5gZ-c9J7F0TcL1_XsnbSmZ7rJjV-fXg,CHALLENGER,I,2484,487,394,False,False,False,False
cGGWOF9W0uB5p7TleiXm8k1hs2PRGgwi18_5zt8MY545FqPsb30qZ4LtJIhfNUPEoAekDuIW6DUZZg,CHALLENGER,I,2479,290,210,False,False,False,False
vgaeSyVg5-XoLBBk0S8ND4G1SeO4ogfYX00eLpqLhTlrrblCol-ZVqfoJBwnzm1ohGVkj2NoSncgpw,CHALLENGER,I,2474,478,376,True,False,False,False
KiaZ-j8Zd1n9iT2pjr23gEE48Eu09nOrPn3OiKtLflsWcJsp0I-GxvIT9-uN_LKzw0wAe3vdgx1qzA,CHALLENGER,I,2472,170,105,False,False,False,False
Rtmvtl_xuqTlhK73Rk1eVE09_JWHuXhtx1zUEoqglEDzH-9Na9JFUpF-74cbBeW5gM7Fm_iLE_9i5g,CHALLENGER,I,2470,305,228,True,False,False,False
T2T3mOQg1r_qwIBpYW9GsgK5xcFSJoHEDoH0zD_FWL2eyeqCKadfB2mjgoP2UDXKjvxuZtKMkBukMw,CHALLENGER,I,2469,543,383,False,False,False,False
